Raw Product String,Parsed_Fabric,Parsed_Body,Parsed_Color,Parsed_Size
Cooper Butter Suede Juniper - Juniper / S,Butter Suede,Cooper,Juniper,S
Cooper Butter Suede Espresso,Butter Suede,Cooper,Espresso,Unknown
Cooper Butter Suede Noir - Suede Noir / XXL,Butter Suede,Cooper,Noir,XXL
Cooper Butter Suede Noir,Butter Suede,Cooper,Noir,Unknown
Cooper Butter Suede Espresso - Suede Espresso / M,Butter Suede,Cooper,Espresso,M
Cooper Butter Suede Espresso - Suede Espresso / XL,Butter Suede,Cooper,Espresso,XL
Cooper Butter Suede Noir - Suede Noir / S,Butter Suede,Cooper,Noir,S
Cooper Butter Suede Noir - Suede Noir / L,Butter Suede,Cooper,Noir,L
Cooper Butter Suede Juniper - Juniper / M,Butter Suede,Cooper,Juniper,M
Cooper Butter Suede Juniper - Juniper / XXL,Butter Suede,Cooper,Juniper,XXL
Cooper Butter Suede Juniper,Butter Suede,Cooper,Juniper,Unknown
Cooper Butter Suede Noir - Suede Noir / M,Butter Suede,Cooper,Noir,M
Cooper Butter Suede Espresso - Suede Espresso / XXL,Butter Suede,Cooper,Espresso,XXL
Cooper Butter Suede Espresso - Suede Espresso / S,Butter Suede,Cooper,Espresso,S
Cooper Butter Suede Espresso - Suede Espresso / L,Butter Suede,Cooper,Espresso,L
Dean Butter Suede Noir - Suede Noir / M,Butter Suede,Dean,Noir,M
Dean Butter Suede Noir - Suede Noir / L,Butter Suede,Dean,Noir,L
Dean Butter Suede Steel - Steel / L,Butter Suede,Dean,Steel,L
Dean Butter Suede Khaki,Butter Suede,Dean,Khaki,Unknown
Dean Butter Suede Khaki - Khaki / XXL,Butter Suede,Dean,Khaki,XXL
Dean Butter Suede Noir,Butter Suede,Dean,Noir,Unknown
Dean Butter Suede Khaki - Khaki / S,Butter Suede,Dean,Khaki,S
Dean Butter Suede Noir - Suede Noir / XXL,Butter Suede,Dean,Noir,XXL
Dean Butter Suede Noir - Suede Noir / S,Butter Suede,Dean,Noir,S
Dean Butter Suede Steel - Steel / XXL,Butter Suede,Dean,Steel,XXL
Dean Butter Suede Noir - Suede Noir / XL,Butter Suede,Dean,Noir,XL
Dean Butter Suede Steel - Steel / M,Butter Suede,Dean,Steel,M
Dean Butter Suede Khaki - Khaki / L,Butter Suede,Dean,Khaki,L
Dean Butter Suede Steel - Steel / XL,Butter Suede,Dean,Steel,XL
Dean Butter Suede Khaki - Khaki / XL,Butter Suede,Dean,Khaki,XL
Dean Butter Suede Khaki - Khaki / M,Butter Suede,Dean,Khaki,M
Eastwood Butter Suede Khaki - Khaki / M,Butter Suede,Eastwood,Khaki,M
Eastwood Butter Suede Navy - Navy / M,Butter Suede,Eastwood,Navy,M
Eastwood Butter Suede Vintage Blanc - Suede Vintage Blanc / XL,Butter Suede,Eastwood,Vintage Blanc,XL
Eastwood Butter Suede Navy - Navy / L,Butter Suede,Eastwood,Navy,L
Eastwood Butter Suede Steel,Butter Suede,Eastwood,Steel,Unknown
Eastwood Butter Suede Vintage Blanc - Suede Vintage Blanc / XXL,Butter Suede,Eastwood,Vintage Blanc,XXL
Eastwood Butter Suede Steel - Steel / S,Butter Suede,Eastwood,Steel,S
Eastwood Butter Suede Navy,Butter Suede,Eastwood,Navy,Unknown
Eastwood Butter Suede Steel - Steel / L,Butter Suede,Eastwood,Steel,L
Eastwood Butter Suede Vintage Blanc,Butter Suede,Eastwood,Vintage Blanc,Unknown
Eastwood Butter Suede Navy - Navy / XXL,Butter Suede,Eastwood,Navy,XXL
Eastwood Butter Suede Navy - Navy / XL,Butter Suede,Eastwood,Navy,XL
Eastwood Butter Suede Noir - Noir Suede / M,Butter Suede,Eastwood,Noir,M
Eastwood Butter Suede Steel - Steel / M,Butter Suede,Eastwood,Steel,M
Eastwood Butter Suede Navy - Navy / S,Butter Suede,Eastwood,Navy,S
Eastwood Butter Suede Steel Blue - Steel Blue / M,Butter Suede,Eastwood,Steel Blue,M
Eastwood Butter Suede Steel Blue,Butter Suede,Eastwood,Steel Blue,Unknown
Eastwood Butter Suede Vintage Blanc - Suede Vintage Blanc / L,Butter Suede,Eastwood,Vintage Blanc,L
Eastwood Butter Suede Noir - Noir Suede / XL,Butter Suede,Eastwood,Noir,XL
Eastwood Butter Suede Steel - Steel / XXL,Butter Suede,Eastwood,Steel,XXL
Eastwood Butter Suede Steel Blue - Steel Blue / S,Butter Suede,Eastwood,Steel Blue,S
Eastwood Butter Suede Steel Blue - Steel Blue / XL,Butter Suede,Eastwood,Steel Blue,XL
Eastwood Butter Suede Steel Blue - Steel Blue / L,Butter Suede,Eastwood,Steel Blue,L
Eastwood Butter Suede Vintage Blanc - Suede Vintage Blanc / M,Butter Suede,Eastwood,Vintage Blanc,M
Maverick Butter Suede Taupe - Suede Taupe / XXL,Butter Suede,Maverick,Taupe,XXL
Maverick Butter Suede Noir - Suede Noir / XL,Butter Suede,Maverick,Noir,XL
Maverick Butter Suede Noir - Suede Noir / S,Butter Suede,Maverick,Noir,S
Maverick Butter Suede Cool Grey - Cool Grey / XXL,Butter Suede,Maverick,Cool Grey,XXL
Maverick Butter Suede Noir - Suede Noir / XXL,Butter Suede,Maverick,Noir,XXL
Maverick Butter Suede Noir - Suede Noir / L,Butter Suede,Maverick,Noir,L
Maverick Butter Suede Cool Grey,Butter Suede,Maverick,Cool Grey,Unknown
Maverick Butter Suede Cool Grey - Cool Grey / M,Butter Suede,Maverick,Cool Grey,M
Maverick Butter Suede Taupe,Butter Suede,Maverick,Taupe,Unknown
Maverick Butter Suede Taupe - Suede Taupe / S,Butter Suede,Maverick,Taupe,S
Maverick Butter Suede Cool Grey - Cool Grey / L,Butter Suede,Maverick,Cool Grey,L
Maverick Butter Suede Taupe - Suede Taupe / XL,Butter Suede,Maverick,Taupe,XL
Maverick Butter Suede Noir - Suede Noir / M,Butter Suede,Maverick,Noir,M
Maverick Butter Suede Cool Grey - Cool Grey / S,Butter Suede,Maverick,Cool Grey,S
Maverick Butter Suede Noir,Butter Suede,Maverick,Noir,Unknown
Maverick Butter Suede Taupe - Suede Taupe / L,Butter Suede,Maverick,Taupe,L
Maverick Butter Suede Taupe - Suede Taupe / M,Butter Suede,Maverick,Taupe,M
Noah Butter Suede Ivory - Ivory / L,Butter Suede,Noah,Ivory,L
Noah Butter Suede Cool Grey - Cool Grey / L,Butter Suede,Noah,Cool Grey,L
Noah Butter Suede Cool Grey - Cool Grey / XL,Butter Suede,Noah,Cool Grey,XL
Noah Butter Suede Noir - Suede Noir / L,Butter Suede,Noah,Noir,L
Noah Butter Suede Cool Grey - Cool Grey / M,Butter Suede,Noah,Cool Grey,M
Noah Butter Suede Cool Grey,Butter Suede,Noah,Cool Grey,Unknown
Noah Butter Suede Ivory - Ivory / XL,Butter Suede,Noah,Ivory,XL
Noah Butter Suede Noir - Suede Noir / S,Butter Suede,Noah,Noir,S
Noah Butter Suede Noir,Butter Suede,Noah,Noir,Unknown
Noah Butter Suede Ivory - Ivory / S,Butter Suede,Noah,Ivory,S
Noah Butter Suede Noir - Suede Noir / M,Butter Suede,Noah,Noir,M
Noah Butter Suede Cool Grey - Cool Grey / S,Butter Suede,Noah,Cool Grey,S
Noah Butter Suede Ivory,Butter Suede,Noah,Ivory,Unknown
Noah Butter Suede Noir - Suede Noir / XXL,Butter Suede,Noah,Noir,XXL
Noah Butter Suede Noir - Suede Noir / XL,Butter Suede,Noah,Noir,XL
Clint Coated Noir - 40,Coated,Clint,Noir,Unknown
Clint Coated Noir - 28,Coated,Clint,Noir,Unknown
Clint Coated Noir - 29,Coated,Clint,Noir,Unknown
Clint Coated Noir - 31,Coated,Clint,Noir,Unknown
Clint Coated Noir - 36,Coated,Clint,Noir,Unknown
Clint Coated Noir - 30,Coated,Clint,Noir,Unknown
Clint Coated Noir - 32,Coated,Clint,Noir,Unknown
Clint Coated Noir,Coated,Clint,Noir,Unknown
Clint Coated Noir - 34,Coated,Clint,Noir,Unknown
Clint Coated Noir - 33,Coated,Clint,Noir,Unknown
Clint Coated Noir - 38,Coated,Clint,Noir,Unknown
Clint Aged Coated Steel - 42,Coated,Clint Aged,Steel,Unknown
Clint Aged Coated Steel - 28,Coated,Clint Aged,Steel,Unknown
Clint Aged Coated Steel,Coated,Clint Aged,Steel,Unknown
Clint Aged Coated Steel - 30,Coated,Clint Aged,Steel,Unknown
Clint Aged Coated Steel - 31,Coated,Clint Aged,Steel,Unknown
Clint Aged Coated Steel - 38,Coated,Clint Aged,Steel,Unknown
Clint Aged Coated Steel - 32,Coated,Clint Aged,Steel,Unknown
Clint Aged Coated Steel - 36,Coated,Clint Aged,Steel,Unknown
Clint Aged Coated Steel - 34,Coated,Clint Aged,Steel,Unknown
Clint Aged Coated Steel - 33,Coated,Clint Aged,Steel,Unknown
Clint Aged Coated Steel - 40,Coated,Clint Aged,Steel,Unknown
Clint Vintage Coated Noir - 31,Coated,Clint Vintage,Noir,Unknown
Clint Vintage Coated Noir - Vntage Coated Noi / 33,Coated,Clint Vintage,Noir,33
Clint Vintage Coated Noir - Vntage Coated Noi / 30,Coated,Clint Vintage,Noir,30
Clint Vintage Coated Noir - 33,Coated,Clint Vintage,Noir,Unknown
Clint Vintage Coated Noir - Vntage Coated Noi / 40,Coated,Clint Vintage,Noir,40
Clint Vintage Coated Noir - 30,Coated,Clint Vintage,Noir,Unknown
Clint Vintage Coated Noir - 40,Coated,Clint Vintage,Noir,Unknown
Clint Vintage Coated Noir - Vntage Coated Noi / 34,Coated,Clint Vintage,Noir,34
Clint Vintage Coated Noir - 36,Coated,Clint Vintage,Noir,Unknown
Clint Vintage Coated Noir - 28,Coated,Clint Vintage,Noir,Unknown
Clint Vintage Coated Noir - Vntage Coated Noi / 28,Coated,Clint Vintage,Noir,28
Clint Vintage Coated Noir - 32,Coated,Clint Vintage,Noir,Unknown
Cooper Coated Noir - Coated Noir / XXL,Coated,Cooper,Noir,XXL
Cooper Coated Noir - Coated Noir / S,Coated,Cooper,Noir,S
Cooper Coated Noir - Coated Noir / L,Coated,Cooper,Noir,L
Cooper Coated Noir - Coated Noir / XL,Coated,Cooper,Noir,XL
Cooper Coated Noir,Coated,Cooper,Noir,Unknown
Cooper Coated Noir - Coated Noir / M,Coated,Cooper,Noir,M
Dean Coated Cafe - L,Coated,Dean,Cafe,Unknown
Dean Coated Malachite - Coated Malachite / M,Coated,Dean,Malachite,M
Dean Coated Malachite - Coated Malachite / S,Coated,Dean,Malachite,S
Dean Coated Noir - Coated Noir / S,Coated,Dean,Noir,S
Dean Coated Asphalt - M,Coated,Dean,Asphalt,Unknown
Dean Coated Noir - Coated Noir / L,Coated,Dean,Noir,L
Dean Coated Noir,Coated,Dean,Noir,Unknown
Dean Coated Cafe - XS,Coated,Dean,Cafe,Unknown
Dean Coated Asphalt - XXL,Coated,Dean,Asphalt,Unknown
Dean Coated Asphalt - XS,Coated,Dean,Asphalt,Unknown
Dean Coated Noir - Coated Noir / XL,Coated,Dean,Noir,XL
Dean Coated Noir - M / Coated Noir,Coated,Dean,Noir,Coated Noir
Dean Coated Malachite - Coated Malachite / L,Coated,Dean,Malachite,L
Dean Coated Malachite,Coated,Dean,Malachite,Unknown
Dean Coated Noir - Coated Noir / M,Coated,Dean,Noir,M
Dean Coated Noir - M,Coated,Dean,Noir,Unknown
Dean Coated Malachite - Coated Malachite / XXL,Coated,Dean,Malachite,XXL
Dean Coated Noir - S,Coated,Dean,Noir,Unknown
Dean Coated Noir - L / Coated Noir,Coated,Dean,Noir,Coated Noir
Dean Coated Malachite - Coated Malachite / XL,Coated,Dean,Malachite,XL
Dean Coated Cafe,Coated,Dean,Cafe,Unknown
Dean Coated Malachite - Coated Malachite / XS,Coated,Dean,Malachite,XS
Dean Coated Noir - S / Coated Noir,Coated,Dean,Noir,Coated Noir
Dean Coated Asphalt - L,Coated,Dean,Asphalt,Unknown
Dean Coated Asphalt,Coated,Dean,Asphalt,Unknown
Dean Coated Asphalt - S,Coated,Dean,Asphalt,Unknown
Dean Coated Noir - XL,Coated,Dean,Noir,Unknown
Dean Coated Cafe - M,Coated,Dean,Cafe,Unknown
Dean Coated Asphalt - XL,Coated,Dean,Asphalt,Unknown
Dean Jacket Coated Noir - L,Coated,Dean Jacket,Noir,Unknown
Dean Jacket Coated Noir - XS,Coated,Dean Jacket,Noir,Unknown
Dean Jacket Coated Noir - XL,Coated,Dean Jacket,Noir,Unknown
Dean Jacket Coated Noir - XXL,Coated,Dean Jacket,Noir,Unknown
Dean Jacket Coated Noir,Coated,Dean Jacket,Noir,Unknown
Dean Jacket Coated Noir - S,Coated,Dean Jacket,Noir,Unknown
Dean Jacket Coated Noir - M,Coated,Dean Jacket,Noir,Unknown
Dean Jacket Vin Wax Coated - Vintage Waxed Coated / M,Coated,Dean Jacket Vin Wax,Vintage Waxed Coated,M
Dean Jacket Vin Wax Coated - Vintage Waxed Coated / L,Coated,Dean Jacket Vin Wax,Vintage Waxed Coated,L
Dean Jacket Vin Wax Coated - Vintage Waxed Coated / XS,Coated,Dean Jacket Vin Wax,Vintage Waxed Coated,XS
Dean Jacket Vin Wax Coated - Vintage Waxed Coated / XL,Coated,Dean Jacket Vin Wax,Vintage Waxed Coated,XL
Dean Jacket Vin Wax Coated - Vintage Waxed Coated / XXL,Coated,Dean Jacket Vin Wax,Vintage Waxed Coated,XXL
Dean Jacket Vin Wax Coated - Vintage Waxed Coated / S,Coated,Dean Jacket Vin Wax,Vintage Waxed Coated,S
Dean Jacket Vintage Wax Coated Espresso - L,Coated,Dean Jacket Vintage Wax,Espresso,Unknown
Dean Jacket Vintage Wax Coated Espresso - XS,Coated,Dean Jacket Vintage Wax,Espresso,Unknown
Dean Jacket Vintage Wax Coated Espresso - XL,Coated,Dean Jacket Vintage Wax,Espresso,Unknown
Dean Jacket Vintage Wax Coated Espresso - M,Coated,Dean Jacket Vintage Wax,Espresso,Unknown
Dean Jacket Vintage Wax Coated Espresso - XXL,Coated,Dean Jacket Vintage Wax,Espresso,Unknown
Dean Jacket Vintage Wax Coated Espresso,Coated,Dean Jacket Vintage Wax,Espresso,Unknown
Dean Jacket Vintage Wax Coated Espresso - S,Coated,Dean Jacket Vintage Wax,Espresso,Unknown
Greyson Coated London - 33,Coated,Greyson,London,Unknown
Greyson Coated Bourdeaux - 32,Coated,Greyson,Bourdeaux,Unknown
Greyson Coated London - 36,Coated,Greyson,London,Unknown
Greyson Coated Malachite Python,Coated,Greyson,Malachite Python,Unknown
Greyson Coated Noir - Coated Noir / 30,Coated,Greyson,Noir,30
Greyson Coated Bourdeaux - 38,Coated,Greyson,Bourdeaux,Unknown
Greyson Coated Malachite Python - Malachite Python / 28,Coated,Greyson,Malachite Python,28
Greyson Coated Noir - Coated Noir / 36,Coated,Greyson,Noir,36
Greyson Coated Malachite - 34,Coated,Greyson,Malachite,Unknown
Greyson Coated Malachite Python - Malachite Python / 34,Coated,Greyson,Malachite Python,34
Greyson Coated Noir - Coated Noir / 29,Coated,Greyson,Noir,29
Greyson Coated Malachite Python - Malachite Python / 30,Coated,Greyson,Malachite Python,30
Greyson Coated Malachite - Coated Malachite / 33,Coated,Greyson,Malachite,33
Greyson Coated Malachite Python - 31,Coated,Greyson,Malachite Python,Unknown
Greyson Coated Noir - 38 / Coated Noir,Coated,Greyson,Noir,Coated Noir
Greyson Coated Noir - 29 / Coated Noir,Coated,Greyson,Noir,Coated Noir
Greyson Coated Malachite - 32,Coated,Greyson,Malachite,Unknown
Greyson Coated Malachite - 31,Coated,Greyson,Malachite,Unknown
Greyson Coated Malachite Python - 28,Coated,Greyson,Malachite Python,Unknown
Greyson Coated Noir - 38,Coated,Greyson,Noir,Unknown
Greyson Coated Malachite Python - Malachite Python / 32,Coated,Greyson,Malachite Python,32
Greyson Coated Noir - 33 / Coated Noir,Coated,Greyson,Noir,Coated Noir
Greyson Coated Red Leopard - Coated Red Leopard / 40,Coated,Greyson,Red Leopard,40
Greyson Coated London - 32,Coated,Greyson,London,Unknown
Greyson Coated Malachite - 33,Coated,Greyson,Malachite,Unknown
Greyson Coated Red Leopard - Coated Red Leopard / 30,Coated,Greyson,Red Leopard,30
Greyson Coated Bourdeaux - 33,Coated,Greyson,Bourdeaux,Unknown
Greyson Coated Noir - 34,Coated,Greyson,Noir,Unknown
Greyson Coated Malachite - 40,Coated,Greyson,Malachite,Unknown
Greyson Coated Noir - 32,Coated,Greyson,Noir,Unknown
Greyson Coated London - 38,Coated,Greyson,London,Unknown
Greyson Coated Bourdeaux - 29,Coated,Greyson,Bourdeaux,Unknown
Greyson Coated Red Leopard - Coated Red Leopard / 29,Coated,Greyson,Red Leopard,29
Greyson Coated Bourdeaux - 36,Coated,Greyson,Bourdeaux,Unknown
Greyson Coated Red Leopard - Coated Red Leopard / 38,Coated,Greyson,Red Leopard,38
Greyson Coated Noir - 31,Coated,Greyson,Noir,Unknown
Greyson Coated Malachite - 36,Coated,Greyson,Malachite,Unknown
Greyson Coated Red Leopard - Coated Red Leopard / 34,Coated,Greyson,Red Leopard,34
Greyson Coated Noir,Coated,Greyson,Noir,Unknown
Greyson Coated Malachite - Coated Malachite / 28,Coated,Greyson,Malachite,28
Greyson Coated Bourdeaux - 40,Coated,Greyson,Bourdeaux,Unknown
Greyson Coated Bourdeaux - 30,Coated,Greyson,Bourdeaux,Unknown
Greyson Coated Noir - 30,Coated,Greyson,Noir,Unknown
Greyson Coated Noir - 28 / Coated Noir,Coated,Greyson,Noir,Coated Noir
Greyson Coated Noir - Coated Noir / 31,Coated,Greyson,Noir,31
Greyson Coated London - 34,Coated,Greyson,London,Unknown
Greyson Coated Malachite Python - 34,Coated,Greyson,Malachite Python,Unknown
Greyson Coated Noir - 33,Coated,Greyson,Noir,Unknown
Greyson Coated Noir - 28,Coated,Greyson,Noir,Unknown
Greyson Coated Bourdeaux - 34,Coated,Greyson,Bourdeaux,Unknown
Greyson Coated Malachite - 30,Coated,Greyson,Malachite,Unknown
Greyson Coated Malachite Python - Malachite Python / 38,Coated,Greyson,Malachite Python,38
Greyson Coated Red Leopard - Coated Red Leopard / 36,Coated,Greyson,Red Leopard,36
Greyson Coated Malachite Python - 32,Coated,Greyson,Malachite Python,Unknown
Greyson Coated Bourdeaux - 31,Coated,Greyson,Bourdeaux,Unknown
Greyson Coated Red Leopard - Coated Red Leopard / 33,Coated,Greyson,Red Leopard,33
Greyson Coated London - 29,Coated,Greyson,London,Unknown
Greyson Coated Noir - Coated Noir / 34,Coated,Greyson,Noir,34
Greyson Coated Malachite - Coated Malachite / 30,Coated,Greyson,Malachite,30
Greyson Coated Malachite - 38,Coated,Greyson,Malachite,Unknown
Greyson Coated London - 31,Coated,Greyson,London,Unknown
Greyson Coated Malachite Python - Malachite Python / 33,Coated,Greyson,Malachite Python,33
Greyson Coated Noir - Coated Noir / 33,Coated,Greyson,Noir,33
Greyson Coated Noir - Coated Noir / 38,Coated,Greyson,Noir,38
Greyson Coated Noir - 29,Coated,Greyson,Noir,Unknown
Greyson Coated Noir - 30 / Coated Noir,Coated,Greyson,Noir,Coated Noir
Greyson Coated Noir - Coated Noir / 28,Coated,Greyson,Noir,28
Greyson Coated Noir - 34 / Coated Noir,Coated,Greyson,Noir,Coated Noir
Greyson Coated Malachite Python - 30,Coated,Greyson,Malachite Python,Unknown
Greyson Coated Noir - 36,Coated,Greyson,Noir,Unknown
Greyson Coated Red Leopard - Coated Red Leopard / 28,Coated,Greyson,Red Leopard,28
Greyson Coated Red Leopard - Coated Red Leopard / 31,Coated,Greyson,Red Leopard,31
Greyson Coated Malachite Python - Malachite Python / 36,Coated,Greyson,Malachite Python,36
Greyson Coated Malachite Python - Malachite Python / 29,Coated,Greyson,Malachite Python,29
Greyson Coated Noir - Coated Noir / 32,Coated,Greyson,Noir,32
Greyson Coated Malachite - 28,Coated,Greyson,Malachite,Unknown
Greyson Coated London - 30,Coated,Greyson,London,Unknown
Greyson Coated Malachite - Coated Malachite / 32,Coated,Greyson,Malachite,32
Greyson Coated Malachite Python - Malachite Python / 31,Coated,Greyson,Malachite Python,31
Greyson Coated Red Leopard - Coated Red Leopard / 32,Coated,Greyson,Red Leopard,32
Pre-Order Dean Jacket Vin Wax Coated - Vintage Waxed Coated / XXL,Coated,Pre-Order Dean Jacket Vin Wax,Vintage Waxed Coated,XXL
Pre-Order Dean Jacket Vin Wax Coated - Vintage Waxed Coated / S,Coated,Pre-Order Dean Jacket Vin Wax,Vintage Waxed Coated,S
Preston Coated Chocolate - 29,Coated,Preston,Chocolate,Unknown
Preston Coated Malachite - Coated Malachite / 32,Coated,Preston,Malachite,32
Preston Coated Noir - Noir / 33,Coated,Preston,Noir,33
Preston Coated Red Leopard - Coated Red Leopard / 32,Coated,Preston,Red Leopard,32
Preston Coated Verdant - 29,Coated,Preston,Verdant,Unknown
Preston Coated Toffee - 31,Coated,Preston,Toffee,Unknown
Preston Coated Green Leopard - 28,Coated,Preston,Green Leopard,Unknown
Preston Coated Noir - 33 / Noir,Coated,Preston,Noir,Noir
Preston Coated Moon Rock - 30,Coated,Preston,Moon Rock,Unknown
Preston Coated Toffee - 32,Coated,Preston,Toffee,Unknown
Preston Coated Toffee - 33,Coated,Preston,Toffee,Unknown
Preston Coated Moon Rock - 28,Coated,Preston,Moon Rock,Unknown
Preston Coated Malachite - 34,Coated,Preston,Malachite,Unknown
Preston Coated Noir - Noir / 32,Coated,Preston,Noir,32
Preston Coated Noir - 40 / Noir,Coated,Preston,Noir,Noir
Preston Coated Noir - Noir / 40,Coated,Preston,Noir,40
Preston Coated Noir - Noir / 29,Coated,Preston,Noir,29
Preston Coated Merlot - Coated Merlot / 28,Coated,Preston,Merlot,28
Preston Coated Toffee,Coated,Preston,Toffee,Unknown
Preston Coated Chocolate - 33,Coated,Preston,Chocolate,Unknown
Preston Coated Noir - Noir / 28,Coated,Preston,Noir,28
Preston Coated Malachite - 38,Coated,Preston,Malachite,Unknown
Preston Coated Verdant,Coated,Preston,Verdant,Unknown
Preston Coated Noir - Noir / 34,Coated,Preston,Noir,34
Preston Coated Merlot - 30,Coated,Preston,Merlot,Unknown
Preston Coated Malachite - 36,Coated,Preston,Malachite,Unknown
Preston Coated Moon Rock - 38,Coated,Preston,Moon Rock,Unknown
Preston Coated Malachite - Coated Malachite / 29,Coated,Preston,Malachite,29
Preston Coated Green Leopard - Coated Green Leopard / 38,Coated,Preston,Green Leopard,38
Preston Coated Chocolate - 28,Coated,Preston,Chocolate,Unknown
Preston Coated Moon Rock - 33,Coated,Preston,Moon Rock,Unknown
Preston Coated Malachite - 32,Coated,Preston,Malachite,Unknown
Preston Coated Noir - 33,Coated,Preston,Noir,Unknown
Preston Coated Toffee - 34,Coated,Preston,Toffee,Unknown
Preston Coated Green Leopard - Coated Green Leopard / 28,Coated,Preston,Green Leopard,28
Preston Coated Merlot - 34,Coated,Preston,Merlot,Unknown
Preston Coated Red Leopard - Coated Red Leopard / 30,Coated,Preston,Red Leopard,30
Preston Coated Noir - 36 / Noir,Coated,Preston,Noir,Noir
Preston Coated Malachite - Coated Malachite / 30,Coated,Preston,Malachite,30
Preston Coated Moon Rock - 29,Coated,Preston,Moon Rock,Unknown
Preston Coated Merlot - 33,Coated,Preston,Merlot,Unknown
Preston Coated Moon Rock - 31,Coated,Preston,Moon Rock,Unknown
Preston Coated Noir - 38,Coated,Preston,Noir,Unknown
Preston Coated Noir - Noir / 30,Coated,Preston,Noir,30
Preston Coated Malachite - 30,Coated,Preston,Malachite,Unknown
Preston Coated Red Leopard - Coated Red Leopard / 33,Coated,Preston,Red Leopard,33
Preston Coated Toffee - 36,Coated,Preston,Toffee,Unknown
Preston Coated Noir - 31,Coated,Preston,Noir,Unknown
Preston Coated Malachite - 40,Coated,Preston,Malachite,Unknown
Preston Coated Noir - 30 / Noir,Coated,Preston,Noir,Noir
Preston Coated Noir - 38 / Noir,Coated,Preston,Noir,Noir
Preston Coated Noir - 29,Coated,Preston,Noir,Unknown
Preston Coated Chocolate - 31,Coated,Preston,Chocolate,Unknown
Preston Coated Merlot - Coated Merlot / 29,Coated,Preston,Merlot,29
Preston Coated Noir - 32,Coated,Preston,Noir,Unknown
Preston Coated Noir - Noir / 31,Coated,Preston,Noir,31
Preston Coated Noir - Noir / 38,Coated,Preston,Noir,38
Preston Coated Merlot - 32,Coated,Preston,Merlot,Unknown
Preston Coated Verdant - 30,Coated,Preston,Verdant,Unknown
Preston Coated Noir - 36,Coated,Preston,Noir,Unknown
Preston Coated Toffee - 29,Coated,Preston,Toffee,Unknown
Preston Coated Verdant - 31,Coated,Preston,Verdant,Unknown
Preston Coated Toffee - 28,Coated,Preston,Toffee,Unknown
Preston Coated Green Leopard - 29,Coated,Preston,Green Leopard,Unknown
Preston Coated Chocolate - 36,Coated,Preston,Chocolate,Unknown
Preston Coated Noir - 31 / Noir,Coated,Preston,Noir,Noir
Preston Coated Noir - 40,Coated,Preston,Noir,Unknown
Preston Coated Verdant - 28,Coated,Preston,Verdant,Unknown
Preston Coated Green Leopard - Coated Green Leopard / 33,Coated,Preston,Green Leopard,33
Preston Coated Red Leopard - Coated Red Leopard / 31,Coated,Preston,Red Leopard,31
Preston Coated Toffee - 40,Coated,Preston,Toffee,Unknown
Preston Coated Verdant - 40,Coated,Preston,Verdant,Unknown
Preston Coated Malachite - Coated Malachite / 28,Coated,Preston,Malachite,28
Preston Coated Noir - Noir / 36,Coated,Preston,Noir,36
Preston Coated Noir - 28,Coated,Preston,Noir,Unknown
Preston Coated Moon Rock - 34,Coated,Preston,Moon Rock,Unknown
Preston Coated Moon Rock,Coated,Preston,Moon Rock,Unknown
Preston Coated Merlot - 29,Coated,Preston,Merlot,Unknown
Preston Coated Verdant - 36,Coated,Preston,Verdant,Unknown
Preston Coated Verdant - 34,Coated,Preston,Verdant,Unknown
Preston Coated Merlot - 31,Coated,Preston,Merlot,Unknown
Preston Coated Malachite - 29,Coated,Preston,Malachite,Unknown
Preston Coated Moon Rock - 32,Coated,Preston,Moon Rock,Unknown
Preston Coated Malachite - Coated Malachite / 31,Coated,Preston,Malachite,31
Preston Coated Noir,Coated,Preston,Noir,Unknown
Preston Coated Noir - 34,Coated,Preston,Noir,Unknown
Preston Coated Malachite - 31,Coated,Preston,Malachite,Unknown
Preston Coated Green Leopard - Coated Green Leopard / 40,Coated,Preston,Green Leopard,40
Preston Coated Verdant - 38,Coated,Preston,Verdant,Unknown
Preston Coated Merlot - 36,Coated,Preston,Merlot,Unknown
Preston Coated Toffee - 30,Coated,Preston,Toffee,Unknown
Preston Coated Merlot - 28,Coated,Preston,Merlot,Unknown
Preston Coated Verdant - 33,Coated,Preston,Verdant,Unknown
Preston Coated Noir - 28 / Noir,Coated,Preston,Noir,Noir
Preston Coated Red Leopard - Coated Red Leopard / 34,Coated,Preston,Red Leopard,34
Preston Coated Malachite - 33,Coated,Preston,Malachite,Unknown
Preston Coated Red Leopard - Coated Red Leopard / 28,Coated,Preston,Red Leopard,28
Preston Coated Malachite - 28,Coated,Preston,Malachite,Unknown
Preston Coated Noir - 30,Coated,Preston,Noir,Unknown
Preston Coated Verdant - 32,Coated,Preston,Verdant,Unknown
Preston Coated Green Leopard - Coated Green Leopard / 31,Coated,Preston,Green Leopard,31
Preston Coated Moon Rock - 40,Coated,Preston,Moon Rock,Unknown
Preston Coated Moon Rock - 36,Coated,Preston,Moon Rock,Unknown
Preston Vintage Coated Blanc - Vintage Coated Blanc / 40,Coated,Preston Vintage,Blanc,40
Preston Vintage Coated Blanc - 32,Coated,Preston Vintage,Blanc,Unknown
Preston Vintage Coated Blanc - Vintage Coated Blanc / 28,Coated,Preston Vintage,Blanc,28
Preston Vintage Coated Blanc - 29,Coated,Preston Vintage,Blanc,Unknown
Preston Vintage Coated Blanc - Vintage Coated Blanc / 38,Coated,Preston Vintage,Blanc,38
Preston Vintage Coated Blanc - 34,Coated,Preston Vintage,Blanc,Unknown
Preston Vintage Coated Blanc - 30,Coated,Preston Vintage,Blanc,Unknown
Preston Vintage Coated Blanc - 36,Coated,Preston Vintage,Blanc,Unknown
Preston Vintage Coated Blanc - 31,Coated,Preston Vintage,Blanc,Unknown
Preston Vintage Coated Blanc - 40,Coated,Preston Vintage,Blanc,Unknown
Preston Vintage Coated Blanc - 28,Coated,Preston Vintage,Blanc,Unknown
Preston Vintage Coated Blanc - 33,Coated,Preston Vintage,Blanc,Unknown
Preston Vintage Coated Blanc,Coated,Preston Vintage,Blanc,Unknown
Preston Vintage Coated Blanc - 38,Coated,Preston Vintage,Blanc,Unknown
Preston Vintage Wax Coated Espresso - 29,Coated,Preston Vintage Wax,Espresso,Unknown
Preston Vintage Wax Coated Espresso - 33,Coated,Preston Vintage Wax,Espresso,Unknown
Preston Vintage Wax Coated Espresso - 34,Coated,Preston Vintage Wax,Espresso,Unknown
Preston Vintage Wax Coated Espresso - 40,Coated,Preston Vintage Wax,Espresso,Unknown
Preston Vintage Wax Coated Espresso - 28,Coated,Preston Vintage Wax,Espresso,Unknown
Preston Vintage Wax Coated Espresso - 30,Coated,Preston Vintage Wax,Espresso,Unknown
Preston Vintage Wax Coated Espresso - 36,Coated,Preston Vintage Wax,Espresso,Unknown
Preston Vintage Wax Coated Espresso,Coated,Preston Vintage Wax,Espresso,Unknown
Preston Vintage Wax Coated Espresso - 32,Coated,Preston Vintage Wax,Espresso,Unknown
Preston Vintage Wax Coated Espresso - 31,Coated,Preston Vintage Wax,Espresso,Unknown
Preston Vintage Wax Coated Espresso - 38,Coated,Preston Vintage Wax,Espresso,Unknown
West Coated Noir - L / Noir,Coated,West,Noir,Noir
West Coated Malachite - Coated Malachite / XS,Coated,West,Malachite,XS
West Coated Merlot - XL,Coated,West,Merlot,Unknown
West Coated Malachite - Coated Malachite / M,Coated,West,Malachite,M
West Coated Noir - XXL,Coated,West,Noir,Unknown
West Coated Merlot - Coated Merlot / XS,Coated,West,Merlot,XS
West Coated Noir,Coated,West,Noir,Unknown
West Coated Noir - M,Coated,West,Noir,Unknown
West Coated Merlot - Coated Merlot / L,Coated,West,Merlot,L
West Coated Merlot - XS,Coated,West,Merlot,Unknown
West Coated Merlot - Coated Merlot / M,Coated,West,Merlot,M
West Coated Malachite - Coated Malachite / L,Coated,West,Malachite,L
West Coated Malachite - Coated Malachite / XXL,Coated,West,Malachite,XXL
West Coated Noir - M / Noir,Coated,West,Noir,Noir
West Coated Merlot - Coated Merlot / S,Coated,West,Merlot,S
West Coated Merlot,Coated,West,Merlot,Unknown
West Coated Noir - Noir / M,Coated,West,Noir,M
West Coated Malachite - Coated Malachite / S,Coated,West,Malachite,S
West Coated Malachite,Coated,West,Malachite,Unknown
West Coated Merlot - Coated Merlot / XXL,Coated,West,Merlot,XXL
West Coated Noir - L,Coated,West,Noir,Unknown
West Coated Noir - XL,Coated,West,Noir,Unknown
West Coated Merlot - M,Coated,West,Merlot,Unknown
West Coated Noir - XL / Noir,Coated,West,Noir,Noir
West Coated Noir - Noir / XL,Coated,West,Noir,XL
West Coated Merlot - L,Coated,West,Merlot,Unknown
West Coated Noir - Noir / XXL,Coated,West,Noir,XXL
West Coated Noir - Noir / S,Coated,West,Noir,S
West Coated Merlot - XXL,Coated,West,Merlot,Unknown
West Coated Merlot - Coated Merlot / XL,Coated,West,Merlot,XL
West Coated Noir - S,Coated,West,Noir,Unknown
West Coated Noir - S / Noir,Coated,West,Noir,Noir
West Coated Merlot - S,Coated,West,Merlot,Unknown
West Coated Noir - Noir / L,Coated,West,Noir,L
West Coated Noir - XS,Coated,West,Noir,Unknown
West Coated Malachite - Coated Malachite / XL,Coated,West,Malachite,XL
West Vintage Coated Noir - Vntage Coated Noi / XL,Coated,West Vintage,Noir,XL
West Vintage Coated Noir - Vntage Coated Noi / XXL,Coated,West Vintage,Noir,XXL
West Vintage Coated Noir - L,Coated,West Vintage,Noir,Unknown
West Vintage Coated Noir - Vntage Coated Noi / S,Coated,West Vintage,Noir,S
West Vintage Coated Noir - XS,Coated,West Vintage,Noir,Unknown
West Vintage Coated Noir - XXL,Coated,West Vintage,Noir,Unknown
West Vintage Coated Noir - Vntage Coated Noi / XS,Coated,West Vintage,Noir,XS
West Vintage Coated Noir - M,Coated,West Vintage,Noir,Unknown
West Vintage Coated Noir - XL,Coated,West Vintage,Noir,Unknown
West Vintage Coated Noir - Vntage Coated Noi / M,Coated,West Vintage,Noir,M
Brando Indigo - 38,Indigo,Brando,38,Unknown
Brando Indigo,Indigo,Brando,Unknown,Unknown
Brando Indigo - 36,Indigo,Brando,36,Unknown
Brando Indigo - Indigo / 29,Indigo,Brando,Indigo,29
Brando Indigo - Indigo / 34,Indigo,Brando,Indigo,34
Brando Indigo - Indigo / 30,Indigo,Brando,Indigo,30
Brando Indigo - Indigo / 32,Indigo,Brando,Indigo,32
Brando Indigo - Indigo / 38,Indigo,Brando,Indigo,38
Brando Indigo - 33 / Indigo,Indigo,Brando,33,Indigo
Brando Indigo - Indigo / 40,Indigo,Brando,Indigo,40
Brando Indigo - 40,Indigo,Brando,40,Unknown
Brando Indigo - 28,Indigo,Brando,28,Unknown
Brando Indigo - 32,Indigo,Brando,32,Unknown
Brando Indigo - 28 / Indigo,Indigo,Brando,28,Indigo
Brando Indigo - Indigo / 36,Indigo,Brando,Indigo,36
Brando Indigo - 31,Indigo,Brando,31,Unknown
Brando Indigo - 34,Indigo,Brando,34,Unknown
Brando Indigo - Indigo / 33,Indigo,Brando,Indigo,33
Brando Indigo - Indigo / 28,Indigo,Brando,Indigo,28
Brando Indigo - Indigo / 42,Indigo,Brando,Indigo,42
Brando Indigo - 29,Indigo,Brando,29,Unknown
Brando Indigo - 33,Indigo,Brando,33,Unknown
Brando Indigo - 34 / Indigo,Indigo,Brando,34,Indigo
Brando Indigo - 31 / Indigo,Indigo,Brando,31,Indigo
Brando Indigo - Indigo / 31,Indigo,Brando,Indigo,31
Brando Indigo - 30,Indigo,Brando,30,Unknown
Brando Aged Indigo - Aged Indigo / 32,Indigo,Brando Aged,Aged Indigo,32
Brando Aged Indigo - Aged Indigo / 30,Indigo,Brando Aged,Aged Indigo,30
Brando Aged Indigo - 36,Indigo,Brando Aged,36,Unknown
Brando Aged Indigo,Indigo,Brando Aged,Unknown,Unknown
Brando Aged Indigo - Aged Indigo / 40,Indigo,Brando Aged,Aged Indigo,40
Brando Aged Indigo - 33,Indigo,Brando Aged,33,Unknown
Brando Aged Indigo - Aged Indigo / 28,Indigo,Brando Aged,Aged Indigo,28
Brando Aged Indigo - Aged Indigo / 38,Indigo,Brando Aged,Aged Indigo,38
Brando Aged Indigo - Aged Indigo / 36,Indigo,Brando Aged,Aged Indigo,36
Brando Aged Indigo - 31,Indigo,Brando Aged,31,Unknown
Brando Aged Indigo - Aged Indigo / 34,Indigo,Brando Aged,Aged Indigo,34
Brando Aged Indigo - Aged Indigo / 33,Indigo,Brando Aged,Aged Indigo,33
Brando Aged Indigo - Aged Indigo / 31,Indigo,Brando Aged,Aged Indigo,31
Brando Aged Indigo - 32,Indigo,Brando Aged,32,Unknown
Brando Aged Indigo - 40,Indigo,Brando Aged,40,Unknown
Brando Aged Indigo - 28,Indigo,Brando Aged,28,Unknown
Brando Aged Indigo - 30,Indigo,Brando Aged,30,Unknown
Brando Aged Indigo - 38,Indigo,Brando Aged,38,Unknown
Brando Aged Indigo - 34,Indigo,Brando Aged,34,Unknown
Brando Light Indigo - 40,Indigo,Brando Light,40,Unknown
Brando Light Indigo,Indigo,Brando Light,Unknown,Unknown
Brando Light Indigo - 28,Indigo,Brando Light,28,Unknown
Brando Light Indigo - 38,Indigo,Brando Light,38,Unknown
Brando Light Indigo - 36,Indigo,Brando Light,36,Unknown
Brando Light Indigo - Light Indigo / 28,Indigo,Brando Light,Light Indigo,28
Brando Light Indigo - Light Indigo / 36,Indigo,Brando Light,Light Indigo,36
Brando Light Indigo - Light Indigo / 33,Indigo,Brando Light,Light Indigo,33
Brando Light Indigo - Light Indigo / 31,Indigo,Brando Light,Light Indigo,31
Brando Light Indigo - 33,Indigo,Brando Light,33,Unknown
Brando Light Indigo - 34,Indigo,Brando Light,34,Unknown
Brando Light Indigo - 32,Indigo,Brando Light,32,Unknown
Brando Light Indigo - 29,Indigo,Brando Light,29,Unknown
Brando Light Indigo - 31,Indigo,Brando Light,31,Unknown
Brando Light Indigo - 30,Indigo,Brando Light,30,Unknown
Brando Light Indigo - Light Indigo / 40,Indigo,Brando Light,Light Indigo,40
Brando Medium Indigo,Indigo,Brando Medium,Unknown,Unknown
Brando Medium Indigo - Medium Indigo / 36,Indigo,Brando Medium,Medium Indigo,36
Brando Medium Indigo - 29,Indigo,Brando Medium,29,Unknown
Brando Medium Indigo - 31,Indigo,Brando Medium,31,Unknown
Brando Medium Indigo - 38,Indigo,Brando Medium,38,Unknown
Brando Medium Indigo - 28,Indigo,Brando Medium,28,Unknown
Brando Medium Indigo - Medium Indigo / 31,Indigo,Brando Medium,Medium Indigo,31
Brando Medium Indigo - Medium Indigo / 34,Indigo,Brando Medium,Medium Indigo,34
Brando Medium Indigo - Medium Indigo / 32,Indigo,Brando Medium,Medium Indigo,32
Brando Medium Indigo - 40,Indigo,Brando Medium,40,Unknown
Brando Medium Indigo - 34,Indigo,Brando Medium,34,Unknown
Brando Medium Indigo - 30,Indigo,Brando Medium,30,Unknown
Brando Medium Indigo - Medium Indigo / 28,Indigo,Brando Medium,Medium Indigo,28
Brando Medium Indigo - Medium Indigo / 33,Indigo,Brando Medium,Medium Indigo,33
Brando Medium Indigo - 36,Indigo,Brando Medium,36,Unknown
Brando Medium Indigo - 32,Indigo,Brando Medium,32,Unknown
Brando Medium Indigo - Medium Indigo / 40,Indigo,Brando Medium,Medium Indigo,40
Brando Medium Indigo - Medium Indigo / 29,Indigo,Brando Medium,Medium Indigo,29
Brando Medium Indigo - 33,Indigo,Brando Medium,33,Unknown
Brando Medium Indigo - Medium Indigo / 38,Indigo,Brando Medium,Medium Indigo,38
Brando Medium Indigo - Medium Indigo / 30,Indigo,Brando Medium,Medium Indigo,30
Brando Stretch Indigo - 31,Indigo,Brando Stretch,31,Unknown
Brando Stretch Indigo - 30,Indigo,Brando Stretch,30,Unknown
Brando Stretch Indigo - 38,Indigo,Brando Stretch,38,Unknown
Brando Stretch Indigo - 34,Indigo,Brando Stretch,34,Unknown
Brando Stretch Indigo - 28,Indigo,Brando Stretch,28,Unknown
Brando Tinted Indigo - 28,Indigo,Brando Tinted,28,Unknown
Brando Tinted Indigo - 32,Indigo,Brando Tinted,32,Unknown
Brando Tinted Indigo - 28 / Tinted Indigo,Indigo,Brando Tinted,28,Tinted Indigo
Brando Tinted Indigo - 34,Indigo,Brando Tinted,34,Unknown
Brando Tinted Indigo - 29,Indigo,Brando Tinted,29,Unknown
Brando Tinted Indigo - 33,Indigo,Brando Tinted,33,Unknown
Brando Tinted Indigo - Tinted Indigo / 36,Indigo,Brando Tinted,Tinted Indigo,36
Brando Tinted Indigo - Tinted Indigo / 34,Indigo,Brando Tinted,Tinted Indigo,34
Brando Tinted Indigo - Tinted Indigo / 38,Indigo,Brando Tinted,Tinted Indigo,38
Brando Tinted Indigo - 33 / Tinted Indigo,Indigo,Brando Tinted,33,Tinted Indigo
Brando Tinted Indigo - Tinted Indigo / 28,Indigo,Brando Tinted,Tinted Indigo,28
Brando Tinted Indigo - Tinted Indigo / 31,Indigo,Brando Tinted,Tinted Indigo,31
Brando Tinted Indigo - 32 / Tinted Indigo,Indigo,Brando Tinted,32,Tinted Indigo
Brando Tinted Indigo - Tinted Indigo / 29,Indigo,Brando Tinted,Tinted Indigo,29
Brando Tinted Indigo - 40 / Tinted Indigo,Indigo,Brando Tinted,40,Tinted Indigo
Brando Tinted Indigo - Tinted Indigo / 32,Indigo,Brando Tinted,Tinted Indigo,32
Brando Tinted Indigo - 38,Indigo,Brando Tinted,38,Unknown
Brando Tinted Indigo,Indigo,Brando Tinted,Unknown,Unknown
Brando Tinted Indigo - 30,Indigo,Brando Tinted,30,Unknown
Brando Tinted Indigo - 40,Indigo,Brando Tinted,40,Unknown
Brando Tinted Indigo - 31,Indigo,Brando Tinted,31,Unknown
Brando Tinted Indigo - Tinted Indigo / 30,Indigo,Brando Tinted,Tinted Indigo,30
Brando Tinted Indigo - 36,Indigo,Brando Tinted,36,Unknown
Brando Tinted Indigo - Tinted Indigo / 33,Indigo,Brando Tinted,Tinted Indigo,33
Clint Light Indigo - 34,Indigo,Clint Light,34,Unknown
Clint Light Indigo - Light Indigo / 30,Indigo,Clint Light,Light Indigo,30
Clint Light Indigo - Light Indigo / 29,Indigo,Clint Light,Light Indigo,29
Clint Light Indigo - 33,Indigo,Clint Light,33,Unknown
Clint Light Indigo - 36,Indigo,Clint Light,36,Unknown
Clint Light Indigo - Light Indigo / 32,Indigo,Clint Light,Light Indigo,32
Clint Light Indigo - 28,Indigo,Clint Light,28,Unknown
Clint Light Indigo - Light Indigo / 33,Indigo,Clint Light,Light Indigo,33
Clint Light Indigo - 32,Indigo,Clint Light,32,Unknown
Clint Light Indigo - Light Indigo / 31,Indigo,Clint Light,Light Indigo,31
Clint Light Indigo,Indigo,Clint Light,Unknown,Unknown
Clint Light Indigo - 29,Indigo,Clint Light,29,Unknown
Clint Light Indigo - 30,Indigo,Clint Light,30,Unknown
Clint Light Indigo - Light Indigo / 36,Indigo,Clint Light,Light Indigo,36
Clint Light Indigo - 38,Indigo,Clint Light,38,Unknown
Clint Light Indigo - 31,Indigo,Clint Light,31,Unknown
Clint Light Indigo - 40,Indigo,Clint Light,40,Unknown
Clint Light Indigo - Light Indigo / 28,Indigo,Clint Light,Light Indigo,28
Clint Light Indigo - Light Indigo / 40,Indigo,Clint Light,Light Indigo,40
Deniro Dark Indigo - 40,Indigo,Deniro Dark,40,Unknown
Deniro Dark Indigo - 36,Indigo,Deniro Dark,36,Unknown
Deniro Dark Indigo - 28,Indigo,Deniro Dark,28,Unknown
Deniro Dark Indigo - 30,Indigo,Deniro Dark,30,Unknown
Deniro Dark Indigo - 31,Indigo,Deniro Dark,31,Unknown
Deniro Dark Indigo - 32,Indigo,Deniro Dark,32,Unknown
Deniro Dark Indigo - 38,Indigo,Deniro Dark,38,Unknown
Deniro Dark Indigo - Dark Indigo / 30,Indigo,Deniro Dark,Dark Indigo,30
Deniro Dark Indigo - Dark Indigo / 32,Indigo,Deniro Dark,Dark Indigo,32
Deniro Dark Indigo - 33,Indigo,Deniro Dark,33,Unknown
Deniro Dark Indigo - Dark Indigo / 31,Indigo,Deniro Dark,Dark Indigo,31
Deniro Dark Indigo - 34,Indigo,Deniro Dark,34,Unknown
Deniro Dark Indigo - Dark Indigo / 28,Indigo,Deniro Dark,Dark Indigo,28
Deniro Dark Indigo - Dark Indigo / 33,Indigo,Deniro Dark,Dark Indigo,33
Greyson Desert Indigo - 31,Indigo,Greyson Desert,31,Unknown
Greyson Desert Indigo - 30,Indigo,Greyson Desert,30,Unknown
Greyson Desert Indigo - 32,Indigo,Greyson Desert,32,Unknown
Greyson Desert Indigo - Desert Indigo / 34,Indigo,Greyson Desert,Desert Indigo,34
Greyson Desert Indigo - 33,Indigo,Greyson Desert,33,Unknown
Greyson Desert Indigo,Indigo,Greyson Desert,Unknown,Unknown
Greyson Desert Indigo - 28,Indigo,Greyson Desert,28,Unknown
Greyson Desert Indigo - Desert Indigo / 32,Indigo,Greyson Desert,Desert Indigo,32
Greyson Desert Indigo - 36,Indigo,Greyson Desert,36,Unknown
Greyson Desert Indigo - 38,Indigo,Greyson Desert,38,Unknown
Greyson Desert Indigo - 34,Indigo,Greyson Desert,34,Unknown
Greyson Distressed Aged Indigo - Distressed Aged Indigo / 36,Indigo,Greyson Distressed Aged,Distressed Aged Indigo,36
Greyson Distressed Aged Indigo - Distressed Aged Indigo / 33,Indigo,Greyson Distressed Aged,Distressed Aged Indigo,33
Greyson Distressed Aged Indigo - Distressed Aged Indigo / 29,Indigo,Greyson Distressed Aged,Distressed Aged Indigo,29
Greyson Distressed Aged Indigo - 34,Indigo,Greyson Distressed Aged,34,Unknown
Greyson Distressed Aged Indigo - Distressed Aged Indigo / 31,Indigo,Greyson Distressed Aged,Distressed Aged Indigo,31
Greyson Distressed Aged Indigo - Distressed Aged Indigo / 28,Indigo,Greyson Distressed Aged,Distressed Aged Indigo,28
Greyson Distressed Aged Indigo - 33,Indigo,Greyson Distressed Aged,33,Unknown
Greyson Distressed Aged Indigo - 32,Indigo,Greyson Distressed Aged,32,Unknown
Greyson Distressed Aged Indigo - 36,Indigo,Greyson Distressed Aged,36,Unknown
Greyson Distressed Aged Indigo - 30,Indigo,Greyson Distressed Aged,30,Unknown
Greyson Distressed Aged Indigo - Distressed Aged Indigo / 34,Indigo,Greyson Distressed Aged,Distressed Aged Indigo,34
Greyson Distressed Aged Indigo - 31,Indigo,Greyson Distressed Aged,31,Unknown
Greyson Distressed Aged Indigo - Distressed Aged Indigo / 30,Indigo,Greyson Distressed Aged,Distressed Aged Indigo,30
Greyson Distressed Aged Indigo - Distressed Aged Indigo / 38,Indigo,Greyson Distressed Aged,Distressed Aged Indigo,38
Greyson Distressed Aged Indigo - Distressed Aged Indigo / 32,Indigo,Greyson Distressed Aged,Distressed Aged Indigo,32
Greyson Distressed Aged Indigo - 28,Indigo,Greyson Distressed Aged,28,Unknown
Greyson Distressed Aged Indigo - 38,Indigo,Greyson Distressed Aged,38,Unknown
Greyson Tinted Indigo - 34 / Tinted Indigo,Indigo,Greyson Tinted,34,Tinted Indigo
Greyson Tinted Indigo - Tinted Indigo / 32,Indigo,Greyson Tinted,Tinted Indigo,32
Greyson Tinted Indigo - 34,Indigo,Greyson Tinted,34,Unknown
Greyson Tinted Indigo - Tinted Indigo / 31,Indigo,Greyson Tinted,Tinted Indigo,31
Greyson Tinted Indigo - Tinted Indigo / 28,Indigo,Greyson Tinted,Tinted Indigo,28
Greyson Tinted Indigo - Tinted Indigo / 30,Indigo,Greyson Tinted,Tinted Indigo,30
Greyson Tinted Indigo - Tinted Indigo / 33,Indigo,Greyson Tinted,Tinted Indigo,33
Greyson Tinted Indigo - 32,Indigo,Greyson Tinted,32,Unknown
Greyson Tinted Indigo - Tinted Indigo / 34,Indigo,Greyson Tinted,Tinted Indigo,34
Greyson Tinted Indigo - Tinted Indigo / 29,Indigo,Greyson Tinted,Tinted Indigo,29
Greyson Tinted Indigo - 30,Indigo,Greyson Tinted,30,Unknown
Greyson Tinted Indigo - 38,Indigo,Greyson Tinted,38,Unknown
Greyson Tinted Indigo - 31,Indigo,Greyson Tinted,31,Unknown
Greyson Tinted Indigo - 28,Indigo,Greyson Tinted,28,Unknown
Greyson Tinted Indigo - 29,Indigo,Greyson Tinted,29,Unknown
Greyson Tinted Indigo - Tinted Indigo / 40,Indigo,Greyson Tinted,Tinted Indigo,40
Greyson Tinted Indigo - 33,Indigo,Greyson Tinted,33,Unknown
Greyson Tinted Indigo - Tinted Indigo / 38,Indigo,Greyson Tinted,Tinted Indigo,38
Greyson Tinted Indigo - 36,Indigo,Greyson Tinted,36,Unknown
Greyson Tinted Indigo - Tinted Indigo / 36,Indigo,Greyson Tinted,Tinted Indigo,36
Greyson Tinted Indigo - 30 / Tinted Indigo,Indigo,Greyson Tinted,30,Tinted Indigo
Greyson Tinted Indigo,Indigo,Greyson Tinted,Unknown,Unknown
Greyson Tinted Indigo - 40,Indigo,Greyson Tinted,40,Unknown
MFVLA INDIGO - 29,Indigo,MFVLA,29,Unknown
MFVLA INDIGO - Indigo / 33,Indigo,MFVLA,Indigo,33
MFVLA INDIGO - 31,Indigo,MFVLA,31,Unknown
MFVLA INDIGO - Indigo / 36,Indigo,MFVLA,Indigo,36
MFVLA INDIGO - 40,Indigo,MFVLA,40,Unknown
MFVLA INDIGO - Indigo / 40,Indigo,MFVLA,Indigo,40
MFVLA INDIGO - Indigo / 30,Indigo,MFVLA,Indigo,30
MFVLA INDIGO - Indigo / 42,Indigo,MFVLA,Indigo,42
MFVLA INDIGO - 33,Indigo,MFVLA,33,Unknown
MFVLA INDIGO - 28,Indigo,MFVLA,28,Unknown
MFVLA INDIGO,Indigo,MFVLA,Unknown,Unknown
MFVLA INDIGO - 38,Indigo,MFVLA,38,Unknown
MFVLA INDIGO - Indigo / 38,Indigo,MFVLA,Indigo,38
MFVLA INDIGO - 42,Indigo,MFVLA,42,Unknown
MFVLA INDIGO - Indigo / 32,Indigo,MFVLA,Indigo,32
MFVLA INDIGO - 36,Indigo,MFVLA,36,Unknown
MFVLA INDIGO - 30,Indigo,MFVLA,30,Unknown
MFVLA INDIGO - 32,Indigo,MFVLA,32,Unknown
MFVLA INDIGO - Indigo / 34,Indigo,MFVLA,Indigo,34
MFVLA INDIGO - 34,Indigo,MFVLA,34,Unknown
MFVLA INDIGO - Indigo / 28,Indigo,MFVLA,Indigo,28
MFVLA1 Indigo - Indigo / 34x34,Indigo,MFVLA1,Indigo,34x34
MFVLA1 Indigo - Indigo / 36x34,Indigo,MFVLA1,Indigo,36x34
MFVLA1 Indigo - Indigo / 32x30,Indigo,MFVLA1,Indigo,32x30
MFVLA1 Indigo - Indigo / 28x30,Indigo,MFVLA1,Indigo,28x30
MFVLA1 Indigo - Indigo / 31x30,Indigo,MFVLA1,Indigo,31x30
MFVLA1 Indigo - Indigo / 30x30,Indigo,MFVLA1,Indigo,30x30
MFVLA1 Indigo - Indigo / 33x32,Indigo,MFVLA1,Indigo,33x32
MFVLA1 Indigo - Indigo / 30x32,Indigo,MFVLA1,Indigo,30x32
MFVLA1 Indigo - Indigo / 36x36,Indigo,MFVLA1,Indigo,36x36
MFVLA1 Indigo - Indigo / 38x36,Indigo,MFVLA1,Indigo,38x36
MFVLA1  Bleached Indigo - 32,Indigo,MFVLA1  Bleached,32,Unknown
MFVLA1  Bleached Indigo - 33,Indigo,MFVLA1  Bleached,33,Unknown
MFVLA1  Bleached Indigo - 30,Indigo,MFVLA1  Bleached,30,Unknown
MFVLA1  Bleached Indigo - 34,Indigo,MFVLA1  Bleached,34,Unknown
MFVLA1  Bleached Indigo - 36,Indigo,MFVLA1  Bleached,36,Unknown
MFVLA1  Bleached Indigo - 29,Indigo,MFVLA1  Bleached,29,Unknown
MFVLA1  Bleached Indigo - 38,Indigo,MFVLA1  Bleached,38,Unknown
MFVLA1  Bleached Indigo - 31,Indigo,MFVLA1  Bleached,31,Unknown
MFVLA1  Bleached Indigo,Indigo,MFVLA1  Bleached,Unknown,Unknown
MFVLA1  Bleached Indigo - 28,Indigo,MFVLA1  Bleached,28,Unknown
MFVLA1 Short Indigo - 34,Indigo,MFVLA1 Short,34,Unknown
MFVLA1 Short Indigo,Indigo,MFVLA1 Short,Unknown,Unknown
MFVLA1 Short Indigo - 28,Indigo,MFVLA1 Short,28,Unknown
MFVLA1 Short Indigo - 30,Indigo,MFVLA1 Short,30,Unknown
MFVLA1 Short Indigo - 32,Indigo,MFVLA1 Short,32,Unknown
MFVLA1 Short Indigo - Indigo / 28,Indigo,MFVLA1 Short,Indigo,28
MFVLA1 Short Indigo - 33,Indigo,MFVLA1 Short,33,Unknown
MFVLA1 Short Indigo - 40,Indigo,MFVLA1 Short,40,Unknown
MFVLA1 Striped Indigo - 28,Indigo,MFVLA1 Striped,28,Unknown
MFVLA1 Striped Indigo - 38,Indigo,MFVLA1 Striped,38,Unknown
MFVLA1 Striped Indigo - 32,Indigo,MFVLA1 Striped,32,Unknown
MFVLA1 Striped Indigo - 36,Indigo,MFVLA1 Striped,36,Unknown
MFVLA1 Striped Indigo,Indigo,MFVLA1 Striped,Unknown,Unknown
MFVLA1 Striped Indigo - 30,Indigo,MFVLA1 Striped,30,Unknown
MFVLA1 Striped Indigo - 33,Indigo,MFVLA1 Striped,33,Unknown
MFVLA1 Striped Indigo - 31,Indigo,MFVLA1 Striped,31,Unknown
MFVLA1 Striped Indigo - 34,Indigo,MFVLA1 Striped,34,Unknown
Bond Shirt Leather Light Grey - Leather Light Gray / L,Leather,Bond Shirt,Light Grey,L
Bond Shirt Leather Light Gray - Leather Light Gray / S,Leather,Bond Shirt,Light Gray,S
Bond Shirt Leather Light Gray - Leather Light Gray / M,Leather,Bond Shirt,Light Gray,M
Bond Shirt Leather Light Gray - Leather Light Gray / L,Leather,Bond Shirt,Light Gray,L
Bond Shirt Leather Noir - Leather Noir / XL,Leather,Bond Shirt,Noir,XL
Bond Shirt Leather Light Gray - Leather Light Gray / XXL,Leather,Bond Shirt,Light Gray,XXL
Bond Shirt Leather Light Gray - S / Leather Light Gray,Leather,Bond Shirt,Light Gray,Leather Light Gray
Bond Shirt Leather Light Gray - L / Leather Light Gray,Leather,Bond Shirt,Light Gray,Leather Light Gray
Bond Shirt Leather Noir - S,Leather,Bond Shirt,Noir,Unknown
Bond Shirt Leather Noir - XXL / Leather Noir,Leather,Bond Shirt,Noir,Leather Noir
Bond Shirt Leather Light Gray - S,Leather,Bond Shirt,Light Gray,Unknown
Bond Shirt Leather Noir - XS,Leather,Bond Shirt,Noir,Unknown
Bond Shirt Leather Light Gray - XL,Leather,Bond Shirt,Light Gray,Unknown
Bond Shirt Leather Light Gray,Leather,Bond Shirt,Light Gray,Unknown
Bond Shirt Leather Light Grey - Leather Light Gray / XL,Leather,Bond Shirt,Light Grey,XL
Bond Shirt Leather Noir,Leather,Bond Shirt,Noir,Unknown
Bond Shirt Leather Noir - L,Leather,Bond Shirt,Noir,Unknown
Bond Shirt Leather Light Grey - Leather Light Gray / XXL,Leather,Bond Shirt,Light Grey,XXL
Bond Shirt Leather Light Grey - Light Grey / S,Leather,Bond Shirt,Light Grey,S
Bond Shirt Leather Noir - Leather Noir / M,Leather,Bond Shirt,Noir,M
Bond Shirt Leather Noir - XL,Leather,Bond Shirt,Noir,Unknown
Bond Shirt Leather Noir - XXL,Leather,Bond Shirt,Noir,Unknown
Bond Shirt Leather Light Grey - Light Grey / M,Leather,Bond Shirt,Light Grey,M
Bond Shirt Leather Light Grey - Light Grey / XL,Leather,Bond Shirt,Light Grey,XL
Bond Shirt Leather Light Gray - Leather Light Gray / XL,Leather,Bond Shirt,Light Gray,XL
Bond Shirt Leather Noir - M,Leather,Bond Shirt,Noir,Unknown
Bond Shirt Leather Light Grey - Leather Light Gray / M,Leather,Bond Shirt,Light Grey,M
Bond Short Leather Light Grey - Light Grey / S,Leather,Bond Short,Light Grey,S
Bond Short Leather Light Grey - XXL,Leather,Bond Short,Light Grey,Unknown
Bond Short Leather Light Grey,Leather,Bond Short,Light Grey,Unknown
Bond Short Leather Noir,Leather,Bond Short,Noir,Unknown
Bond Short Leather Noir - S,Leather,Bond Short,Noir,Unknown
Bond Short Leather Noir - XXL,Leather,Bond Short,Noir,Unknown
Bond Short Leather Noir - XL,Leather,Bond Short,Noir,Unknown
Bond Short Leather Light Grey - S,Leather,Bond Short,Light Grey,Unknown
Bond Short Leather Light Grey - XL,Leather,Bond Short,Light Grey,Unknown
Bond Short Leather Light Grey - M,Leather,Bond Short,Light Grey,Unknown
Bond Short Leather Light Grey - L,Leather,Bond Short,Light Grey,Unknown
Bond Short Leather Noir - L,Leather,Bond Short,Noir,Unknown
Bond Short Leather Noir - M,Leather,Bond Short,Noir,Unknown
Bond Short Leather Noir - XS,Leather,Bond Short,Noir,Unknown
Bond Short Leather Light Grey - Light Grey / L,Leather,Bond Short,Light Grey,L
Clint Blanc Leather,Leather,Clint Blanc,Unknown,Unknown
Clint Blanc Leather - 40,Leather,Clint Blanc,40,Unknown
Clint Blanc Leather - 34,Leather,Clint Blanc,34,Unknown
Clint Blanc Leather - 36,Leather,Clint Blanc,36,Unknown
Clint Blanc Leather - 33,Leather,Clint Blanc,33,Unknown
Clint Blanc Leather - 28,Leather,Clint Blanc,28,Unknown
Clint Blanc Leather - 31,Leather,Clint Blanc,31,Unknown
Clint Blanc Leather - 30,Leather,Clint Blanc,30,Unknown
Clint Blanc Leather - 32,Leather,Clint Blanc,32,Unknown
Clint Blanc Leather - 38,Leather,Clint Blanc,38,Unknown
Clint Noir Leather - 29,Leather,Clint Noir,29,Unknown
Clint Noir Leather,Leather,Clint Noir,Unknown,Unknown
Clint Noir Leather - 28,Leather,Clint Noir,28,Unknown
Clint Noir Leather - 34,Leather,Clint Noir,34,Unknown
Clint Noir Leather - 32,Leather,Clint Noir,32,Unknown
Clint Noir Leather - 40,Leather,Clint Noir,40,Unknown
Clint Noir Leather - 33,Leather,Clint Noir,33,Unknown
Clint Noir Leather - 36,Leather,Clint Noir,36,Unknown
Clint Noir Leather - 30,Leather,Clint Noir,30,Unknown
Clint Noir Leather - 38,Leather,Clint Noir,38,Unknown
Clint Noir Leather - 31,Leather,Clint Noir,31,Unknown
Dean Blanc Leather - M,Leather,Dean Blanc,M,Unknown
Dean Blanc Leather - XXL,Leather,Dean Blanc,XXL,Unknown
Dean Blanc Leather,Leather,Dean Blanc,Unknown,Unknown
Dean Blanc Leather - L,Leather,Dean Blanc,L,Unknown
Dean Blanc Leather - XS,Leather,Dean Blanc,XS,Unknown
Dean Blanc Leather - XL,Leather,Dean Blanc,XL,Unknown
Greyson Noir Leather - 34,Leather,Greyson Noir,34,Unknown
Greyson Noir Leather - Noir Leather / 30,Leather,Greyson Noir,Noir Leather,30
Greyson Noir Leather - Noir Leather / 32,Leather,Greyson Noir,Noir Leather,32
Greyson Noir Leather - 28,Leather,Greyson Noir,28,Unknown
Greyson Noir Leather - 32,Leather,Greyson Noir,32,Unknown
Greyson Noir Leather - 42,Leather,Greyson Noir,42,Unknown
Greyson Noir Leather - Noir Leather / 33,Leather,Greyson Noir,Noir Leather,33
Greyson Noir Leather - Noir Leather / 36,Leather,Greyson Noir,Noir Leather,36
Greyson Noir Leather - 38,Leather,Greyson Noir,38,Unknown
Greyson Noir Leather - 40,Leather,Greyson Noir,40,Unknown
Greyson Noir Leather - Noir Leather / 28,Leather,Greyson Noir,Noir Leather,28
Greyson Noir Leather - Noir Leather / 29,Leather,Greyson Noir,Noir Leather,29
Greyson Noir Leather - 31,Leather,Greyson Noir,31,Unknown
Greyson Noir Leather - 29,Leather,Greyson Noir,29,Unknown
Greyson Noir Leather - 33,Leather,Greyson Noir,33,Unknown
Greyson Noir Leather - 36,Leather,Greyson Noir,36,Unknown
Greyson Noir Leather - 30,Leather,Greyson Noir,30,Unknown
Greyson Noir Leather - Noir Leather / 31,Leather,Greyson Noir,Noir Leather,31
Greyson Noir Leather,Leather,Greyson Noir,Unknown,Unknown
Greyson Noir Leather - Noir Leather / 34,Leather,Greyson Noir,Noir Leather,34
Greyson Scarlet Leather - 38,Leather,Greyson Scarlet,38,Unknown
Greyson Scarlet Leather,Leather,Greyson Scarlet,Unknown,Unknown
Greyson Scarlet Leather - 33,Leather,Greyson Scarlet,33,Unknown
Greyson Scarlet Leather - 28,Leather,Greyson Scarlet,28,Unknown
Greyson Scarlet Leather - 32,Leather,Greyson Scarlet,32,Unknown
Greyson Scarlet Leather - 36,Leather,Greyson Scarlet,36,Unknown
Greyson Scarlet Leather - 30,Leather,Greyson Scarlet,30,Unknown
Greyson Scarlet Leather - 31,Leather,Greyson Scarlet,31,Unknown
Greyson Scarlet Leather - 40,Leather,Greyson Scarlet,40,Unknown
Greyson Scarlet Leather - 29,Leather,Greyson Scarlet,29,Unknown
Greyson Scarlet Leather - 34,Leather,Greyson Scarlet,34,Unknown
MFVLA1 Leather Noir - 28,Leather,MFVLA1,Noir,Unknown
MFVLA1 Leather Noir,Leather,MFVLA1,Noir,Unknown
MFVLA1 Leather Noir - 32,Leather,MFVLA1,Noir,Unknown
MFVLA1 Leather Noir - 36,Leather,MFVLA1,Noir,Unknown
MFVLA1 Leather Noir - 30,Leather,MFVLA1,Noir,Unknown
MFVLA1 Leather Noir - 31,Leather,MFVLA1,Noir,Unknown
MFVLA1 Leather Noir - 38,Leather,MFVLA1,Noir,Unknown
MFVLA1 Leather Noir - 34,Leather,MFVLA1,Noir,Unknown
Owen Leather Noir - M,Leather,Owen,Noir,Unknown
Owen Leather Noir - L,Leather,Owen,Noir,Unknown
Owen Leather Noir - XL,Leather,Owen,Noir,Unknown
Owen Leather Noir - XXL,Leather,Owen,Noir,Unknown
Owen Leather Noir,Leather,Owen,Noir,Unknown
Owen Leather Noir - S,Leather,Owen,Noir,Unknown
BRANDO ABERDEEN - 29,Other / Unknown,BRANDO,Unknown,Unknown
BRANDO ABERDEEN - 36,Other / Unknown,BRANDO,Unknown,Unknown
BRANDO ABERDEEN - 30,Other / Unknown,BRANDO,Unknown,Unknown
Bazo Counteroffer (e5dd3d06-904c-47f5-b0f4-4a76db6a192c),Other / Unknown,Bazo,Unknown,Unknown
Bazo Counteroffer (423f83f8-542a-4fb2-90ba-969cbeaab90b),Other / Unknown,Bazo,Unknown,Unknown
Bazo Counteroffer (2359773b-e99a-480f-9b31-b1a8cfc7bc9d),Other / Unknown,Bazo,Unknown,Unknown
Bazo Counteroffer (b82124d7-e150-4d91-9934-885d47abbb0d),Other / Unknown,Bazo,Unknown,Unknown
Bazo Counteroffer (9a380ae1-8af6-45f5-9049-b6d585a7575c),Other / Unknown,Bazo,Unknown,Unknown
Bazo Counteroffer (aed1e026-468d-4cf9-9ff0-d14e151e0d5b),Other / Unknown,Bazo,Unknown,Unknown
Bazo Counteroffer (d05f01e0-b842-40f4-bc0a-f3f333e71ef1),Other / Unknown,Bazo,Unknown,Unknown
Bazo Counteroffer (50dc3b0f-250f-4bcc-8bba-d4864926f43c),Other / Unknown,Bazo,Unknown,Unknown
Bazo Counteroffer (bbee0da9-720e-430b-a148-58bb5069bf76),Other / Unknown,Bazo,Unknown,Unknown
Bazo Counteroffer (0d7a90e5-7ebc-4d22-9729-ac11e2b347b3),Other / Unknown,Bazo,Unknown,Unknown
Bazo Counteroffer (0e1dc178-7204-400a-912f-4b6c862c10dc),Other / Unknown,Bazo,Unknown,Unknown
Bazo Counteroffer (32b64442-2599-4eee-b117-0b6c2083df0d),Other / Unknown,Bazo,Unknown,Unknown
Bazo Counteroffer (5a21862b-e246-47fa-b2a9-d7849430d69e),Other / Unknown,Bazo,Unknown,Unknown
Bazo Counteroffer (0f21669a-39dd-40ac-846d-623a04c7b651),Other / Unknown,Bazo,Unknown,Unknown
Bazo Counteroffer (dea4413c-636a-4110-acd6-3e7ec16148a4),Other / Unknown,Bazo,Unknown,Unknown
Blake Pailette Noir - L,Other / Unknown,Blake,Unknown,Unknown
Blake Pailette Noir - XXL,Other / Unknown,Blake,Unknown,Unknown
Blake Noir Pony Hair,Other / Unknown,Blake,Unknown,Unknown
Blake Noir Pony Hair - XXL,Other / Unknown,Blake,Unknown,Unknown
Blake Suede Noir - XS,Other / Unknown,Blake,Unknown,Unknown
Blake Noir Pony Hair - M,Other / Unknown,Blake,Unknown,Unknown
Blake Pailette Noir - XL / Pailette Noir,Other / Unknown,Blake,Unknown,Pailette Noir
Blake Suede Noir - Suede Noir / S,Other / Unknown,Blake,Unknown,S
Blake Suede Noir - Suede Noir / XS,Other / Unknown,Blake,Unknown,XS
Blake Suede Noir - M,Other / Unknown,Blake,Unknown,Unknown
Blake Navy - XS,Other / Unknown,Blake,Unknown,Unknown
Blake Suede Noir - XL,Other / Unknown,Blake,Unknown,Unknown
Blake Navy - L,Other / Unknown,Blake,Unknown,Unknown
Blake Navy - M,Other / Unknown,Blake,Unknown,Unknown
Blake Navy - Navy / M,Other / Unknown,Blake,Unknown,M
Blake Navy - Navy / XS,Other / Unknown,Blake,Unknown,XS
Blake Noir Pony Hair - XS,Other / Unknown,Blake,Unknown,Unknown
Blake Navy - Navy / XL,Other / Unknown,Blake,Unknown,XL
Blake Suede Noir - Suede Noir / XL,Other / Unknown,Blake,Unknown,XL
Blake Navy - XL,Other / Unknown,Blake,Unknown,Unknown
Blake Pailette Noir - XL,Other / Unknown,Blake,Unknown,Unknown
Blake Navy - Navy / XXL,Other / Unknown,Blake,Unknown,XXL
Blake Noir Pony Hair - XL,Other / Unknown,Blake,Unknown,Unknown
Blake Suede Noir - S,Other / Unknown,Blake,Unknown,Unknown
Blake Noir Pony Hair - S,Other / Unknown,Blake,Unknown,Unknown
Blake Pailette Noir - M,Other / Unknown,Blake,Unknown,Unknown
Blake Noir Pony Hair - L,Other / Unknown,Blake,Unknown,Unknown
Blake Pailette Noir,Other / Unknown,Blake,Unknown,Unknown
Blake Pailette Noir - S,Other / Unknown,Blake,Unknown,Unknown
Blake Suede Noir,Other / Unknown,Blake,Unknown,Unknown
Blake Navy - S,Other / Unknown,Blake,Unknown,Unknown
Bond Polo Taupe - S / Taupe,Other / Unknown,Bond,Unknown,Taupe
Bond Shirt Beverly Hills - S / Beverly Hills,Other / Unknown,Bond,Unknown,Beverly Hills
Bond Polo Crepe Noir - Noir / M,Other / Unknown,Bond,Unknown,M
Bond Polo Taupe - M,Other / Unknown,Bond,Unknown,Unknown
Bond Shirt Le Club - XXL / Le Club,Other / Unknown,Bond,Unknown,Le Club
Bond Shirt Le Club - XL,Other / Unknown,Bond,Unknown,Unknown
Bond Shirt Beverly Hills - S,Other / Unknown,Bond,Unknown,Unknown
Bond Short Fuchsia - XXL,Other / Unknown,Bond,Unknown,Unknown
Bond Polo Fuchsia - M,Other / Unknown,Bond,Unknown,Unknown
Bond Polo Fuchsia,Other / Unknown,Bond,Unknown,Unknown
Bond Shirt Beverly Hills - Beverly Hills / XXL,Other / Unknown,Bond,Unknown,XXL
Bond Shirt Le Club - Le Club / S,Other / Unknown,Bond,Unknown,S
Bond Shirt Mesh Noir,Other / Unknown,Bond,Unknown,Unknown
Bond Shirt Le Club - L / Le Club,Other / Unknown,Bond,Unknown,Le Club
Bond Polo Navy - XXL,Other / Unknown,Bond,Unknown,Unknown
Bond Polo Crepe Jade - XS,Other / Unknown,Bond,Unknown,Unknown
Bond Polo Fuchsia - XL,Other / Unknown,Bond,Unknown,Unknown
Bond Polo Navy - L,Other / Unknown,Bond,Unknown,Unknown
Bond Short Blanc - S,Other / Unknown,Bond,Unknown,Unknown
Bond Polo Crepe Noir - Noir / S,Other / Unknown,Bond,Unknown,S
Bond Polo Blanc - S,Other / Unknown,Bond,Unknown,Unknown
Bond Short Navy - XL,Other / Unknown,Bond,Unknown,Unknown
Bond Shirt Mesh Noir - XXL,Other / Unknown,Bond,Unknown,Unknown
Bond Corto Cuero Negro,Other / Unknown,Bond,Unknown,Unknown
Bond Shirt Mesh Noir - XS,Other / Unknown,Bond,Unknown,Unknown
Bond Polo Blanc - L,Other / Unknown,Bond,Unknown,Unknown
Bond Polo Navy - S,Other / Unknown,Bond,Unknown,Unknown
Bond Short Le Club - XL,Other / Unknown,Bond,Unknown,Unknown
Bond Short Navy - XS,Other / Unknown,Bond,Unknown,Unknown
Bond Short Fuchsia - XS,Other / Unknown,Bond,Unknown,Unknown
Bond Shirt Le Club - S,Other / Unknown,Bond,Unknown,Unknown
Bond Shirt Mesh Noir - L,Other / Unknown,Bond,Unknown,Unknown
Bond Shirt Silk Noir - M,Other / Unknown,Bond,Unknown,Unknown
Bond Polo Crepe Noir - S,Other / Unknown,Bond,Unknown,Unknown
Bond Polo Crepe Jade - M,Other / Unknown,Bond,Unknown,Unknown
Bond Shirt Beverly Hills - Beverly Hills / L,Other / Unknown,Bond,Unknown,L
Bond Polo Blanc - XL,Other / Unknown,Bond,Unknown,Unknown
Bond Shirt Le Club - Le Club / M,Other / Unknown,Bond,Unknown,M
Bond Shirt Silk Noir - L,Other / Unknown,Bond,Unknown,Unknown
Bond Short Blanc - L,Other / Unknown,Bond,Unknown,Unknown
Bond Polo Navy - XS,Other / Unknown,Bond,Unknown,Unknown
Bond Shirt Beverly Hills - Beverly Hills / XL,Other / Unknown,Bond,Unknown,XL
Bond Shirt Le Club - M / Le Club,Other / Unknown,Bond,Unknown,Le Club
Bond Short Blanc - XXL,Other / Unknown,Bond,Unknown,Unknown
Bond Shirt Silk Noir - XS,Other / Unknown,Bond,Unknown,Unknown
Bond Short Le Club - XXL,Other / Unknown,Bond,Unknown,Unknown
Bond Polo Crepe Noir,Other / Unknown,Bond,Unknown,Unknown
Bond Shirt Beverly Hills - Beverly Hills / S,Other / Unknown,Bond,Unknown,S
Bond Short Le Club - M,Other / Unknown,Bond,Unknown,Unknown
Bond Short Fuchsia - M,Other / Unknown,Bond,Unknown,Unknown
Bond Short Blanc,Other / Unknown,Bond,Unknown,Unknown
Bond Polo Navy,Other / Unknown,Bond,Unknown,Unknown
Bond Short Navy - S,Other / Unknown,Bond,Unknown,Unknown
Bond Shirt Silk Ivory - Ivory / XL,Other / Unknown,Bond,Unknown,XL
Bond Shirt Silk Noir - XXL,Other / Unknown,Bond,Unknown,Unknown
Bond Polo Taupe - Taupe / M,Other / Unknown,Bond,Unknown,M
Bond Polo Navy - XL,Other / Unknown,Bond,Unknown,Unknown
Bond Polo Crepe Jade - XL,Other / Unknown,Bond,Unknown,Unknown
Bond Polo Crepe Noir - Noir / XXL,Other / Unknown,Bond,Unknown,XXL
Bond Polo Taupe - M / Taupe,Other / Unknown,Bond,Unknown,Taupe
Bond Polo Taupe - L / Taupe,Other / Unknown,Bond,Unknown,Taupe
Bond Shirt Beverly Hills - Beverly Hills / M,Other / Unknown,Bond,Unknown,M
Bond Short Blanc - M,Other / Unknown,Bond,Unknown,Unknown
Bond Polo Taupe - XL,Other / Unknown,Bond,Unknown,Unknown
Bond Shirt Silk Ivory - Ivory / XXL,Other / Unknown,Bond,Unknown,XXL
Bond Shirt Silk Noir - S,Other / Unknown,Bond,Unknown,Unknown
Bond Polo Crepe Noir - XL,Other / Unknown,Bond,Unknown,Unknown
Bond Short Navy - M,Other / Unknown,Bond,Unknown,Unknown
Bond Shirt Mesh Noir - M,Other / Unknown,Bond,Unknown,Unknown
Bond Shirt Mesh Noir - S,Other / Unknown,Bond,Unknown,Unknown
Bond Polo Crepe Jade - XXL,Other / Unknown,Bond,Unknown,Unknown
Bond Short Navy - XXL,Other / Unknown,Bond,Unknown,Unknown
Bond Polo Fuchsia - XXL,Other / Unknown,Bond,Unknown,Unknown
Bond Short Fuchsia - L,Other / Unknown,Bond,Unknown,Unknown
Bond Shirt Silk Noir,Other / Unknown,Bond,Unknown,Unknown
Bond Polo Crepe Noir - L,Other / Unknown,Bond,Unknown,Unknown
Bond Short Fuchsia,Other / Unknown,Bond,Unknown,Unknown
Bond Short Le Club - L,Other / Unknown,Bond,Unknown,Unknown
Bond Court Cuir Noir,Other / Unknown,Bond,Unknown,Unknown
Bond Short Le Club - S,Other / Unknown,Bond,Unknown,Unknown
Bond Shirt Le Club - XL / Le Club,Other / Unknown,Bond,Unknown,Le Club
Bond Shirt Silk Ivory,Other / Unknown,Bond,Unknown,Unknown
Bond Shirt Silk Ivory - Ivory / M,Other / Unknown,Bond,Unknown,M
Bond Polo Crepe Jade,Other / Unknown,Bond,Unknown,Unknown
Bond Polo Fuchsia - S,Other / Unknown,Bond,Unknown,Unknown
Bond Polo Blanc - XS,Other / Unknown,Bond,Unknown,Unknown
Bond Polo Taupe - S,Other / Unknown,Bond,Unknown,Unknown
Bond Shirt Le Club,Other / Unknown,Bond,Unknown,Unknown
Bond Polo Blanc - M,Other / Unknown,Bond,Unknown,Unknown
Bond Shirt Beverly Hills - L / Beverly Hills,Other / Unknown,Bond,Unknown,Beverly Hills
Bond Short Fuchsia - XL,Other / Unknown,Bond,Unknown,Unknown
Bond Shirt Mesh Noir - XL,Other / Unknown,Bond,Unknown,Unknown
Bond Shirt Le Club - Le Club / XXL,Other / Unknown,Bond,Unknown,XXL
Bond Short Navy,Other / Unknown,Bond,Unknown,Unknown
Bond Polo Blanc - XXL,Other / Unknown,Bond,Unknown,Unknown
Bond Short Navy - L,Other / Unknown,Bond,Unknown,Unknown
Bond Shirt Le Club - Le Club / L,Other / Unknown,Bond,Unknown,L
Bond Polo Navy - M,Other / Unknown,Bond,Unknown,Unknown
Bond Polo Crepe Jade - L,Other / Unknown,Bond,Unknown,Unknown
Bond Polo Crepe Noir - XS,Other / Unknown,Bond,Unknown,Unknown
Bond Shirt Le Club - Le Club / XL,Other / Unknown,Bond,Unknown,XL
Bond Polo Crepe Jade - S,Other / Unknown,Bond,Unknown,Unknown
Bond Shirt Beverly Hills,Other / Unknown,Bond,Unknown,Unknown
Bond Polo Taupe - L,Other / Unknown,Bond,Unknown,Unknown
Bond Short Le Club - XS,Other / Unknown,Bond,Unknown,Unknown
Bond Polo Crepe Noir - M,Other / Unknown,Bond,Unknown,Unknown
Bond Polo Fuchsia - XS,Other / Unknown,Bond,Unknown,Unknown
Bond Short Blanc - XL,Other / Unknown,Bond,Unknown,Unknown
Bond Polo Blanc,Other / Unknown,Bond,Unknown,Unknown
Bond Shirt Beverly Hills - XL,Other / Unknown,Bond,Unknown,Unknown
Bond Polo Taupe - Taupe / S,Other / Unknown,Bond,Unknown,S
Bond Shirt Le Club - S / Le Club,Other / Unknown,Bond,Unknown,Le Club
Bond Shirt Le Club - L,Other / Unknown,Bond,Unknown,Unknown
Bond Short Blanc - XS,Other / Unknown,Bond,Unknown,Unknown
Bond Shirt Silk Noir - XL,Other / Unknown,Bond,Unknown,Unknown
Bond Polo Fuchsia - L,Other / Unknown,Bond,Unknown,Unknown
Brando Light Grey - 34,Other / Unknown,Brando,Unknown,Unknown
Brando Marrakesh - 31,Other / Unknown,Brando,Unknown,Unknown
Brando Short Light Grey - Light Grey / 38,Other / Unknown,Brando,Unknown,38
Brando Ink - Ink / 40,Other / Unknown,Brando,Unknown,40
Brando Hollywood - 30,Other / Unknown,Brando,Unknown,Unknown
Brando Hollywood - 32,Other / Unknown,Brando,Unknown,Unknown
Brando Vail - 29,Other / Unknown,Brando,Unknown,Unknown
Brando Oakland - 36,Other / Unknown,Brando,Unknown,Unknown
Brando Hamburg - Hamburg / 30,Other / Unknown,Brando,Unknown,30
Brando Mocha - 32,Other / Unknown,Brando,Unknown,Unknown
Brando Aruba - 28,Other / Unknown,Brando,Unknown,Unknown
Brando Needle Cord Vintage Blanc,Other / Unknown,Brando,Unknown,Unknown
Brando Blanc - 38,Other / Unknown,Brando,Unknown,Unknown
Brando Toul,Other / Unknown,Brando,Unknown,Unknown
Brando Ash - Ash / 30,Other / Unknown,Brando,Unknown,30
Brando Distressed Le Mans - 31,Other / Unknown,Brando,Unknown,Unknown
Brando Blanc - 29,Other / Unknown,Brando,Unknown,Unknown
Brando Needle Cord Vintage Blanc - Vintage Blanc / 33,Other / Unknown,Brando,Unknown,33
Brando Pebble - 30,Other / Unknown,Brando,Unknown,Unknown
Brando Rio - 31,Other / Unknown,Brando,Unknown,Unknown
Brando Needle Cord Vintage Blanc - Vintage Blanc / 34,Other / Unknown,Brando,Unknown,34
Brando Toulouse - 30,Other / Unknown,Brando,Unknown,Unknown
Brando Linen Jade - 28,Other / Unknown,Brando,Unknown,Unknown
Brando Pebble,Other / Unknown,Brando,Unknown,Unknown
Brando Hollywood - 31,Other / Unknown,Brando,Unknown,Unknown
Brando Noir Tux - 31,Other / Unknown,Brando,Unknown,Unknown
Brando Memphis - 36,Other / Unknown,Brando,Unknown,Unknown
Brando Noir - Noir / 36,Other / Unknown,Brando,Unknown,36
Brando Encino - 38,Other / Unknown,Brando,Unknown,Unknown
Brando Memphis - 38,Other / Unknown,Brando,Unknown,Unknown
Brando Destroyed Noir - Destroyed Noir / 33,Other / Unknown,Brando,Unknown,33
Brando Needle Cord Plum - Plum / 30,Other / Unknown,Brando,Unknown,30
Brando Sienna - 38,Other / Unknown,Brando,Unknown,Unknown
Brando Linen Capuccino - 34,Other / Unknown,Brando,Unknown,Unknown
Brando Hamburg - 34,Other / Unknown,Brando,Unknown,Unknown
Brando Carbon Needle Cord - 33,Other / Unknown,Brando,Unknown,Unknown
Brando Jade - Jade / 31,Other / Unknown,Brando,Unknown,31
Brando Oakland - 34,Other / Unknown,Brando,Unknown,Unknown
Brando Cote D'Ivoir - 38,Other / Unknown,Brando,Unknown,Unknown
Brando Oakland - 38,Other / Unknown,Brando,Unknown,Unknown
Brando Linen Capuccino - 30,Other / Unknown,Brando,Unknown,Unknown
Brando Carbon - 28,Other / Unknown,Brando,Unknown,Unknown
Brando Aberdeen - Aberdeen / 38,Other / Unknown,Brando,Unknown,38
Brando Distressed Le Mans - 32,Other / Unknown,Brando,Unknown,Unknown
Brando Linen Aberdeen - Aberdeen / 33,Other / Unknown,Brando,Unknown,33
Brando St Barths - St Barths / 28,Other / Unknown,Brando,Unknown,28
Brando Distressed Greigio - 31,Other / Unknown,Brando,Unknown,Unknown
Brando Canary - 31,Other / Unknown,Brando,Unknown,Unknown
Brando Santa Monica - 29,Other / Unknown,Brando,Unknown,Unknown
Brando Memphis - 32,Other / Unknown,Brando,Unknown,Unknown
Brando Santorini - 38,Other / Unknown,Brando,Unknown,Unknown
Brando Chrysler - 30,Other / Unknown,Brando,Unknown,Unknown
Brando Marrakesh - Marrakesh / 33,Other / Unknown,Brando,Unknown,33
Brando Short Mineral Green - Mineral Green / 32,Other / Unknown,Brando,Unknown,32
Brando Capri - Capri / 32,Other / Unknown,Brando,Unknown,32
Brando Memphis - Memphis / 30,Other / Unknown,Brando,Unknown,30
Brando Montego - 34,Other / Unknown,Brando,Unknown,Unknown
Brando Stone - Stone / 30,Other / Unknown,Brando,Unknown,30
Brando Santa Monica - 40,Other / Unknown,Brando,Unknown,Unknown
Brando Short Mineral Green - 38 / Mineral Green,Other / Unknown,Brando,Unknown,Mineral Green
Brando Vintage Waxed Cognac - 36,Other / Unknown,Brando,Unknown,Unknown
Brando Athens - Athens / 29,Other / Unknown,Brando,Unknown,29
Brando Cote D'Ivoir - 36,Other / Unknown,Brando,Unknown,Unknown
Brando Short Mineral Green - Mineral Green / 28,Other / Unknown,Brando,Unknown,28
Brando Destroyed Noir - Destroyed Noir / 36,Other / Unknown,Brando,Unknown,36
Brando Montego - 38,Other / Unknown,Brando,Unknown,Unknown
Brando Aruba - Aruba / 38,Other / Unknown,Brando,Unknown,38
Brando Dark Stone - Dark Stone / 38,Other / Unknown,Brando,Unknown,38
Brando Puglia - Puglia / 29,Other / Unknown,Brando,Unknown,29
Brando Vintage Blanc - 36,Other / Unknown,Brando,Unknown,Unknown
Brando Ash - 33,Other / Unknown,Brando,Unknown,Unknown
Brando Nimes - 34,Other / Unknown,Brando,Unknown,Unknown
Brando Vail - 28,Other / Unknown,Brando,Unknown,Unknown
Brando Vintage - Vintage / 40,Other / Unknown,Brando,Unknown,40
Brando Dark Stone - Dark Stone / 31,Other / Unknown,Brando,Unknown,31
Brando Aruba - 33,Other / Unknown,Brando,Unknown,Unknown
Brando Ink - 33 / Ink,Other / Unknown,Brando,Unknown,Ink
Brando Sienna - Sienna / 32,Other / Unknown,Brando,Unknown,32
Brando Vail - Vail / 29,Other / Unknown,Brando,Unknown,29
Brando Linen St Barths - 34,Other / Unknown,Brando,Unknown,Unknown
Brando Hamburg - 29,Other / Unknown,Brando,Unknown,Unknown
Brando Linen Jade - 32,Other / Unknown,Brando,Unknown,Unknown
Brando Twilight Needle Cord - 34,Other / Unknown,Brando,Unknown,Unknown
Brando Santorini - 31,Other / Unknown,Brando,Unknown,Unknown
Brando Montreal - Montreal / 30,Other / Unknown,Brando,Unknown,30
Brando Needle Cord Vintage Blanc - Vintage Blanc / 29,Other / Unknown,Brando,Unknown,29
Brando Santa Monica - 31,Other / Unknown,Brando,Unknown,Unknown
Brando Hollywood - Hollywood / 33,Other / Unknown,Brando,Unknown,33
Brando Short Vintage Blanc - Vintage Blanc / 36,Other / Unknown,Brando,Unknown,36
Brando Linen St Barths - St Barths / 33,Other / Unknown,Brando,Unknown,33
Brando Sorento - Sorento / 33,Other / Unknown,Brando,Unknown,33
Brando Stone - 40,Other / Unknown,Brando,Unknown,Unknown
Brando Noir - Noir / 40,Other / Unknown,Brando,Unknown,40
Brando Puglia - 34,Other / Unknown,Brando,Unknown,Unknown
Brando Carbon Needle Cord - 38,Other / Unknown,Brando,Unknown,Unknown
Brando Needle Cord Juniper - Juniper / 33,Other / Unknown,Brando,Unknown,33
Brando Vail - 29 / Vail,Other / Unknown,Brando,Unknown,Vail
Brando Noir Tux - 33,Other / Unknown,Brando,Unknown,Unknown
Brando Noir - 32,Other / Unknown,Brando,Unknown,Unknown
Brando Seville - 32,Other / Unknown,Brando,Unknown,Unknown
Brando Stone - 31,Other / Unknown,Brando,Unknown,Unknown
Brando Needle Cord Plum - Plum / 29,Other / Unknown,Brando,Unknown,29
Brando Vintage Blanc - Vintage Blanc / 33,Other / Unknown,Brando,Unknown,33
Brando Khaki - 34,Other / Unknown,Brando,Unknown,Unknown
Brando Oxford - 31,Other / Unknown,Brando,Unknown,Unknown
Brando ejército de lujo parisino,Other / Unknown,Brando,Unknown,Unknown
Brando Needle Cord Khaki - Khaki / 38,Other / Unknown,Brando,Unknown,38
Brando Vintage - 30,Other / Unknown,Brando,Unknown,Unknown
Brando Navy - 38,Other / Unknown,Brando,Unknown,Unknown
Brando Ink - 40,Other / Unknown,Brando,Unknown,Unknown
Brando Toul - 30,Other / Unknown,Brando,Unknown,Unknown
Brando Montego - 31,Other / Unknown,Brando,Unknown,Unknown
Brando Memphis - Memphis / 33,Other / Unknown,Brando,Unknown,33
Brando Santa Monica - 28,Other / Unknown,Brando,Unknown,Unknown
Brando Rodeo Drive - 36,Other / Unknown,Brando,Unknown,Unknown
Brando Rodeo Drive - 34,Other / Unknown,Brando,Unknown,Unknown
Brando Vintage Stone,Other / Unknown,Brando,Unknown,Unknown
Brando Noir - 33,Other / Unknown,Brando,Unknown,Unknown
Brando Seville - 36,Other / Unknown,Brando,Unknown,Unknown
Brando Vintage - 33,Other / Unknown,Brando,Unknown,Unknown
Brando Chrysler - 31,Other / Unknown,Brando,Unknown,Unknown
Brando Prague - 38,Other / Unknown,Brando,Unknown,Unknown
Brando Needle Cord Khaki - Khaki / 36,Other / Unknown,Brando,Unknown,36
Brando Santorini - Santorini / 38,Other / Unknown,Brando,Unknown,38
Brando Sorento - 34,Other / Unknown,Brando,Unknown,Unknown
Brando Linen Light Grey - 33,Other / Unknown,Brando,Unknown,Unknown
Brando Vintage Waxed Cognac - 29,Other / Unknown,Brando,Unknown,Unknown
Brando Toulouse,Other / Unknown,Brando,Unknown,Unknown
Brando Naples - 30,Other / Unknown,Brando,Unknown,Unknown
Brando Vail - Vail / 36,Other / Unknown,Brando,Unknown,36
Brando Distressed Swirl - 30,Other / Unknown,Brando,Unknown,Unknown
Brando Khaki - 36,Other / Unknown,Brando,Unknown,Unknown
Brando Milan - 30,Other / Unknown,Brando,Unknown,Unknown
Brando Dark Stone - Dark Stone / 28,Other / Unknown,Brando,Unknown,28
Brando Sand - Sand / 32,Other / Unknown,Brando,Unknown,32
Brando Prague - 33,Other / Unknown,Brando,Unknown,Unknown
Brando Chrysler - 38,Other / Unknown,Brando,Unknown,Unknown
Brando Santa Cruz - Santa Cruz / 40,Other / Unknown,Brando,Unknown,40
Brando Blanc - 28 / Blanc,Other / Unknown,Brando,Unknown,Blanc
Brando Blanc - 33 / Blanc,Other / Unknown,Brando,Unknown,Blanc
Brando Montreal - Montreal / 40,Other / Unknown,Brando,Unknown,40
Brando Montreal - Montreal / 33,Other / Unknown,Brando,Unknown,33
Brando Capri - 29,Other / Unknown,Brando,Unknown,Unknown
Brando Tobacco - 36,Other / Unknown,Brando,Unknown,Unknown
Brando Short Vintage Blanc - Vintage Blanc / 33,Other / Unknown,Brando,Unknown,33
Brando Twilight Needle Cord - 40,Other / Unknown,Brando,Unknown,Unknown
Brando Short Mineral Green,Other / Unknown,Brando,Unknown,Unknown
Brando St Barth's - St Barths / 34,Other / Unknown,Brando,Unknown,34
Brando Linen Capuccino - 31,Other / Unknown,Brando,Unknown,Unknown
Brando Blanc - 32,Other / Unknown,Brando,Unknown,Unknown
Brando Light Vintage - Light Vintage / 31,Other / Unknown,Brando,Unknown,31
Brando Vintage - Vintage / 28,Other / Unknown,Brando,Unknown,28
Brando Linen Sage - 36,Other / Unknown,Brando,Unknown,Unknown
Brando Short Light Grey - 34 / Light Grey,Other / Unknown,Brando,Unknown,Light Grey
Brando Smoke - 28,Other / Unknown,Brando,Unknown,Unknown
Brando Rio - 34,Other / Unknown,Brando,Unknown,Unknown
Brando Linen Royal - Royal / 29,Other / Unknown,Brando,Unknown,29
Brando Ink - Ink / 32,Other / Unknown,Brando,Unknown,32
Brando Montreal - 36,Other / Unknown,Brando,Unknown,Unknown
Brando Needle Cord Juniper - Juniper / 32,Other / Unknown,Brando,Unknown,32
Brando Vintage Waxed Steel - 38,Other / Unknown,Brando,Unknown,Unknown
Brando Jade - Jade / 32,Other / Unknown,Brando,Unknown,32
Brando Stone - Stone / 40,Other / Unknown,Brando,Unknown,40
Brando Oxford - 40,Other / Unknown,Brando,Unknown,Unknown
Brando Pebble - 31,Other / Unknown,Brando,Unknown,Unknown
Brando Kauai - 29,Other / Unknown,Brando,Unknown,Unknown
Brando Cote D'Ivoir - 32,Other / Unknown,Brando,Unknown,Unknown
Brando Light Grey - 32,Other / Unknown,Brando,Unknown,Unknown
Brando Needle Cord Juniper - Juniper / 36,Other / Unknown,Brando,Unknown,36
Brando Distressed Le Mans - 36,Other / Unknown,Brando,Unknown,Unknown
Brando Vail - Vail / 42,Other / Unknown,Brando,Unknown,42
Brando Short Vintage Blanc - Vintage Blanc / 29,Other / Unknown,Brando,Unknown,29
Brando Ink - 28,Other / Unknown,Brando,Unknown,Unknown
Brando Noir - Noir / 31,Other / Unknown,Brando,Unknown,31
Brando Distressed Greigio - 30,Other / Unknown,Brando,Unknown,Unknown
Brando Noir Tux - 38,Other / Unknown,Brando,Unknown,Unknown
Brando Santorini - 36,Other / Unknown,Brando,Unknown,Unknown
Brando Seville - Seville / 33,Other / Unknown,Brando,Unknown,33
Brando Parisino Luxe Azul Marino - 31,Other / Unknown,Brando,Unknown,Unknown
Brando Hamburg - Hamburg / 33,Other / Unknown,Brando,Unknown,33
Brando Linen Aberdeen - 33,Other / Unknown,Brando,Unknown,Unknown
Brando Blanc - 34,Other / Unknown,Brando,Unknown,Unknown
Brando Puglia - 32,Other / Unknown,Brando,Unknown,Unknown
Brando Light Vintage - Light Vintage / 28,Other / Unknown,Brando,Unknown,28
Brando Pebble - 36,Other / Unknown,Brando,Unknown,Unknown
Brando Oakland - 32,Other / Unknown,Brando,Unknown,Unknown
Brando Noir Tux - 28,Other / Unknown,Brando,Unknown,Unknown
Brando Kauai - Kauai / 31,Other / Unknown,Brando,Unknown,31
Brando Linen Noir - 32,Other / Unknown,Brando,Unknown,Unknown
Brando Twilight Needle Cord - 31,Other / Unknown,Brando,Unknown,Unknown
Brando Montreal - Montreal / 29,Other / Unknown,Brando,Unknown,29
Brando Vintage Stone - Vintage Stone / 28,Other / Unknown,Brando,Unknown,28
Brando Capri - 36,Other / Unknown,Brando,Unknown,Unknown
Brando Vintage Blanc,Other / Unknown,Brando,Unknown,Unknown
Brando Seville - Seville / 31,Other / Unknown,Brando,Unknown,31
Brando Encino - 30,Other / Unknown,Brando,Unknown,Unknown
Brando Short Mineral Green - 32,Other / Unknown,Brando,Unknown,Unknown
Brando Ash - 32,Other / Unknown,Brando,Unknown,Unknown
Brando Ink - 28 / Ink,Other / Unknown,Brando,Unknown,Ink
Brando Prague - 36,Other / Unknown,Brando,Unknown,Unknown
Brando Rodeo Drive - 38,Other / Unknown,Brando,Unknown,Unknown
Brando Noir - Noir / 30,Other / Unknown,Brando,Unknown,30
Brando Linen Jade - Jade / 28,Other / Unknown,Brando,Unknown,28
Brando Linen Blanc,Other / Unknown,Brando,Unknown,Unknown
Brando Hollywood - 36,Other / Unknown,Brando,Unknown,Unknown
Brando Vail - Vail / 32,Other / Unknown,Brando,Unknown,32
Brando Seville - 33,Other / Unknown,Brando,Unknown,Unknown
Brando Noir Needle Cord - 33,Other / Unknown,Brando,Unknown,Unknown
Brando Smoke - 32,Other / Unknown,Brando,Unknown,Unknown
Brando Encino - Encino / 40,Other / Unknown,Brando,Unknown,40
Brando Aruba - 36,Other / Unknown,Brando,Unknown,Unknown
Brando Memphis,Other / Unknown,Brando,Unknown,Unknown
Brando Linen Sage - 38,Other / Unknown,Brando,Unknown,Unknown
Brando Short Light Grey - 33 / Light Grey,Other / Unknown,Brando,Unknown,Light Grey
Brando Carbon,Other / Unknown,Brando,Unknown,Unknown
Brando Short Vintage Blanc - 30,Other / Unknown,Brando,Unknown,Unknown
Brando Navy - 33,Other / Unknown,Brando,Unknown,Unknown
Brando Noir Needle Cord - 38,Other / Unknown,Brando,Unknown,Unknown
Brando Noir - 28 / Noir,Other / Unknown,Brando,Unknown,Noir
Brando Vintage Blanc - Vintage Blanc / 36,Other / Unknown,Brando,Unknown,36
Brando Twilight Needle Cord - 29,Other / Unknown,Brando,Unknown,Unknown
Brando St Barths - 30,Other / Unknown,Brando,Unknown,Unknown
Brando Royal - Royal / 34,Other / Unknown,Brando,Unknown,34
Brando Memphis - Memphis / 28,Other / Unknown,Brando,Unknown,28
Brando Aruba - 31,Other / Unknown,Brando,Unknown,Unknown
Brando Florentine - Florentine / 36,Other / Unknown,Brando,Unknown,36
Brando Pico - 32,Other / Unknown,Brando,Unknown,Unknown
Brando Ink - 34,Other / Unknown,Brando,Unknown,Unknown
Brando Nimes - 38,Other / Unknown,Brando,Unknown,Unknown
Brando Vintage Stone - 34,Other / Unknown,Brando,Unknown,Unknown
Brando Vail - 30,Other / Unknown,Brando,Unknown,Unknown
Brando Canary - 30,Other / Unknown,Brando,Unknown,Unknown
Brando Hollywood - Hollywood / 29,Other / Unknown,Brando,Unknown,29
Brando Distressed Greigio - 33,Other / Unknown,Brando,Unknown,Unknown
Brando Ink - Ink / 33,Other / Unknown,Brando,Unknown,33
Brando Ink - Ink / 31,Other / Unknown,Brando,Unknown,31
Brando Ash - 38,Other / Unknown,Brando,Unknown,Unknown
Brando Linen Royal - Royal / 31,Other / Unknown,Brando,Unknown,31
Brando Short Light Grey - 30,Other / Unknown,Brando,Unknown,Unknown
Brando Nimes - 31,Other / Unknown,Brando,Unknown,Unknown
Brando Santa Cruz - Santa Cruz / 28,Other / Unknown,Brando,Unknown,28
Brando Short Vintage Blanc,Other / Unknown,Brando,Unknown,Unknown
Brando Aberdeen - 32,Other / Unknown,Brando,Unknown,Unknown
Brando Twilight Needle Cord - 28,Other / Unknown,Brando,Unknown,Unknown
Brando Vintage - Vintage / 36,Other / Unknown,Brando,Unknown,36
Brando Santorini - 29,Other / Unknown,Brando,Unknown,Unknown
Brando St Barth's - St Barths / 33,Other / Unknown,Brando,Unknown,33
Brando Distressed Greigio - 36,Other / Unknown,Brando,Unknown,Unknown
Brando Short Light Grey - 32 / Light Grey,Other / Unknown,Brando,Unknown,Light Grey
Brando Stone - Stone / 29,Other / Unknown,Brando,Unknown,29
Brando Encino - 31,Other / Unknown,Brando,Unknown,Unknown
Brando Smoke - 30,Other / Unknown,Brando,Unknown,Unknown
Brando Coral - Coral / 30,Other / Unknown,Brando,Unknown,30
Brando Tobacco - 28,Other / Unknown,Brando,Unknown,Unknown
Brando Carbon - 36,Other / Unknown,Brando,Unknown,Unknown
Brando Needle Cord Juniper - Juniper / 38,Other / Unknown,Brando,Unknown,38
Brando Oakland - 28,Other / Unknown,Brando,Unknown,Unknown
Brando Ink - Ink / 38,Other / Unknown,Brando,Unknown,38
Brando Blanc,Other / Unknown,Brando,Unknown,Unknown
Brando Noir Needle Cord - 36,Other / Unknown,Brando,Unknown,Unknown
Brando Blanc - 40,Other / Unknown,Brando,Unknown,Unknown
Brando Linen Aberdeen - 31,Other / Unknown,Brando,Unknown,Unknown
Brando Oakland - 33,Other / Unknown,Brando,Unknown,Unknown
Brando Noir Needle Cord - 30,Other / Unknown,Brando,Unknown,Unknown
Brando Santa Cruz - Santa Cruz / 29,Other / Unknown,Brando,Unknown,29
Brando Memphis - 30,Other / Unknown,Brando,Unknown,Unknown
Brando Noir - 36 / Noir,Other / Unknown,Brando,Unknown,Noir
Brando Carbon - 30,Other / Unknown,Brando,Unknown,Unknown
Brando Linen Royal - Royal / 30,Other / Unknown,Brando,Unknown,30
Brando Montego - 32,Other / Unknown,Brando,Unknown,Unknown
Brando Vintage - 34,Other / Unknown,Brando,Unknown,Unknown
Brando Ash - 36,Other / Unknown,Brando,Unknown,Unknown
Brando Smoke - Smoke / 29,Other / Unknown,Brando,Unknown,29
Brando Sorento - 40,Other / Unknown,Brando,Unknown,Unknown
Brando Short Mineral Green - Mineral Green / 33,Other / Unknown,Brando,Unknown,33
Brando Encino - 32,Other / Unknown,Brando,Unknown,Unknown
Brando St Barths - St Barths / 30,Other / Unknown,Brando,Unknown,30
Brando Vintage Stone - Vintage Stone / 36,Other / Unknown,Brando,Unknown,36
Brando Noir - Noir / 28,Other / Unknown,Brando,Unknown,28
Brando Athens - 36,Other / Unknown,Brando,Unknown,Unknown
Brando Vintage Stone - 36,Other / Unknown,Brando,Unknown,Unknown
Brando Linen Light Grey - 38,Other / Unknown,Brando,Unknown,Unknown
Brando Twilight Needle Cord - 33,Other / Unknown,Brando,Unknown,Unknown
Brando Vail - Vail / 33,Other / Unknown,Brando,Unknown,33
Brando Ink - 29,Other / Unknown,Brando,Unknown,Unknown
Brando Linen Royal - Royal / 40,Other / Unknown,Brando,Unknown,40
Brando Florentine - 32,Other / Unknown,Brando,Unknown,Unknown
Brando Khaki - 30,Other / Unknown,Brando,Unknown,Unknown
Brando Nimes - 32,Other / Unknown,Brando,Unknown,Unknown
Brando Oakland - Oakland / 33,Other / Unknown,Brando,Unknown,33
Brando Short Mineral Green - 29,Other / Unknown,Brando,Unknown,Unknown
Brando Hollywood - Hollywood / 30,Other / Unknown,Brando,Unknown,30
Brando Light Vintage - 30,Other / Unknown,Brando,Unknown,Unknown
Brando Needle Cord Vintage Blanc - Vintage Blanc / 30,Other / Unknown,Brando,Unknown,30
Brando Florentine - 33,Other / Unknown,Brando,Unknown,Unknown
Brando Aberdeen - 32 / Aberdeen,Other / Unknown,Brando,Unknown,Aberdeen
Brando Toul - 32,Other / Unknown,Brando,Unknown,Unknown
Brando Pico - 36,Other / Unknown,Brando,Unknown,Unknown
Brando Navy - 34,Other / Unknown,Brando,Unknown,Unknown
Brando Oxford - 36,Other / Unknown,Brando,Unknown,Unknown
Brando Memphis - Memphis / 38,Other / Unknown,Brando,Unknown,38
Brando Puglia - 31,Other / Unknown,Brando,Unknown,Unknown
Brando Linen Sage - 30,Other / Unknown,Brando,Unknown,Unknown
Brando Montreal - Montreal / 32,Other / Unknown,Brando,Unknown,32
Brando Pebble - 29,Other / Unknown,Brando,Unknown,Unknown
Brando Milan - 31,Other / Unknown,Brando,Unknown,Unknown
Brando Puglia - 38,Other / Unknown,Brando,Unknown,Unknown
Brando Ink - 34 / Ink,Other / Unknown,Brando,Unknown,Ink
Brando Blanc - Blanc / 31,Other / Unknown,Brando,Unknown,31
Brando St Barths - St Barths / 34,Other / Unknown,Brando,Unknown,34
Brando Vintage Waxed Cognac - 30,Other / Unknown,Brando,Unknown,Unknown
Brando Dark Stone - Dark Stone / 30,Other / Unknown,Brando,Unknown,30
Brando Short Vintage Blanc - 32,Other / Unknown,Brando,Unknown,Unknown
Brando Belmar - Belmar / 33,Other / Unknown,Brando,Unknown,33
Brando Noir Needle Cord - 29,Other / Unknown,Brando,Unknown,Unknown
Brando Santorini - Santorini / 29,Other / Unknown,Brando,Unknown,29
Brando Khaki - 33,Other / Unknown,Brando,Unknown,Unknown
Brando Cote D'Ivoir - 29,Other / Unknown,Brando,Unknown,Unknown
Brando Manchester - 32,Other / Unknown,Brando,Unknown,Unknown
Brando Linen Blanc - 30,Other / Unknown,Brando,Unknown,Unknown
Brando Vintage Waxed Steel - 36,Other / Unknown,Brando,Unknown,Unknown
Brando Ink - Ink / 30,Other / Unknown,Brando,Unknown,30
Brando Carbon - 40,Other / Unknown,Brando,Unknown,Unknown
Brando Capri - Capri / 28,Other / Unknown,Brando,Unknown,28
Brando Sienna - 34,Other / Unknown,Brando,Unknown,Unknown
Brando Linen Sage - 34,Other / Unknown,Brando,Unknown,Unknown
Brando Sienna - 31,Other / Unknown,Brando,Unknown,Unknown
Brando Short Light Grey - 33,Other / Unknown,Brando,Unknown,Unknown
Brando Encino - 40,Other / Unknown,Brando,Unknown,Unknown
Brando Aruba - Aruba / 28,Other / Unknown,Brando,Unknown,28
Brando Short Light Grey,Other / Unknown,Brando,Unknown,Unknown
Brando Carbon Needle Cord - 32,Other / Unknown,Brando,Unknown,Unknown
Brando Vail - 32,Other / Unknown,Brando,Unknown,Unknown
Brando Smoke - 36,Other / Unknown,Brando,Unknown,Unknown
Brando Vintage Blanc - 33,Other / Unknown,Brando,Unknown,Unknown
Brando Needle Cord Juniper - Juniper / 34,Other / Unknown,Brando,Unknown,34
Brando Stone - 38,Other / Unknown,Brando,Unknown,Unknown
Brando Kauai - Kauai / 32,Other / Unknown,Brando,Unknown,32
Brando Linen St Barths - 33,Other / Unknown,Brando,Unknown,Unknown
Brando Sand - Sand / 33,Other / Unknown,Brando,Unknown,33
Brando Ash - 28,Other / Unknown,Brando,Unknown,Unknown
Brando Encino - Encino / 32,Other / Unknown,Brando,Unknown,32
Brando Mocha - 34 / Mocha,Other / Unknown,Brando,Unknown,Mocha
Brando Vintage Waxed Steel - 34,Other / Unknown,Brando,Unknown,Unknown
Brando Naples - Naples / 31,Other / Unknown,Brando,Unknown,31
Brando Short Mineral Green - 33,Other / Unknown,Brando,Unknown,Unknown
Brando Jade - Jade / 40,Other / Unknown,Brando,Unknown,40
Brando Toul - 31,Other / Unknown,Brando,Unknown,Unknown
Brando Chrysler - 33,Other / Unknown,Brando,Unknown,Unknown
Brando Sorento - 31,Other / Unknown,Brando,Unknown,Unknown
Brando Sorento - 38,Other / Unknown,Brando,Unknown,Unknown
Brando Seville - 40,Other / Unknown,Brando,Unknown,Unknown
Brando Kauai - 34,Other / Unknown,Brando,Unknown,Unknown
Brando Coral - Coral / 36,Other / Unknown,Brando,Unknown,36
Brando Smoke - Smoke / 31,Other / Unknown,Brando,Unknown,31
Brando Short Light Grey - 28,Other / Unknown,Brando,Unknown,Unknown
Brando Tobacco - 38,Other / Unknown,Brando,Unknown,Unknown
Brando Seville - Seville / 28,Other / Unknown,Brando,Unknown,28
Brando Toulouse - 31,Other / Unknown,Brando,Unknown,Unknown
Brando Smoke - 29,Other / Unknown,Brando,Unknown,Unknown
Brando Sand - Sand / 38,Other / Unknown,Brando,Unknown,38
Brando Nimes - 28,Other / Unknown,Brando,Unknown,Unknown
Brando Santorini - Santorini / 36,Other / Unknown,Brando,Unknown,36
Brando Capri - 32,Other / Unknown,Brando,Unknown,Unknown
Brando Stone - 32,Other / Unknown,Brando,Unknown,Unknown
Brando Oxford - 30,Other / Unknown,Brando,Unknown,Unknown
Brando Ink - 29 / Ink,Other / Unknown,Brando,Unknown,Ink
Brando Cairo - 33,Other / Unknown,Brando,Unknown,Unknown
Brando Capri - 30,Other / Unknown,Brando,Unknown,Unknown
Brando Short Vintage Blanc - 40,Other / Unknown,Brando,Unknown,Unknown
Brando Vintage Blanc - Vintage Blanc / 28,Other / Unknown,Brando,Unknown,28
Brando Distressed Swirl - Distressed Swirl / 30,Other / Unknown,Brando,Unknown,30
Brando Ash - Ash / 28,Other / Unknown,Brando,Unknown,28
Brando Athens - 34,Other / Unknown,Brando,Unknown,Unknown
Brando Distressed Le Mans - 33,Other / Unknown,Brando,Unknown,Unknown
Brando Short Light Grey - Light Grey / 34,Other / Unknown,Brando,Unknown,34
Brando Stone - 28,Other / Unknown,Brando,Unknown,Unknown
Brando Vintage Stone - Vintage Stone / 30,Other / Unknown,Brando,Unknown,30
Brando Needle Cord Juniper - Juniper / 31,Other / Unknown,Brando,Unknown,31
Brando Smoke - Smoke / 33,Other / Unknown,Brando,Unknown,33
Brando Marrakesh - Marrakesh / 34,Other / Unknown,Brando,Unknown,34
Brando Cote D'Ivoir - 31,Other / Unknown,Brando,Unknown,Unknown
Brando Ink - 36,Other / Unknown,Brando,Unknown,Unknown
Brando Mineral Green - 33,Other / Unknown,Brando,Unknown,Unknown
Brando Hamburg - Hamburg / 31,Other / Unknown,Brando,Unknown,31
Brando Pico - 38,Other / Unknown,Brando,Unknown,Unknown
Brando Short Mineral Green - 31,Other / Unknown,Brando,Unknown,Unknown
Brando Santa Cruz - Santa Cruz / 36,Other / Unknown,Brando,Unknown,36
Brando Distressed Le Mans - 29,Other / Unknown,Brando,Unknown,Unknown
Brando Santa Cruz - 36,Other / Unknown,Brando,Unknown,Unknown
Brando Vintage Waxed Steel - 30,Other / Unknown,Brando,Unknown,Unknown
Brando Noir Tux - 29,Other / Unknown,Brando,Unknown,Unknown
Brando St Barths - 38,Other / Unknown,Brando,Unknown,Unknown
Brando Seville - 34,Other / Unknown,Brando,Unknown,Unknown
Brando Vintage Waxed Cognac - 32,Other / Unknown,Brando,Unknown,Unknown
Brando Santa Cruz - Santa Cruz / 30,Other / Unknown,Brando,Unknown,30
Brando Milan - 32,Other / Unknown,Brando,Unknown,Unknown
Brando Noir - 38,Other / Unknown,Brando,Unknown,Unknown
Brando Vail - Vail / 38,Other / Unknown,Brando,Unknown,38
Brando Twilight Needle Cord,Other / Unknown,Brando,Unknown,Unknown
Brando St Barth's - St Barths / 40,Other / Unknown,Brando,Unknown,40
Brando Canary - 34,Other / Unknown,Brando,Unknown,Unknown
Brando Hamburg - 32,Other / Unknown,Brando,Unknown,Unknown
Brando Oxford - Oxford / 28,Other / Unknown,Brando,Unknown,28
Brando Linen Light Grey - 28,Other / Unknown,Brando,Unknown,Unknown
Brando Pico - 31,Other / Unknown,Brando,Unknown,Unknown
Brando Mocha - 36 / Mocha,Other / Unknown,Brando,Unknown,Mocha
Brando Short Vintage Blanc - 28 / Vintage Blanc,Other / Unknown,Brando,Unknown,Vintage Blanc
Brando Rodeo Drive - 29,Other / Unknown,Brando,Unknown,Unknown
Brando Aberdeen - 29,Other / Unknown,Brando,Unknown,Unknown
Brando Short Vintage Blanc - 38,Other / Unknown,Brando,Unknown,Unknown
Brando Vintage - 31,Other / Unknown,Brando,Unknown,Unknown
Brando Noir - Noir / 38,Other / Unknown,Brando,Unknown,38
Brando Rio - 32,Other / Unknown,Brando,Unknown,Unknown
Brando Seville - 31,Other / Unknown,Brando,Unknown,Unknown
Brando Rio - 38,Other / Unknown,Brando,Unknown,Unknown
Brando Prague - 32,Other / Unknown,Brando,Unknown,Unknown
Brando Santa Monica - 30,Other / Unknown,Brando,Unknown,Unknown
Brando Cote D'Ivoir - Cote D'Ivoir / 32,Other / Unknown,Brando,Unknown,32
Brando Linen Aberdeen - 30,Other / Unknown,Brando,Unknown,Unknown
Brando Blanc - 31 / Blanc,Other / Unknown,Brando,Unknown,Blanc
Brando Hollywood - 40,Other / Unknown,Brando,Unknown,Unknown
Brando Nimes - 30,Other / Unknown,Brando,Unknown,Unknown
Brando Linen Noir - 30,Other / Unknown,Brando,Unknown,Unknown
Brando Linen Light Grey - 36,Other / Unknown,Brando,Unknown,Unknown
Brando Tobacco - 30,Other / Unknown,Brando,Unknown,Unknown
Brando Vintage Stone - Vintage Stone / 31,Other / Unknown,Brando,Unknown,31
Brando Kauai - Kauai / 29,Other / Unknown,Brando,Unknown,29
Brando Stone - 33,Other / Unknown,Brando,Unknown,Unknown
Brando Marrakesh - 34,Other / Unknown,Brando,Unknown,Unknown
Brando Pebble - 32,Other / Unknown,Brando,Unknown,Unknown
Brando Sienna - 32,Other / Unknown,Brando,Unknown,Unknown
Brando Puglia - 29,Other / Unknown,Brando,Unknown,Unknown
Brando Tobacco - 33,Other / Unknown,Brando,Unknown,Unknown
Brando Milan - 28,Other / Unknown,Brando,Unknown,Unknown
Brando Linen Sage - 33,Other / Unknown,Brando,Unknown,Unknown
Brando Navy - 29,Other / Unknown,Brando,Unknown,Unknown
Brando Florentine - 38,Other / Unknown,Brando,Unknown,Unknown
Brando Santa Monica - 33,Other / Unknown,Brando,Unknown,Unknown
Brando Encino - Encino / 36,Other / Unknown,Brando,Unknown,36
Brando Kauai - Kauai / 33,Other / Unknown,Brando,Unknown,33
Brando Mocha - 33,Other / Unknown,Brando,Unknown,Unknown
Brando Linen Aberdeen - Aberdeen / 28,Other / Unknown,Brando,Unknown,28
Brando Short Vintage Blanc - 34,Other / Unknown,Brando,Unknown,Unknown
Brando Prague - 34,Other / Unknown,Brando,Unknown,Unknown
Brando Blanc - 33,Other / Unknown,Brando,Unknown,Unknown
Brando Cairo - 40,Other / Unknown,Brando,Unknown,Unknown
Brando Light Vintage - Light Vintage / 29,Other / Unknown,Brando,Unknown,29
Brando Needle Cord Vintage Blanc - Vintage Blanc / 36,Other / Unknown,Brando,Unknown,36
Brando Ink - 30,Other / Unknown,Brando,Unknown,Unknown
Brando Santa Monica - 32,Other / Unknown,Brando,Unknown,Unknown
Brando Naples - Naples / 32,Other / Unknown,Brando,Unknown,32
Brando Aberdeen - 30,Other / Unknown,Brando,Unknown,Unknown
Brando Rodeo Drive - 28,Other / Unknown,Brando,Unknown,Unknown
Brando Smoke - Smoke / 30,Other / Unknown,Brando,Unknown,30
Brando St Barth's,Other / Unknown,Brando,Unknown,Unknown
Brando Light Vintage - 34,Other / Unknown,Brando,Unknown,Unknown
Brando Milan - 33,Other / Unknown,Brando,Unknown,Unknown
Brando Linen Capuccino - 32,Other / Unknown,Brando,Unknown,Unknown
Brando Short Vintage Blanc - 33,Other / Unknown,Brando,Unknown,Unknown
Brando Noir - 36,Other / Unknown,Brando,Unknown,Unknown
Brando Capri - Capri / 30,Other / Unknown,Brando,Unknown,30
Brando Chrysler - 32,Other / Unknown,Brando,Unknown,Unknown
Brando Florentine,Other / Unknown,Brando,Unknown,Unknown
Brando Tobacco,Other / Unknown,Brando,Unknown,Unknown
Brando Ash - 31,Other / Unknown,Brando,Unknown,Unknown
Brando Linen Sage,Other / Unknown,Brando,Unknown,Unknown
Brando Coral - Coral / 31,Other / Unknown,Brando,Unknown,31
Brando Naples - 34,Other / Unknown,Brando,Unknown,Unknown
Brando Light Vintage - 31,Other / Unknown,Brando,Unknown,Unknown
Brando Canary - 29,Other / Unknown,Brando,Unknown,Unknown
Brando Light Grey - 38,Other / Unknown,Brando,Unknown,Unknown
Brando Short Mineral Green - Mineral Green / 31,Other / Unknown,Brando,Unknown,31
Brando Noir Needle Cord - 31,Other / Unknown,Brando,Unknown,Unknown
Brando Oxford - Oxford / 36,Other / Unknown,Brando,Unknown,36
Brando Toulouse - 32,Other / Unknown,Brando,Unknown,Unknown
Brando Vintage Stone - 40,Other / Unknown,Brando,Unknown,Unknown
Brando Light Grey - 36,Other / Unknown,Brando,Unknown,Unknown
Brando Santa Cruz - 32,Other / Unknown,Brando,Unknown,Unknown
Brando Sand - Sand / 28,Other / Unknown,Brando,Unknown,28
Brando Noir Tux - 34,Other / Unknown,Brando,Unknown,Unknown
Brando Sorento - 30,Other / Unknown,Brando,Unknown,Unknown
Brando Linen St Barths - 36,Other / Unknown,Brando,Unknown,Unknown
Brando Santa Monica - 38,Other / Unknown,Brando,Unknown,Unknown
Brando Montreal - Montreal / 38,Other / Unknown,Brando,Unknown,38
Brando Santa Cruz - 33,Other / Unknown,Brando,Unknown,Unknown
Brando teñido índigo,Other / Unknown,Brando,Unknown,Unknown
Brando Needle Cord Khaki - Khaki / 34,Other / Unknown,Brando,Unknown,34
Brando ejército de lujo parisino - 28,Other / Unknown,Brando,Unknown,Unknown
Brando Naples - 32,Other / Unknown,Brando,Unknown,Unknown
Brando Carbon - 32,Other / Unknown,Brando,Unknown,Unknown
Brando Rodeo Drive,Other / Unknown,Brando,Unknown,Unknown
Brando Canary - 36,Other / Unknown,Brando,Unknown,Unknown
Brando Aruba - Aruba / 36,Other / Unknown,Brando,Unknown,36
Brando Short Vintage Blanc - 31,Other / Unknown,Brando,Unknown,Unknown
Brando Nimes - Nimes / 32,Other / Unknown,Brando,Unknown,32
Brando Noir - Noir / 33,Other / Unknown,Brando,Unknown,33
Brando Mocha - Mocha / 28,Other / Unknown,Brando,Unknown,28
Brando Vintage Waxed Steel - 31,Other / Unknown,Brando,Unknown,Unknown
Brando Kauai - 38,Other / Unknown,Brando,Unknown,Unknown
Brando Coral,Other / Unknown,Brando,Unknown,Unknown
Brando Mocha - Mocha / 36,Other / Unknown,Brando,Unknown,36
Brando Memphis - 31,Other / Unknown,Brando,Unknown,Unknown
Brando Smoke - 31,Other / Unknown,Brando,Unknown,Unknown
Brando Noir Needle Cord - 34,Other / Unknown,Brando,Unknown,Unknown
Brando Kauai - 32,Other / Unknown,Brando,Unknown,Unknown
Brando Noir - Noir / 32,Other / Unknown,Brando,Unknown,32
Brando Carbon - 38,Other / Unknown,Brando,Unknown,Unknown
Brando Twilight Needle Cord - 38,Other / Unknown,Brando,Unknown,Unknown
Brando Light Vintage - 38,Other / Unknown,Brando,Unknown,Unknown
Brando Belmar - Belmar / 28,Other / Unknown,Brando,Unknown,28
Brando Oxford - Oxford / 30,Other / Unknown,Brando,Unknown,30
Brando Kauai - Kauai / 34,Other / Unknown,Brando,Unknown,34
Brando Florentine - 31,Other / Unknown,Brando,Unknown,Unknown
Brando Cairo - 30,Other / Unknown,Brando,Unknown,Unknown
Brando Stone,Other / Unknown,Brando,Unknown,Unknown
Brando Encino - Encino / 30,Other / Unknown,Brando,Unknown,30
Brando Vintage - 28,Other / Unknown,Brando,Unknown,Unknown
Brando Linen Blanc - 33,Other / Unknown,Brando,Unknown,Unknown
Brando Ink - 38 / Ink,Other / Unknown,Brando,Unknown,Ink
Brando Capri - 33,Other / Unknown,Brando,Unknown,Unknown
Brando Sand - Sand / 30,Other / Unknown,Brando,Unknown,30
Brando Chrysler - 34,Other / Unknown,Brando,Unknown,Unknown
Brando Linen St Barths - St Barths / 28,Other / Unknown,Brando,Unknown,28
Brando Short Mineral Green - 33 / Mineral Green,Other / Unknown,Brando,Unknown,Mineral Green
Brando Stone - 34,Other / Unknown,Brando,Unknown,Unknown
Brando Vail - 33,Other / Unknown,Brando,Unknown,Unknown
Brando Short Vintage Blanc - 28,Other / Unknown,Brando,Unknown,Unknown
Brando Linen St Barths - 38,Other / Unknown,Brando,Unknown,Unknown
Brando Santa Mónica,Other / Unknown,Brando,Unknown,Unknown
Brando Linen Blanc - 36,Other / Unknown,Brando,Unknown,Unknown
Brando Encino - Encino / 38,Other / Unknown,Brando,Unknown,38
Brando Kauai - Kauai / 38,Other / Unknown,Brando,Unknown,38
Brando Cairo,Other / Unknown,Brando,Unknown,Unknown
Brando Linen Noir - 33,Other / Unknown,Brando,Unknown,Unknown
Brando Cairo - 36,Other / Unknown,Brando,Unknown,Unknown
Brando Hamburg - 36,Other / Unknown,Brando,Unknown,Unknown
Brando Vintage Blanc - 32,Other / Unknown,Brando,Unknown,Unknown
Brando Aruba - 32,Other / Unknown,Brando,Unknown,Unknown
Brando Pico - 29,Other / Unknown,Brando,Unknown,Unknown
Brando Manchester - 33,Other / Unknown,Brando,Unknown,Unknown
Brando Nimes - Nimes / 36,Other / Unknown,Brando,Unknown,36
Brando Ink - 31,Other / Unknown,Brando,Unknown,Unknown
Brando Nimes,Other / Unknown,Brando,Unknown,Unknown
Brando Vintage Blanc - 31 / Vintage Blanc,Other / Unknown,Brando,Unknown,Vintage Blanc
Brando Needle Cord Plum - Plum / 34,Other / Unknown,Brando,Unknown,34
Brando Santa Monica - 34,Other / Unknown,Brando,Unknown,Unknown
Brando Florentine - 34,Other / Unknown,Brando,Unknown,Unknown
Brando Short Vintage Blanc - 34 / Vintage Blanc,Other / Unknown,Brando,Unknown,Vintage Blanc
Brando Distressed Swirl - Distressed Swirl / 29,Other / Unknown,Brando,Unknown,29
Brando Vintage Stone - 38,Other / Unknown,Brando,Unknown,Unknown
Brando Linen Noir - 34,Other / Unknown,Brando,Unknown,Unknown
Brando Linen Blanc - 31,Other / Unknown,Brando,Unknown,Unknown
Brando Hamburg - 30,Other / Unknown,Brando,Unknown,Unknown
Brando Linen Aberdeen - Aberdeen / 32,Other / Unknown,Brando,Unknown,32
Brando Light Vintage - 28,Other / Unknown,Brando,Unknown,Unknown
Brando Florentine - 28,Other / Unknown,Brando,Unknown,Unknown
Brando Vail - 38,Other / Unknown,Brando,Unknown,Unknown
Brando Linen Aberdeen - 32,Other / Unknown,Brando,Unknown,Unknown
Brando Oxford - Oxford / 32,Other / Unknown,Brando,Unknown,32
Brando Needle Cord Plum - Plum / 40,Other / Unknown,Brando,Unknown,40
Brando Vail - Vail / 31,Other / Unknown,Brando,Unknown,31
Brando Needle Cord Plum - Plum / 31,Other / Unknown,Brando,Unknown,31
Brando Canary - 38,Other / Unknown,Brando,Unknown,Unknown
Brando Nimes - Nimes / 30,Other / Unknown,Brando,Unknown,30
Brando Encino - Encino / 34,Other / Unknown,Brando,Unknown,34
Brando Short Vintage Blanc - Vintage Blanc / 31,Other / Unknown,Brando,Unknown,31
Brando Vintage,Other / Unknown,Brando,Unknown,Unknown
Brando Light Grey - 30,Other / Unknown,Brando,Unknown,Unknown
Brando Short Light Grey - Light Grey / 36,Other / Unknown,Brando,Unknown,36
Brando Oxford - 32,Other / Unknown,Brando,Unknown,Unknown
Brando Linen Blanc - 32,Other / Unknown,Brando,Unknown,Unknown
Brando Sand - Sand / 31,Other / Unknown,Brando,Unknown,31
Brando Vintage Stone - 32,Other / Unknown,Brando,Unknown,Unknown
Brando Marrakesh - Marrakesh / 28,Other / Unknown,Brando,Unknown,28
Brando Short Mineral Green - Mineral Green / 36,Other / Unknown,Brando,Unknown,36
Brando Capri - 34,Other / Unknown,Brando,Unknown,Unknown
Brando Naples - 38,Other / Unknown,Brando,Unknown,Unknown
Brando Soho - 34,Other / Unknown,Brando,Unknown,Unknown
Brando Ink - 31 / Ink,Other / Unknown,Brando,Unknown,Ink
Brando Montreal - Montreal / 28,Other / Unknown,Brando,Unknown,28
Brando Vintage - Vintage / 33,Other / Unknown,Brando,Unknown,33
Brando Cairo - 34,Other / Unknown,Brando,Unknown,Unknown
Brando Noir,Other / Unknown,Brando,Unknown,Unknown
Brando Hollywood - 33,Other / Unknown,Brando,Unknown,Unknown
Brando Aberdeen - 31,Other / Unknown,Brando,Unknown,Unknown
Brando Linen Aberdeen - Aberdeen / 31,Other / Unknown,Brando,Unknown,31
Brando Nimes - 36,Other / Unknown,Brando,Unknown,Unknown
Brando Ink - Ink / 34,Other / Unknown,Brando,Unknown,34
Brando Tobacco - 34,Other / Unknown,Brando,Unknown,Unknown
Brando Navy - 31,Other / Unknown,Brando,Unknown,Unknown
Brando Linen St Barths - 40,Other / Unknown,Brando,Unknown,Unknown
Brando Carbon - 29,Other / Unknown,Brando,Unknown,Unknown
Brando Dark Stone - Dark Stone / 36,Other / Unknown,Brando,Unknown,36
Brando Vintage Stone - 30,Other / Unknown,Brando,Unknown,Unknown
Brando Short Vintage Blanc - Vintage Blanc / 34,Other / Unknown,Brando,Unknown,34
Brando Linen Sage - 28,Other / Unknown,Brando,Unknown,Unknown
Brando Marrakesh - 38,Other / Unknown,Brando,Unknown,Unknown
Brando Santa Cruz - 34,Other / Unknown,Brando,Unknown,Unknown
Brando Distressed Greigio - 34,Other / Unknown,Brando,Unknown,Unknown
Brando Kauai - 30,Other / Unknown,Brando,Unknown,Unknown
Brando Smoke - 34,Other / Unknown,Brando,Unknown,Unknown
Brando Florentine - Florentine / 29,Other / Unknown,Brando,Unknown,29
Brando Oakland - Oakland / 36,Other / Unknown,Brando,Unknown,36
Brando Toul - 36,Other / Unknown,Brando,Unknown,Unknown
Brando Pebble - Pebble / 32,Other / Unknown,Brando,Unknown,32
Brando Kauai - 31,Other / Unknown,Brando,Unknown,Unknown
Brando Ash - 34,Other / Unknown,Brando,Unknown,Unknown
Brando Vintage Blanc - 30,Other / Unknown,Brando,Unknown,Unknown
Brando Noir Needle Cord - 32,Other / Unknown,Brando,Unknown,Unknown
Brando Linen Noir,Other / Unknown,Brando,Unknown,Unknown
Brando Pico - 33,Other / Unknown,Brando,Unknown,Unknown
Brando Cairo - 38,Other / Unknown,Brando,Unknown,Unknown
Brando Vintage Blanc - Vintage Blanc / 32,Other / Unknown,Brando,Unknown,32
Brando Linen Light Grey - 34,Other / Unknown,Brando,Unknown,Unknown
Brando St Barths - St Barths / 36,Other / Unknown,Brando,Unknown,36
Brando Vintage Waxed Cognac - 33,Other / Unknown,Brando,Unknown,Unknown
Brando Distressed Le Mans - 28,Other / Unknown,Brando,Unknown,Unknown
Brando Linen St Barths - 29,Other / Unknown,Brando,Unknown,Unknown
Brando St Barths - 34,Other / Unknown,Brando,Unknown,Unknown
Brando Linen Royal - Royal / 32,Other / Unknown,Brando,Unknown,32
Brando Short Mineral Green - 36,Other / Unknown,Brando,Unknown,Unknown
Brando Needle Cord Khaki,Other / Unknown,Brando,Unknown,Unknown
Brando Athens - Athens / 34,Other / Unknown,Brando,Unknown,34
Brando Montego - 33,Other / Unknown,Brando,Unknown,Unknown
Brando Naples - 31,Other / Unknown,Brando,Unknown,Unknown
Brando Vail - 34,Other / Unknown,Brando,Unknown,Unknown
Brando Linen Noir - 31,Other / Unknown,Brando,Unknown,Unknown
Brando Aruba - Aruba / 32,Other / Unknown,Brando,Unknown,32
Brando Light Vintage - 33,Other / Unknown,Brando,Unknown,Unknown
Brando Pico,Other / Unknown,Brando,Unknown,Unknown
Brando Puglia - 30,Other / Unknown,Brando,Unknown,Unknown
Brando Blanc - Blanc / 28,Other / Unknown,Brando,Unknown,28
Brando Linen Light Grey - 29,Other / Unknown,Brando,Unknown,Unknown
Brando Linen Aberdeen - 36,Other / Unknown,Brando,Unknown,Unknown
Brando Light Grey - 31,Other / Unknown,Brando,Unknown,Unknown
Brando Ink - Ink / 28,Other / Unknown,Brando,Unknown,28
Brando Short Light Grey - Light Grey / 31,Other / Unknown,Brando,Unknown,31
Brando Blanc - Blanc / 34,Other / Unknown,Brando,Unknown,34
Brando Linen Aberdeen - Aberdeen / 36,Other / Unknown,Brando,Unknown,36
Brando Rodeo Drive - 40,Other / Unknown,Brando,Unknown,Unknown
Brando Soho - 33,Other / Unknown,Brando,Unknown,Unknown
Brando Aruba - 30,Other / Unknown,Brando,Unknown,Unknown
Brando Puglia - 36,Other / Unknown,Brando,Unknown,Unknown
Brando Noir - 29,Other / Unknown,Brando,Unknown,Unknown
Brando Montego - 29,Other / Unknown,Brando,Unknown,Unknown
Brando Belmar - Belmar / 31,Other / Unknown,Brando,Unknown,31
Brando Pebble - 33,Other / Unknown,Brando,Unknown,Unknown
Brando Pico - 34,Other / Unknown,Brando,Unknown,Unknown
Brando Puglia - 33,Other / Unknown,Brando,Unknown,Unknown
Brando Naples,Other / Unknown,Brando,Unknown,Unknown
Brando Memphis - 40,Other / Unknown,Brando,Unknown,Unknown
Brando Jade - Jade / 36,Other / Unknown,Brando,Unknown,36
Brando Memphis - Memphis / 29,Other / Unknown,Brando,Unknown,29
Brando Linen Sand - Sand / 28,Other / Unknown,Brando,Unknown,28
Brando Blanc - 28,Other / Unknown,Brando,Unknown,Unknown
Brando Montreal - 31,Other / Unknown,Brando,Unknown,Unknown
Brando Aruba - Aruba / 34,Other / Unknown,Brando,Unknown,34
Brando Vail - 42,Other / Unknown,Brando,Unknown,Unknown
Brando Linen Sage - 31,Other / Unknown,Brando,Unknown,Unknown
Brando St Barth's - St Barths / 30,Other / Unknown,Brando,Unknown,30
Brando Nimes - Nimes / 28,Other / Unknown,Brando,Unknown,28
Brando Rio - 30,Other / Unknown,Brando,Unknown,Unknown
Brando Linen Sand - Sand / 34,Other / Unknown,Brando,Unknown,34
Brando Hamburg - 28,Other / Unknown,Brando,Unknown,Unknown
Brando Dark Stone - Dark Stone / 34,Other / Unknown,Brando,Unknown,34
Brando Prague - 31,Other / Unknown,Brando,Unknown,Unknown
Brando Light Grey - 29,Other / Unknown,Brando,Unknown,Unknown
Brando Noir - 31,Other / Unknown,Brando,Unknown,Unknown
Brando Vintage Blanc - Vintage Blanc / 34,Other / Unknown,Brando,Unknown,34
Brando Needle Cord Khaki - Khaki / 33,Other / Unknown,Brando,Unknown,33
Brando Distressed Greigio - 32,Other / Unknown,Brando,Unknown,Unknown
Brando Encino,Other / Unknown,Brando,Unknown,Unknown
Brando Smoke - Smoke / 34,Other / Unknown,Brando,Unknown,34
Brando Mocha - 36,Other / Unknown,Brando,Unknown,Unknown
Brando Carbon Needle Cord - 34,Other / Unknown,Brando,Unknown,Unknown
Brando Sand - Sand / 34,Other / Unknown,Brando,Unknown,34
Brando Blanc - Blanc / 33,Other / Unknown,Brando,Unknown,33
Brando St Barth's - St Barths / 31,Other / Unknown,Brando,Unknown,31
Brando Vintage - 29,Other / Unknown,Brando,Unknown,Unknown
Brando Nimes - 40,Other / Unknown,Brando,Unknown,Unknown
Brando Vintage - Vintage / 29,Other / Unknown,Brando,Unknown,29
Brando Vintage Waxed Cognac - 34,Other / Unknown,Brando,Unknown,Unknown
Brando Linen Noir - 28,Other / Unknown,Brando,Unknown,Unknown
Brando Vintage - 32,Other / Unknown,Brando,Unknown,Unknown
Brando Short Vintage Blanc - Vintage Blanc / 30,Other / Unknown,Brando,Unknown,30
Brando Sienna - 29,Other / Unknown,Brando,Unknown,Unknown
Brando St Barths - St Barths / 33,Other / Unknown,Brando,Unknown,33
Brando Needle Cord Juniper - Juniper / 30,Other / Unknown,Brando,Unknown,30
Brando Vintage Blanc - 33 / Vintage Blanc,Other / Unknown,Brando,Unknown,Vintage Blanc
Brando Vintage Stone - Vintage Stone / 34,Other / Unknown,Brando,Unknown,34
Brando Vintage Stone - 28,Other / Unknown,Brando,Unknown,Unknown
Brando Vintage Blanc - 38,Other / Unknown,Brando,Unknown,Unknown
Brando Linen Light Grey - Light Grey / 28,Other / Unknown,Brando,Unknown,28
Brando Vintage Stone - 29,Other / Unknown,Brando,Unknown,Unknown
Brando Distressed Swirl - Distressed Swirl / 36,Other / Unknown,Brando,Unknown,36
Brando Vintage - Vintage / 38,Other / Unknown,Brando,Unknown,38
Brando Montreal - 38,Other / Unknown,Brando,Unknown,Unknown
Brando Blanc - 30,Other / Unknown,Brando,Unknown,Unknown
Brando Cairo - 31,Other / Unknown,Brando,Unknown,Unknown
Brando Linen Noir - 38,Other / Unknown,Brando,Unknown,Unknown
Brando St Barths - St Barths / 32,Other / Unknown,Brando,Unknown,32
Brando Light Grey - 33,Other / Unknown,Brando,Unknown,Unknown
Brando Noir - 33 / Noir,Other / Unknown,Brando,Unknown,Noir
Brando Linen St Barths - 28,Other / Unknown,Brando,Unknown,Unknown
Brando Blanc - 36,Other / Unknown,Brando,Unknown,Unknown
Brando Hamburg - 33,Other / Unknown,Brando,Unknown,Unknown
Brando Capri - 31,Other / Unknown,Brando,Unknown,Unknown
Brando Pebble - 34,Other / Unknown,Brando,Unknown,Unknown
Brando Memphis - Memphis / 31,Other / Unknown,Brando,Unknown,31
Brando Short Mineral Green - 38,Other / Unknown,Brando,Unknown,Unknown
Brando Smoke - Smoke / 36,Other / Unknown,Brando,Unknown,36
Brando Memphis - Memphis / 40,Other / Unknown,Brando,Unknown,40
Brando Short Mineral Green - 30,Other / Unknown,Brando,Unknown,Unknown
Brando Light Vintage - 32,Other / Unknown,Brando,Unknown,Unknown
Brando Rio - 36,Other / Unknown,Brando,Unknown,Unknown
Brando Aruba - Aruba / 40,Other / Unknown,Brando,Unknown,40
Brando Santorini - 30,Other / Unknown,Brando,Unknown,Unknown
Brando Encino - 36,Other / Unknown,Brando,Unknown,Unknown
Brando Cote D'Ivoir - 34,Other / Unknown,Brando,Unknown,Unknown
Brando Ash - Ash / 32,Other / Unknown,Brando,Unknown,32
Brando Florentine - Florentine / 31,Other / Unknown,Brando,Unknown,31
Brando Sorento - 28,Other / Unknown,Brando,Unknown,Unknown
Brando Memphis - Memphis / 32,Other / Unknown,Brando,Unknown,32
Brando Hollywood - Hollywood / 36,Other / Unknown,Brando,Unknown,36
Brando Florentine - Florentine / 32,Other / Unknown,Brando,Unknown,32
Brando Mocha - Mocha / 32,Other / Unknown,Brando,Unknown,32
Brando Aberdeen - Aberdeen / 28,Other / Unknown,Brando,Unknown,28
Brando Cote D'Ivoir - 33,Other / Unknown,Brando,Unknown,Unknown
Brando Linen Royal - Royal / 28,Other / Unknown,Brando,Unknown,28
Brando Sand - Sand / 36,Other / Unknown,Brando,Unknown,36
Brando Short Light Grey - 36 / Light Grey,Other / Unknown,Brando,Unknown,Light Grey
Brando Capri - 40,Other / Unknown,Brando,Unknown,Unknown
Brando Rodeo Drive - 33,Other / Unknown,Brando,Unknown,Unknown
Brando Stone - Stone / 28,Other / Unknown,Brando,Unknown,28
Brando Aberdeen - 33,Other / Unknown,Brando,Unknown,Unknown
Brando Hamburg - Hamburg / 29,Other / Unknown,Brando,Unknown,29
Brando Santa Cruz - 31,Other / Unknown,Brando,Unknown,Unknown
Brando Smoke - Smoke / 32,Other / Unknown,Brando,Unknown,32
Brando Short Mineral Green - 28 / Mineral Green,Other / Unknown,Brando,Unknown,Mineral Green
Brando Distressed Swirl - 28,Other / Unknown,Brando,Unknown,Unknown
Brando Linen Light Grey - 32,Other / Unknown,Brando,Unknown,Unknown
Brando Canary - 33,Other / Unknown,Brando,Unknown,Unknown
Brando Athens - 33,Other / Unknown,Brando,Unknown,Unknown
Brando St Barth's - St Barths / 36,Other / Unknown,Brando,Unknown,36
Brando Distressed Le Mans - 30,Other / Unknown,Brando,Unknown,Unknown
Brando Tobacco - 31,Other / Unknown,Brando,Unknown,Unknown
Brando Oxford - Oxford / 40,Other / Unknown,Brando,Unknown,40
Brando Carbon - 33,Other / Unknown,Brando,Unknown,Unknown
Brando Linen Light Grey - 31,Other / Unknown,Brando,Unknown,Unknown
Brando Vintage - Vintage / 32,Other / Unknown,Brando,Unknown,32
Brando Pico - 40,Other / Unknown,Brando,Unknown,Unknown
Brando Nimes - 29,Other / Unknown,Brando,Unknown,Unknown
Brando Ink - 36 / Ink,Other / Unknown,Brando,Unknown,Ink
Brando Dark Stone - Dark Stone / 33,Other / Unknown,Brando,Unknown,33
Brando Pico - 30,Other / Unknown,Brando,Unknown,Unknown
Brando Naples - 33,Other / Unknown,Brando,Unknown,Unknown
Brando Belmar - Belmar / 34,Other / Unknown,Brando,Unknown,34
Brando Belmar - Belmar / 36,Other / Unknown,Brando,Unknown,36
Brando Hollywood - 38,Other / Unknown,Brando,Unknown,Unknown
Brando Hollywood - 28,Other / Unknown,Brando,Unknown,Unknown
Brando Ash - 30,Other / Unknown,Brando,Unknown,Unknown
Brando Rio - 33,Other / Unknown,Brando,Unknown,Unknown
Brando Short Light Grey - 34,Other / Unknown,Brando,Unknown,Unknown
Brando Pebble - 28,Other / Unknown,Brando,Unknown,Unknown
Brando Naples - 36,Other / Unknown,Brando,Unknown,Unknown
Brando Oxford - 28,Other / Unknown,Brando,Unknown,Unknown
Brando Toulouse - 42,Other / Unknown,Brando,Unknown,Unknown
Brando Chrysler - 29,Other / Unknown,Brando,Unknown,Unknown
Brando St Barth's - St Barths / 32,Other / Unknown,Brando,Unknown,32
Brando Cairo - 32,Other / Unknown,Brando,Unknown,Unknown
Brando Distressed Swirl - Distressed Swirl / 32,Other / Unknown,Brando,Unknown,32
Brando Oakland - 31,Other / Unknown,Brando,Unknown,Unknown
Brando Noir - Noir / 29,Other / Unknown,Brando,Unknown,29
Brando Sienna - 30,Other / Unknown,Brando,Unknown,Unknown
Brando Linen St Barths - 30,Other / Unknown,Brando,Unknown,Unknown
Brando Needle Cord Plum - Plum / 32,Other / Unknown,Brando,Unknown,32
Brando Mocha - 31 / Mocha,Other / Unknown,Brando,Unknown,Mocha
Brando Chrysler - 36,Other / Unknown,Brando,Unknown,Unknown
Brando Florentine - Florentine / 34,Other / Unknown,Brando,Unknown,34
Brando Marrakesh - 28,Other / Unknown,Brando,Unknown,Unknown
Brando Aberdeen - 38,Other / Unknown,Brando,Unknown,Unknown
Brando Cairo - Cairo / 36,Other / Unknown,Brando,Unknown,36
Brando Linen Noir - Noir / 30,Other / Unknown,Brando,Unknown,30
Brando Needle Cord Khaki - Khaki / 32,Other / Unknown,Brando,Unknown,32
Brando Linen Light Grey - 30,Other / Unknown,Brando,Unknown,Unknown
Brando Oakland - 40,Other / Unknown,Brando,Unknown,Unknown
Brando St Barths - 29,Other / Unknown,Brando,Unknown,Unknown
Brando Distressed Swirl - Distressed Swirl / 38,Other / Unknown,Brando,Unknown,38
Brando Montreal - Montreal / 36,Other / Unknown,Brando,Unknown,36
Brando Sorento - 32,Other / Unknown,Brando,Unknown,Unknown
Brando Cote D&#39;Ivoir,Other / Unknown,Brando,Unknown,Unknown
Brando Noir Needle Cord - 40,Other / Unknown,Brando,Unknown,Unknown
Brando Nimes - 33,Other / Unknown,Brando,Unknown,Unknown
Brando Mocha - 34,Other / Unknown,Brando,Unknown,Unknown
Brando Seville - Seville / 36,Other / Unknown,Brando,Unknown,36
Brando Ink - Ink / 29,Other / Unknown,Brando,Unknown,29
Brando Oakland - 29,Other / Unknown,Brando,Unknown,Unknown
Brando Linen Royal - Royal / 36,Other / Unknown,Brando,Unknown,36
Brando Santa Cruz - 38,Other / Unknown,Brando,Unknown,Unknown
Brando Florentine - Florentine / 33,Other / Unknown,Brando,Unknown,33
Brando Needle Cord Plum,Other / Unknown,Brando,Unknown,Unknown
Brando Vintage Stone - 31,Other / Unknown,Brando,Unknown,Unknown
Brando Encino - 33,Other / Unknown,Brando,Unknown,Unknown
Brando Linen St Barths - 32,Other / Unknown,Brando,Unknown,Unknown
Brando Linen Aberdeen - 29,Other / Unknown,Brando,Unknown,Unknown
Brando Memphis - 28,Other / Unknown,Brando,Unknown,Unknown
Brando Blanc - Blanc / 29,Other / Unknown,Brando,Unknown,29
Brando Terciopelo Luna Roca,Other / Unknown,Brando,Unknown,Unknown
Brando Coral - Coral / 32,Other / Unknown,Brando,Unknown,32
Brando Distressed Le Mans - 34,Other / Unknown,Brando,Unknown,Unknown
Brando Coral - Coral / 34,Other / Unknown,Brando,Unknown,34
Brando Vintage Blanc - 28 / Vintage Blanc,Other / Unknown,Brando,Unknown,Vintage Blanc
Brando Vintage Waxed Steel - 32,Other / Unknown,Brando,Unknown,Unknown
Brando Vintage Waxed Cognac - 31,Other / Unknown,Brando,Unknown,Unknown
Brando Belmar - Belmar / 38,Other / Unknown,Brando,Unknown,38
Brando Khaki - 31,Other / Unknown,Brando,Unknown,Unknown
Brando Toulouse - 36,Other / Unknown,Brando,Unknown,Unknown
Brando Short Mineral Green - 32 / Mineral Green,Other / Unknown,Brando,Unknown,Mineral Green
Brando Seville - 30,Other / Unknown,Brando,Unknown,Unknown
Brando Jade - Jade / 33,Other / Unknown,Brando,Unknown,33
Brando Oxford - Oxford / 29,Other / Unknown,Brando,Unknown,29
Brando Hamburg - 31,Other / Unknown,Brando,Unknown,Unknown
Brando Short Vintage Blanc - Vintage Blanc / 32,Other / Unknown,Brando,Unknown,32
Brando Chrysler,Other / Unknown,Brando,Unknown,Unknown
Brando Mocha - Mocha / 38,Other / Unknown,Brando,Unknown,38
Brando St Barths - 33,Other / Unknown,Brando,Unknown,Unknown
Brando Oakland - 30,Other / Unknown,Brando,Unknown,Unknown
Brando Hollywood - Hollywood / 28,Other / Unknown,Brando,Unknown,28
Brando Tobacco - 32,Other / Unknown,Brando,Unknown,Unknown
Brando St Barth's - St Barths / 38,Other / Unknown,Brando,Unknown,38
Brando Nimes - Nimes / 29,Other / Unknown,Brando,Unknown,29
Brando Oakland - Oakland / 32,Other / Unknown,Brando,Unknown,32
Brando Noir - 30,Other / Unknown,Brando,Unknown,Unknown
Brando Naples - 29,Other / Unknown,Brando,Unknown,Unknown
Brando Chrysler - 28,Other / Unknown,Brando,Unknown,Unknown
Brando Sorento - 36,Other / Unknown,Brando,Unknown,Unknown
Brando Linen Jade - 38,Other / Unknown,Brando,Unknown,Unknown
Brando Aruba - Aruba / 31,Other / Unknown,Brando,Unknown,31
Brando Capri - 38,Other / Unknown,Brando,Unknown,Unknown
Brando Noir - Noir / 34,Other / Unknown,Brando,Unknown,34
Brando Needle Cord Juniper - Juniper / 40,Other / Unknown,Brando,Unknown,40
Brando Short Light Grey - Light Grey / 30,Other / Unknown,Brando,Unknown,30
Brando Noir Needle Cord - 28,Other / Unknown,Brando,Unknown,Unknown
Brando Smoke - 38,Other / Unknown,Brando,Unknown,Unknown
Brando Short Mineral Green - 34,Other / Unknown,Brando,Unknown,Unknown
Brando Pebble - 38,Other / Unknown,Brando,Unknown,Unknown
Brando Destroyed Noir - Destroyed Noir / 38,Other / Unknown,Brando,Unknown,38
Brando Cote D'Ivoir - 28,Other / Unknown,Brando,Unknown,Unknown
Brando Pebble - 40,Other / Unknown,Brando,Unknown,Unknown
Brando Carbon Needle Cord - 40,Other / Unknown,Brando,Unknown,Unknown
Brando Blanc - Blanc / 32,Other / Unknown,Brando,Unknown,32
Brando Vintage - Vintage / 34,Other / Unknown,Brando,Unknown,34
Brando Linen Blanc - 29,Other / Unknown,Brando,Unknown,Unknown
Brando Destroyed Noir - Destroyed Noir / 29,Other / Unknown,Brando,Unknown,29
Brando Hamburg - 38,Other / Unknown,Brando,Unknown,Unknown
Brando Memphis - 34,Other / Unknown,Brando,Unknown,Unknown
Brando Santorini - Santorini / 28,Other / Unknown,Brando,Unknown,28
Brando Carbon - 31,Other / Unknown,Brando,Unknown,Unknown
Brando Rodeo Drive - 32,Other / Unknown,Brando,Unknown,Unknown
Brando Milan - 34,Other / Unknown,Brando,Unknown,Unknown
Brando Blanc - Blanc / 36,Other / Unknown,Brando,Unknown,36
Brando St Barths - 31,Other / Unknown,Brando,Unknown,Unknown
Brando Manchester - 36,Other / Unknown,Brando,Unknown,Unknown
Brando Linen Jade - 31,Other / Unknown,Brando,Unknown,Unknown
Brando Light Vintage - 36,Other / Unknown,Brando,Unknown,Unknown
Brando Linen Capuccino - 33,Other / Unknown,Brando,Unknown,Unknown
Brando Vintage Blanc - Vintage Blanc / 31,Other / Unknown,Brando,Unknown,31
Brando Ink - Ink / 36,Other / Unknown,Brando,Unknown,36
Brando Florentine - 30,Other / Unknown,Brando,Unknown,Unknown
Brando Noir - 34,Other / Unknown,Brando,Unknown,Unknown
Brando Sorento - 29,Other / Unknown,Brando,Unknown,Unknown
Brando Prague - 40,Other / Unknown,Brando,Unknown,Unknown
Brando Santa Mónica - 32,Other / Unknown,Brando,Unknown,Unknown
Brando Sienna - 33,Other / Unknown,Brando,Unknown,Unknown
Brando Sorento - Sorento / 31,Other / Unknown,Brando,Unknown,31
Brando Montreal - 28,Other / Unknown,Brando,Unknown,Unknown
Brando Coral - Coral / 40,Other / Unknown,Brando,Unknown,40
Brando Montreal - 33,Other / Unknown,Brando,Unknown,Unknown
Brando Short Vintage Blanc - 29,Other / Unknown,Brando,Unknown,Unknown
Brando Athens - Athens / 31,Other / Unknown,Brando,Unknown,31
Brando Florentine - 29,Other / Unknown,Brando,Unknown,Unknown
Brando Short Mineral Green - 30 / Mineral Green,Other / Unknown,Brando,Unknown,Mineral Green
Brando Linen Capuccino - 40,Other / Unknown,Brando,Unknown,Unknown
Brando Linen Jade,Other / Unknown,Brando,Unknown,Unknown
Brando Vail - Vail / 28,Other / Unknown,Brando,Unknown,28
Brando St Barths - 32,Other / Unknown,Brando,Unknown,Unknown
Brando Needle Cord Plum - Plum / 38,Other / Unknown,Brando,Unknown,38
Brando Linen Blanc - 40,Other / Unknown,Brando,Unknown,Unknown
Brando Short Light Grey - 28 / Light Grey,Other / Unknown,Brando,Unknown,Light Grey
Brando Linen Noir - Noir / 33,Other / Unknown,Brando,Unknown,33
Brando Kauai - 33,Other / Unknown,Brando,Unknown,Unknown
Brando Khaki - 38,Other / Unknown,Brando,Unknown,Unknown
Brando Twilight Needle Cord - 30,Other / Unknown,Brando,Unknown,Unknown
Brando Canary - 32,Other / Unknown,Brando,Unknown,Unknown
Brando Short Mineral Green - 29 / Mineral Green,Other / Unknown,Brando,Unknown,Mineral Green
Brando Hamburg - Hamburg / 28,Other / Unknown,Brando,Unknown,28
Brando Santorini - 33,Other / Unknown,Brando,Unknown,Unknown
Brando Kauai - 36,Other / Unknown,Brando,Unknown,Unknown
Brando Vintage - 38,Other / Unknown,Brando,Unknown,Unknown
Brando Prague - 28,Other / Unknown,Brando,Unknown,Unknown
Brando Coral - Coral / 33,Other / Unknown,Brando,Unknown,33
Brando Distressed Swirl - Distressed Swirl / 28,Other / Unknown,Brando,Unknown,28
Brando Distressed Greigio - 38,Other / Unknown,Brando,Unknown,Unknown
Brando Carbon - 34,Other / Unknown,Brando,Unknown,Unknown
Brando Distressed Swirl - 34,Other / Unknown,Brando,Unknown,Unknown
Brando Needle Cord Khaki - Khaki / 30,Other / Unknown,Brando,Unknown,30
Brando Mocha - 32 / Mocha,Other / Unknown,Brando,Unknown,Mocha
Brando Mocha - 29,Other / Unknown,Brando,Unknown,Unknown
Brando Vintage Stone - Vintage Stone / 40,Other / Unknown,Brando,Unknown,40
Brando Manchester - 30,Other / Unknown,Brando,Unknown,Unknown
Brando Seville - Seville / 29,Other / Unknown,Brando,Unknown,29
Brando St Barths - 40,Other / Unknown,Brando,Unknown,Unknown
Brando Vintage Waxed Cognac - 38,Other / Unknown,Brando,Unknown,Unknown
Brando Montreal,Other / Unknown,Brando,Unknown,Unknown
Brando Vail - Vail / 30,Other / Unknown,Brando,Unknown,30
Brando Toulouse - 33,Other / Unknown,Brando,Unknown,Unknown
Brando Smoke - Smoke / 28,Other / Unknown,Brando,Unknown,28
Brando Vintage Blanc - 31,Other / Unknown,Brando,Unknown,Unknown
Brando Carbon Needle Cord - 30,Other / Unknown,Brando,Unknown,Unknown
Brando Kauai - Kauai / 28,Other / Unknown,Brando,Unknown,28
Brando Needle Cord Plum - Plum / 33,Other / Unknown,Brando,Unknown,33
Brando Noir Tux - 32,Other / Unknown,Brando,Unknown,Unknown
Brando Encino - 34,Other / Unknown,Brando,Unknown,Unknown
Brando Cairo - 29,Other / Unknown,Brando,Unknown,Unknown
Brando Needle Cord Vintage Blanc - Vintage Blanc / 32,Other / Unknown,Brando,Unknown,32
Brando Destroyed Noir - Destroyed Noir / 31,Other / Unknown,Brando,Unknown,31
Brando Distressed Greigio - 29,Other / Unknown,Brando,Unknown,Unknown
Brando Sorento - 33,Other / Unknown,Brando,Unknown,Unknown
Brando Linen Royal - Royal / 34,Other / Unknown,Brando,Unknown,34
Brando Ink - 32,Other / Unknown,Brando,Unknown,Unknown
Brando Destroyed Noir - Destroyed Noir / 28,Other / Unknown,Brando,Unknown,28
Brando Kauai - Kauai / 36,Other / Unknown,Brando,Unknown,36
Brando Marrakesh - 36,Other / Unknown,Brando,Unknown,Unknown
Brando Short Vintage Blanc - Vintage Blanc / 28,Other / Unknown,Brando,Unknown,28
Brando Vail - 31,Other / Unknown,Brando,Unknown,Unknown
Brando Twilight Needle Cord - 36,Other / Unknown,Brando,Unknown,Unknown
Brando Noir - 28,Other / Unknown,Brando,Unknown,Unknown
Brando Oxford - 38,Other / Unknown,Brando,Unknown,Unknown
Brando Stone - Stone / 32,Other / Unknown,Brando,Unknown,32
Brando Destroyed Noir - Destroyed Noir / 34,Other / Unknown,Brando,Unknown,34
Brando Linen Capuccino - 36,Other / Unknown,Brando,Unknown,Unknown
Brando Noir - 29 / Noir,Other / Unknown,Brando,Unknown,Noir
Brando Linen Jade - 34,Other / Unknown,Brando,Unknown,Unknown
Brando Kauai - Kauai / 30,Other / Unknown,Brando,Unknown,30
Brando Linen Royal - Royal / 38,Other / Unknown,Brando,Unknown,38
Brando Capri - 28,Other / Unknown,Brando,Unknown,Unknown
Brando Vail - Vail / 34,Other / Unknown,Brando,Unknown,34
Brando Aberdeen - 34,Other / Unknown,Brando,Unknown,Unknown
Brando Needle Cord Khaki - Khaki / 40,Other / Unknown,Brando,Unknown,40
Brando Vail,Other / Unknown,Brando,Unknown,Unknown
Brando Vintage Blanc - 28,Other / Unknown,Brando,Unknown,Unknown
Brando Short Mineral Green - Mineral Green / 30,Other / Unknown,Brando,Unknown,30
Brando Parisino Luxe Azul Marino,Other / Unknown,Brando,Unknown,Unknown
Brando Linen Royal - Royal / 33,Other / Unknown,Brando,Unknown,33
Brando Stone - 36,Other / Unknown,Brando,Unknown,Unknown
Brando Blanc - 32 / Blanc,Other / Unknown,Brando,Unknown,Blanc
Brando Dark Stone - Dark Stone / 40,Other / Unknown,Brando,Unknown,40
Brando Distressed Swirl - Distressed Swirl / 34,Other / Unknown,Brando,Unknown,34
Brando Memphis - 33,Other / Unknown,Brando,Unknown,Unknown
Brando Dark Stone - Dark Stone / 32,Other / Unknown,Brando,Unknown,32
Brando Hollywood - Hollywood / 31,Other / Unknown,Brando,Unknown,31
Brando Toulouse - 38,Other / Unknown,Brando,Unknown,Unknown
Brando Cote D'Ivoir - 30,Other / Unknown,Brando,Unknown,Unknown
Brando Mineral Green - 32,Other / Unknown,Brando,Unknown,Unknown
Brando Memphis - 29,Other / Unknown,Brando,Unknown,Unknown
Brando Noir - 38 / Noir,Other / Unknown,Brando,Unknown,Noir
Brando Distressed Swirl - 32,Other / Unknown,Brando,Unknown,Unknown
Brando Coral - Coral / 38,Other / Unknown,Brando,Unknown,38
Brando Vintage Stone - 33,Other / Unknown,Brando,Unknown,Unknown
Brando Vintage Waxed Steel - 33,Other / Unknown,Brando,Unknown,Unknown
Brando Linen Blanc - 28,Other / Unknown,Brando,Unknown,Unknown
Brando Montego - 36,Other / Unknown,Brando,Unknown,Unknown
Brando Stone - Stone / 33,Other / Unknown,Brando,Unknown,33
Brando Linen St Barths - 31,Other / Unknown,Brando,Unknown,Unknown
Brando Toulouse - 28,Other / Unknown,Brando,Unknown,Unknown
Brando Distressed Swirl - 36,Other / Unknown,Brando,Unknown,Unknown
Brando Vintage Blanc - 32 / Vintage Blanc,Other / Unknown,Brando,Unknown,Vintage Blanc
Brando Hollywood - 34,Other / Unknown,Brando,Unknown,Unknown
Brando Memphis - Memphis / 36,Other / Unknown,Brando,Unknown,36
Brando Linen Sage - 40,Other / Unknown,Brando,Unknown,Unknown
Brando Encino - 29,Other / Unknown,Brando,Unknown,Unknown
Brando Short Light Grey - Light Grey / 32,Other / Unknown,Brando,Unknown,32
Brando Marrakesh - 32,Other / Unknown,Brando,Unknown,Unknown
Brando Vail - Vail / 40,Other / Unknown,Brando,Unknown,40
Brando Seville - 28,Other / Unknown,Brando,Unknown,Unknown
Brando Vintage - 36,Other / Unknown,Brando,Unknown,Unknown
Brando Vintage Blanc - 29,Other / Unknown,Brando,Unknown,Unknown
Brando Linen Aberdeen - 34,Other / Unknown,Brando,Unknown,Unknown
Brando Prague - 29,Other / Unknown,Brando,Unknown,Unknown
Brando Oxford - Oxford / 34,Other / Unknown,Brando,Unknown,34
Brando Linen Jade - 36,Other / Unknown,Brando,Unknown,Unknown
Brando Puglia - Puglia / 31,Other / Unknown,Brando,Unknown,31
Brando Distressed Le Mans - 38,Other / Unknown,Brando,Unknown,Unknown
Brando Linen Jade - 33,Other / Unknown,Brando,Unknown,Unknown
Brando Noir Needle Cord,Other / Unknown,Brando,Unknown,Unknown
Brando Sand - Sand / 29,Other / Unknown,Brando,Unknown,29
Brando Destroyed Noir - Destroyed Noir / 32,Other / Unknown,Brando,Unknown,32
Brando Belmar - Belmar / 32,Other / Unknown,Brando,Unknown,32
Brando Noir Tux - 30,Other / Unknown,Brando,Unknown,Unknown
Brando Twilight Needle Cord - 32,Other / Unknown,Brando,Unknown,Unknown
Brando St Barths - 36,Other / Unknown,Brando,Unknown,Unknown
Brando Santa Monica - 36,Other / Unknown,Brando,Unknown,Unknown
Brando Oxford - 34,Other / Unknown,Brando,Unknown,Unknown
Brando Encino - Encino / 31,Other / Unknown,Brando,Unknown,31
Brando Linen Capuccino - 28,Other / Unknown,Brando,Unknown,Unknown
Brando Linen Sage - 32,Other / Unknown,Brando,Unknown,Unknown
Brando Needle Cord Plum - Plum / 36,Other / Unknown,Brando,Unknown,36
Brando Rodeo Drive - 30,Other / Unknown,Brando,Unknown,Unknown
Brando Rodeo Drive - 31,Other / Unknown,Brando,Unknown,Unknown
Brando Linen Noir - Noir / 29,Other / Unknown,Brando,Unknown,29
Brando Florentine - Florentine / 30,Other / Unknown,Brando,Unknown,30
Brando Encino - Encino / 33,Other / Unknown,Brando,Unknown,33
Brando Aruba - Aruba / 29,Other / Unknown,Brando,Unknown,29
Brando Athens - 32,Other / Unknown,Brando,Unknown,Unknown
Brando Sorento - Sorento / 32,Other / Unknown,Brando,Unknown,32
Brando Aberdeen - 36,Other / Unknown,Brando,Unknown,Unknown
Brando Milan - 36,Other / Unknown,Brando,Unknown,Unknown
Brando Sorento - Sorento / 28,Other / Unknown,Brando,Unknown,28
Brando Cote D'Ivoir,Other / Unknown,Brando,Unknown,Unknown
Brando teñido índigo - 30,Other / Unknown,Brando,Unknown,Unknown
Brando Florentine - 36,Other / Unknown,Brando,Unknown,Unknown
Brando Needle Cord Juniper,Other / Unknown,Brando,Unknown,Unknown
Brando Linen Capuccino,Other / Unknown,Brando,Unknown,Unknown
Brando Aruba - 34,Other / Unknown,Brando,Unknown,Unknown
Brando Santorini - 32,Other / Unknown,Brando,Unknown,Unknown
Brando Short Mineral Green - Mineral Green / 34,Other / Unknown,Brando,Unknown,34
Brando Ink,Other / Unknown,Brando,Unknown,Unknown
Brando Capri - Capri / 38,Other / Unknown,Brando,Unknown,38
Brando Short Light Grey - 30 / Light Grey,Other / Unknown,Brando,Unknown,Light Grey
Brando Linen Noir - 36,Other / Unknown,Brando,Unknown,Unknown
Brando Linen Capuccino - 38,Other / Unknown,Brando,Unknown,Unknown
Brando Mocha - 30,Other / Unknown,Brando,Unknown,Unknown
Brando Montreal - Montreal / 31,Other / Unknown,Brando,Unknown,31
Brando Santa Monica,Other / Unknown,Brando,Unknown,Unknown
Brando Short Mineral Green - 28,Other / Unknown,Brando,Unknown,Unknown
Brando Sorento - Sorento / 36,Other / Unknown,Brando,Unknown,36
Brando Seville - 38,Other / Unknown,Brando,Unknown,Unknown
Brando Montreal - Montreal / 34,Other / Unknown,Brando,Unknown,34
Brando Santorini - 34,Other / Unknown,Brando,Unknown,Unknown
Brando Montego - 30,Other / Unknown,Brando,Unknown,Unknown
Brando Needle Cord Khaki - Khaki / 31,Other / Unknown,Brando,Unknown,31
Brando Distressed Swirl - 31,Other / Unknown,Brando,Unknown,Unknown
Brando Linen Sage - 29,Other / Unknown,Brando,Unknown,Unknown
Brando Stone - 30,Other / Unknown,Brando,Unknown,Unknown
Brando Stone - 29,Other / Unknown,Brando,Unknown,Unknown
Brando Vintage - Vintage / 31,Other / Unknown,Brando,Unknown,31
Brando Vintage Blanc - 34,Other / Unknown,Brando,Unknown,Unknown
Brando Toulouse - 34,Other / Unknown,Brando,Unknown,Unknown
Brando Florentine - Florentine / 38,Other / Unknown,Brando,Unknown,38
Brando Oxford - 29,Other / Unknown,Brando,Unknown,Unknown
Brando Vintage Stone - Vintage Stone / 33,Other / Unknown,Brando,Unknown,33
Brando Oakland,Other / Unknown,Brando,Unknown,Unknown
Brando Ink - 38,Other / Unknown,Brando,Unknown,Unknown
Brando Toulouse - 29,Other / Unknown,Brando,Unknown,Unknown
Brando Mocha - 31,Other / Unknown,Brando,Unknown,Unknown
Brando Smoke - Smoke / 38,Other / Unknown,Brando,Unknown,38
Brando Oxford - 33,Other / Unknown,Brando,Unknown,Unknown
Brando Linen Aberdeen - 38,Other / Unknown,Brando,Unknown,Unknown
Brando Sorento - Sorento / 30,Other / Unknown,Brando,Unknown,30
Brando Blanc - 42,Other / Unknown,Brando,Unknown,Unknown
Brando Naples - 28,Other / Unknown,Brando,Unknown,Unknown
Brando Noir - 40,Other / Unknown,Brando,Unknown,Unknown
Brando Linen Blanc - 38,Other / Unknown,Brando,Unknown,Unknown
Brando Blanc - 31,Other / Unknown,Brando,Unknown,Unknown
Brando Dark Stone - Dark Stone / 29,Other / Unknown,Brando,Unknown,29
Brando Linen Blanc - 34,Other / Unknown,Brando,Unknown,Unknown
Brando Vail - 36,Other / Unknown,Brando,Unknown,Unknown
Brando Oxford - Oxford / 33,Other / Unknown,Brando,Unknown,33
Brando Noir Tux - 36,Other / Unknown,Brando,Unknown,Unknown
Brando Memphis - Memphis / 34,Other / Unknown,Brando,Unknown,34
Brando Ink - 33,Other / Unknown,Brando,Unknown,Unknown
Brando Linen Jade - 30,Other / Unknown,Brando,Unknown,Unknown
Brando Linen Capuccino - 29,Other / Unknown,Brando,Unknown,Unknown
Brando Blanc - 29 / Blanc,Other / Unknown,Brando,Unknown,Blanc
Caine Perle - 33,Other / Unknown,Caine,Unknown,Unknown
Caine Espresso - Espresso / 33,Other / Unknown,Caine,Unknown,33
Caine Matteo - Matteo / 28,Other / Unknown,Caine,Unknown,28
Caine Matteo - Matteo / 32,Other / Unknown,Caine,Unknown,32
Caine Vintage Plum,Other / Unknown,Caine,Unknown,Unknown
Caine Vintage Plum - Vintage Plum / 32,Other / Unknown,Caine,Unknown,32
Caine Valois - Valois / 31,Other / Unknown,Caine,Unknown,31
Caine Valois,Other / Unknown,Caine,Unknown,Unknown
Caine Espresso,Other / Unknown,Caine,Unknown,Unknown
Caine Perle - 34,Other / Unknown,Caine,Unknown,Unknown
Caine Espresso - Espresso / 34,Other / Unknown,Caine,Unknown,34
Caine Flocked Leopard - Mf Leopard Flock / 33,Other / Unknown,Caine,Unknown,33
Caine Noir - Noir / 30,Other / Unknown,Caine,Unknown,30
Caine Acid Carbon,Other / Unknown,Caine,Unknown,Unknown
Caine Espresso - Espresso / 32,Other / Unknown,Caine,Unknown,32
Caine Acid Carbon - Acid Carbon / 40,Other / Unknown,Caine,Unknown,40
Caine Clichy,Other / Unknown,Caine,Unknown,Unknown
Caine Flocked Leopard,Other / Unknown,Caine,Unknown,Unknown
Caine Noir - Noir / 36,Other / Unknown,Caine,Unknown,36
Caine Acid Carbon - Acid Carbon / 29,Other / Unknown,Caine,Unknown,29
Caine Clichy - Clichy / 31,Other / Unknown,Caine,Unknown,31
Caine Noir - Noir / 34,Other / Unknown,Caine,Unknown,34
Caine Valois - Valois / 36,Other / Unknown,Caine,Unknown,36
Caine Clichy - Clichy / 34,Other / Unknown,Caine,Unknown,34
Caine Flocked Leopard - Mf Leopard Flock / 28,Other / Unknown,Caine,Unknown,28
Caine Vintage Plum - Vintage Plum / 36,Other / Unknown,Caine,Unknown,36
Caine Flocked Leopard - Mf Leopard Flock / 36,Other / Unknown,Caine,Unknown,36
Caine Clichy - Clichy / 32,Other / Unknown,Caine,Unknown,32
Caine Acid Carbon - Acid Carbon / 30,Other / Unknown,Caine,Unknown,30
Caine Lincoln - Lincoln / 31,Other / Unknown,Caine,Unknown,31
Caine Lincoln - Lincoln / 34,Other / Unknown,Caine,Unknown,34
Caine Perle,Other / Unknown,Caine,Unknown,Unknown
Caine Perle - 38,Other / Unknown,Caine,Unknown,Unknown
Caine Acid Noir - 30,Other / Unknown,Caine,Unknown,Unknown
Caine Valois - Valois / 34,Other / Unknown,Caine,Unknown,34
Caine Flocked Leopard - Mf Leopard Flock / 40,Other / Unknown,Caine,Unknown,40
Caine Valois - Valois / 32,Other / Unknown,Caine,Unknown,32
Caine Lincoln - 38,Other / Unknown,Caine,Unknown,Unknown
Caine Perle - Perle / 30,Other / Unknown,Caine,Unknown,30
Caine Noir - Noir / 33,Other / Unknown,Caine,Unknown,33
Caine Flocked Leopard - Mf Leopard Flock / 32,Other / Unknown,Caine,Unknown,32
Caine Clichy - Clichy / 33,Other / Unknown,Caine,Unknown,33
Caine Perle - 28 / Perle,Other / Unknown,Caine,Unknown,Perle
Caine Perle - Perle / 32,Other / Unknown,Caine,Unknown,32
Caine Perle - 31 / Perle,Other / Unknown,Caine,Unknown,Perle
Caine Espresso - Espresso / 36,Other / Unknown,Caine,Unknown,36
Caine Clichy - Clichy / 30,Other / Unknown,Caine,Unknown,30
Caine Lincoln - 30,Other / Unknown,Caine,Unknown,Unknown
Caine Perle - 28,Other / Unknown,Caine,Unknown,Unknown
Caine Lincoln - 28 / Lincoln,Other / Unknown,Caine,Unknown,Lincoln
Caine Clichy - Clichy / 38,Other / Unknown,Caine,Unknown,38
Caine Lincoln - 36 / Lincoln,Other / Unknown,Caine,Unknown,Lincoln
Caine Acid Noir - 34,Other / Unknown,Caine,Unknown,Unknown
Caine Acid Carbon - Acid Carbon / 28,Other / Unknown,Caine,Unknown,28
Caine Acid Noir - 31,Other / Unknown,Caine,Unknown,Unknown
Caine Lincoln - 28,Other / Unknown,Caine,Unknown,Unknown
Caine Flocked Leopard - Mf Leopard Flock / 38,Other / Unknown,Caine,Unknown,38
Caine Lincoln - 31 / Lincoln,Other / Unknown,Caine,Unknown,Lincoln
Caine Acid Carbon - Acid Carbon / 33,Other / Unknown,Caine,Unknown,33
Caine Lincoln - Lincoln / 32,Other / Unknown,Caine,Unknown,32
Caine Lincoln - Lincoln / 28,Other / Unknown,Caine,Unknown,28
Caine Clichy - Clichy / 36,Other / Unknown,Caine,Unknown,36
Caine Lincoln - Lincoln / 33,Other / Unknown,Caine,Unknown,33
Caine Perle - Perle / 28,Other / Unknown,Caine,Unknown,28
Caine Acid Carbon - Acid Carbon / 32,Other / Unknown,Caine,Unknown,32
Caine Noir - Noir / 32,Other / Unknown,Caine,Unknown,32
Caine Perle - 38 / Perle,Other / Unknown,Caine,Unknown,Perle
Caine Lincoln - Lincoln / 30,Other / Unknown,Caine,Unknown,30
Camisa Bond Cuero Negro,Other / Unknown,Camisa,Unknown,Unknown
Camisa Bond Cuero Negro - L,Other / Unknown,Camisa,Unknown,Unknown
Camisa Bond Mesh Negro,Other / Unknown,Camisa,Unknown,Unknown
Camisa Bond Mesh Negro - M,Other / Unknown,Camisa,Unknown,Unknown
Carpenter Faifax,Other / Unknown,Carpenter,Unknown,Unknown
Carpenter Faifax - 29,Other / Unknown,Carpenter,Unknown,Unknown
Carpenter Faifax - 31,Other / Unknown,Carpenter,Unknown,Unknown
Carpenter Faifax - 33,Other / Unknown,Carpenter,Unknown,Unknown
Carpenter Faifax - 40,Other / Unknown,Carpenter,Unknown,Unknown
Carpenter Faifax - 34,Other / Unknown,Carpenter,Unknown,Unknown
Carpenter Faifax - 36,Other / Unknown,Carpenter,Unknown,Unknown
Carpenter Faifax - 30,Other / Unknown,Carpenter,Unknown,Unknown
Carpenter Faifax - 28,Other / Unknown,Carpenter,Unknown,Unknown
Carpenter Faifax - 32,Other / Unknown,Carpenter,Unknown,Unknown
Chemise Bond Cuir Noir,Other / Unknown,Chemise,Unknown,Unknown
Clint Sahara - Sahara / 40,Other / Unknown,Clint,Unknown,40
Clint Ombre Skyfall - 32,Other / Unknown,Clint,Unknown,Unknown
Clint Stingray - 29,Other / Unknown,Clint,Unknown,Unknown
Clint Houston - 33,Other / Unknown,Clint,Unknown,Unknown
Clint Shadow - 30,Other / Unknown,Clint,Unknown,Unknown
Clint Noir - 30,Other / Unknown,Clint,Unknown,Unknown
Clint Khaki - Khaki / 38,Other / Unknown,Clint,Unknown,38
Clint Sahara - Sahara / 28,Other / Unknown,Clint,Unknown,28
Clint Ombre Skyfall - 31,Other / Unknown,Clint,Unknown,Unknown
Clint Sahara - 30,Other / Unknown,Clint,Unknown,Unknown
Clint Ombre Sand - 38,Other / Unknown,Clint,Unknown,Unknown
Clint Matteo - 34,Other / Unknown,Clint,Unknown,Unknown
Clint Vintage Blanc - 28,Other / Unknown,Clint,Unknown,Unknown
Clint Khaki - Khaki / 31,Other / Unknown,Clint,Unknown,31
Clint Silver Haze,Other / Unknown,Clint,Unknown,Unknown
Clint Silver Haze - 32,Other / Unknown,Clint,Unknown,Unknown
Clint Sahara - Sahara / 31,Other / Unknown,Clint,Unknown,31
Clint Ombre Sand - 29,Other / Unknown,Clint,Unknown,Unknown
Clint Noir - 32,Other / Unknown,Clint,Unknown,Unknown
Clint Sahara - 29,Other / Unknown,Clint,Unknown,Unknown
Clint Houston - 30,Other / Unknown,Clint,Unknown,Unknown
Clint Matteo - 31,Other / Unknown,Clint,Unknown,Unknown
Clint Shadow - 32,Other / Unknown,Clint,Unknown,Unknown
Clint Shadow,Other / Unknown,Clint,Unknown,Unknown
Clint Stingray - 32,Other / Unknown,Clint,Unknown,Unknown
Clint Noir - 38,Other / Unknown,Clint,Unknown,Unknown
Clint Stingray - 33,Other / Unknown,Clint,Unknown,Unknown
Clint Stingray - 36,Other / Unknown,Clint,Unknown,Unknown
Clint Khaki - Khaki / 32,Other / Unknown,Clint,Unknown,32
Clint Matteo - 36,Other / Unknown,Clint,Unknown,Unknown
Clint Sahara - 32,Other / Unknown,Clint,Unknown,Unknown
Clint Ombre Sand - 28,Other / Unknown,Clint,Unknown,Unknown
Clint Khaki,Other / Unknown,Clint,Unknown,Unknown
Clint Ombre Skyfall - 36,Other / Unknown,Clint,Unknown,Unknown
Clint Khaki - Khaki / 36,Other / Unknown,Clint,Unknown,36
Clint Sahara - 38,Other / Unknown,Clint,Unknown,Unknown
Clint Shadow - 38,Other / Unknown,Clint,Unknown,Unknown
Clint Vintage Blanc - 33,Other / Unknown,Clint,Unknown,Unknown
Clint Ombre Skyfall - 28,Other / Unknown,Clint,Unknown,Unknown
Clint Vintage Blanc - 29,Other / Unknown,Clint,Unknown,Unknown
Clint Khaki - Khaki / 40,Other / Unknown,Clint,Unknown,40
Clint Vintage Blanc - 31,Other / Unknown,Clint,Unknown,Unknown
Clint Twilight - 34,Other / Unknown,Clint,Unknown,Unknown
Clint Stingray - 31,Other / Unknown,Clint,Unknown,Unknown
Clint Sahara - Sahara / 33,Other / Unknown,Clint,Unknown,33
Clint Khaki - Khaki / 34,Other / Unknown,Clint,Unknown,34
Clint Sahara - Sahara / 36,Other / Unknown,Clint,Unknown,36
Clint Ombre Sand - 36,Other / Unknown,Clint,Unknown,Unknown
Clint Ombre Sand,Other / Unknown,Clint,Unknown,Unknown
Clint Ombre Sand - 34,Other / Unknown,Clint,Unknown,Unknown
Clint Khaki - Khaki / 30,Other / Unknown,Clint,Unknown,30
Clint Stingray - 38,Other / Unknown,Clint,Unknown,Unknown
Clint Houston - 38,Other / Unknown,Clint,Unknown,Unknown
Clint Ombre Skyfall - 34,Other / Unknown,Clint,Unknown,Unknown
Clint Houston - 40,Other / Unknown,Clint,Unknown,Unknown
Clint Sahara - 28,Other / Unknown,Clint,Unknown,Unknown
Clint Noir - 28,Other / Unknown,Clint,Unknown,Unknown
Clint Houston - 28,Other / Unknown,Clint,Unknown,Unknown
Clint Silver Haze - 38,Other / Unknown,Clint,Unknown,Unknown
Clint Ombre Skyfall,Other / Unknown,Clint,Unknown,Unknown
Clint Sahara - 34,Other / Unknown,Clint,Unknown,Unknown
Clint Matteo - 28,Other / Unknown,Clint,Unknown,Unknown
Clint Vintage Blanc - 34,Other / Unknown,Clint,Unknown,Unknown
Clint Ombre Skyfall - 38,Other / Unknown,Clint,Unknown,Unknown
Clint Stingray - 28,Other / Unknown,Clint,Unknown,Unknown
Clint Ombre Sand - 40,Other / Unknown,Clint,Unknown,Unknown
Clint Shadow - 28,Other / Unknown,Clint,Unknown,Unknown
Clint Sahara - Sahara / 32,Other / Unknown,Clint,Unknown,32
Clint Houston - 36,Other / Unknown,Clint,Unknown,Unknown
Clint Khaki - Khaki / 33,Other / Unknown,Clint,Unknown,33
Clint Silver Haze - 30,Other / Unknown,Clint,Unknown,Unknown
Clint Matteo - 33,Other / Unknown,Clint,Unknown,Unknown
Clint Matteo - 40,Other / Unknown,Clint,Unknown,Unknown
Clint Matteo,Other / Unknown,Clint,Unknown,Unknown
Clint Houston,Other / Unknown,Clint,Unknown,Unknown
Clint Noir - 36,Other / Unknown,Clint,Unknown,Unknown
Clint Sahara - 31,Other / Unknown,Clint,Unknown,Unknown
Clint Noir - 33,Other / Unknown,Clint,Unknown,Unknown
Clint Matteo - 29,Other / Unknown,Clint,Unknown,Unknown
Clint Ombre Skyfall - 30,Other / Unknown,Clint,Unknown,Unknown
Clint Matteo - 32,Other / Unknown,Clint,Unknown,Unknown
Clint Noir - 31,Other / Unknown,Clint,Unknown,Unknown
Clint Twilight - 28,Other / Unknown,Clint,Unknown,Unknown
Clint Sahara - Sahara / 38,Other / Unknown,Clint,Unknown,38
Clint Vintage Blanc,Other / Unknown,Clint,Unknown,Unknown
Clint Silver Haze - 36,Other / Unknown,Clint,Unknown,Unknown
Clint Sahara - Sahara / 30,Other / Unknown,Clint,Unknown,30
Clint Shadow - 29,Other / Unknown,Clint,Unknown,Unknown
Clint Houston - 32,Other / Unknown,Clint,Unknown,Unknown
Clint Silver Haze - 29,Other / Unknown,Clint,Unknown,Unknown
Clint Vintage Blanc - 38,Other / Unknown,Clint,Unknown,Unknown
Clint Ombre Sand - 30,Other / Unknown,Clint,Unknown,Unknown
Clint Houston - 31,Other / Unknown,Clint,Unknown,Unknown
Clint Ombre Skyfall - 29,Other / Unknown,Clint,Unknown,Unknown
Clint Silver Haze - 40,Other / Unknown,Clint,Unknown,Unknown
Clint Noir - 40,Other / Unknown,Clint,Unknown,Unknown
Clint Matteo - 30,Other / Unknown,Clint,Unknown,Unknown
Clint Shadow - 34,Other / Unknown,Clint,Unknown,Unknown
Clint Houston - 34,Other / Unknown,Clint,Unknown,Unknown
Clint Noir - 29,Other / Unknown,Clint,Unknown,Unknown
Clint Ombre Skyfall - 33,Other / Unknown,Clint,Unknown,Unknown
Clint Twilight - 29,Other / Unknown,Clint,Unknown,Unknown
Clint Silver Haze - 28,Other / Unknown,Clint,Unknown,Unknown
Clint Sahara - Sahara / 29,Other / Unknown,Clint,Unknown,29
Clint Stingray,Other / Unknown,Clint,Unknown,Unknown
Clint Ombre Sand - 33,Other / Unknown,Clint,Unknown,Unknown
Clint Matteo - 38,Other / Unknown,Clint,Unknown,Unknown
Clint Noir - 34,Other / Unknown,Clint,Unknown,Unknown
Clint Silver Haze - 31,Other / Unknown,Clint,Unknown,Unknown
Clint Noir,Other / Unknown,Clint,Unknown,Unknown
Clint Ombre Skyfall - 40,Other / Unknown,Clint,Unknown,Unknown
Clint Vintage Blanc - 40,Other / Unknown,Clint,Unknown,Unknown
Clint Vintage Blanc - 32,Other / Unknown,Clint,Unknown,Unknown
Clint Stingray - 34,Other / Unknown,Clint,Unknown,Unknown
Clint Sahara,Other / Unknown,Clint,Unknown,Unknown
Clint Ombre Sand - 32,Other / Unknown,Clint,Unknown,Unknown
Clint Twilight,Other / Unknown,Clint,Unknown,Unknown
Clint Silver Haze - 34,Other / Unknown,Clint,Unknown,Unknown
Clint Stingray - 30,Other / Unknown,Clint,Unknown,Unknown
Clint Sahara - Sahara / 34,Other / Unknown,Clint,Unknown,34
Clint Stingray - 40,Other / Unknown,Clint,Unknown,Unknown
Clint Ombre Sand - 31,Other / Unknown,Clint,Unknown,Unknown
Cooper Noir,Other / Unknown,Cooper,Unknown,Unknown
Cooper Noir - XXL,Other / Unknown,Cooper,Unknown,Unknown
Cooper Noir - XS,Other / Unknown,Cooper,Unknown,Unknown
Cooper Toffee - XS,Other / Unknown,Cooper,Unknown,Unknown
Cooper Toffee - M,Other / Unknown,Cooper,Unknown,Unknown
Cooper Noir - M,Other / Unknown,Cooper,Unknown,Unknown
Cooper Juniper - Juniper / XL,Other / Unknown,Cooper,Unknown,XL
Cooper Noir - L,Other / Unknown,Cooper,Unknown,Unknown
Cooper Juniper - Juniper / XXL,Other / Unknown,Cooper,Unknown,XXL
Cooper Toffee,Other / Unknown,Cooper,Unknown,Unknown
Cooper Noir - Suede Noir / S,Other / Unknown,Cooper,Unknown,S
Cooper Juniper - Juniper / L,Other / Unknown,Cooper,Unknown,L
Cooper Noir - S,Other / Unknown,Cooper,Unknown,Unknown
Cooper Noir - XL,Other / Unknown,Cooper,Unknown,Unknown
Cooper Espresso - Suede Espresso / XL,Other / Unknown,Cooper,Unknown,XL
Cooper Espresso - Suede Espresso / S,Other / Unknown,Cooper,Unknown,S
Cooper Noir - Suede Noir / M,Other / Unknown,Cooper,Unknown,M
Cooper Juniper - Juniper / M,Other / Unknown,Cooper,Unknown,M
Cooper Espresso - Suede Espresso / M,Other / Unknown,Cooper,Unknown,M
Cooper Toffee - L,Other / Unknown,Cooper,Unknown,Unknown
Cooper Noir - Suede Noir / XL,Other / Unknown,Cooper,Unknown,XL
Cooper Juniper - Juniper / S,Other / Unknown,Cooper,Unknown,S
Cooper Toffee - XL,Other / Unknown,Cooper,Unknown,Unknown
Cooper Toffee - S,Other / Unknown,Cooper,Unknown,Unknown
Cooper Toffee - XXL,Other / Unknown,Cooper,Unknown,Unknown
Craig St Tropez - St Tropez / L,Other / Unknown,Craig,Unknown,L
Craig Zebra - L,Other / Unknown,Craig,Unknown,Unknown
Craig Zebra - M,Other / Unknown,Craig,Unknown,Unknown
Craig St Tropez - St Tropez / XS,Other / Unknown,Craig,Unknown,XS
Craig St Tropez - M,Other / Unknown,Craig,Unknown,Unknown
Craig St Tropez - XL,Other / Unknown,Craig,Unknown,Unknown
Craig St Tropez - St Tropez / S,Other / Unknown,Craig,Unknown,S
Craig Zebra - Zebra / S,Other / Unknown,Craig,Unknown,S
Craig St Tropez - St Tropez / M,Other / Unknown,Craig,Unknown,M
Craig Zebra - S,Other / Unknown,Craig,Unknown,Unknown
Craig St Tropez - XXL,Other / Unknown,Craig,Unknown,Unknown
Craig St Tropez,Other / Unknown,Craig,Unknown,Unknown
Craig St Tropez - S,Other / Unknown,Craig,Unknown,Unknown
Craig Zebra - XS,Other / Unknown,Craig,Unknown,Unknown
Craig Zebra - Zebra / M,Other / Unknown,Craig,Unknown,M
Craig Zebra - XL,Other / Unknown,Craig,Unknown,Unknown
Craig St Tropez - L,Other / Unknown,Craig,Unknown,Unknown
Craig Zebra - Zebra / XL,Other / Unknown,Craig,Unknown,XL
Craig Zebra,Other / Unknown,Craig,Unknown,Unknown
Craig St Tropez - St Tropez / XXL,Other / Unknown,Craig,Unknown,XXL
Craig St Tropez - XS,Other / Unknown,Craig,Unknown,Unknown
Craig Zebra - Zebra / XS,Other / Unknown,Craig,Unknown,XS
Cruise Montauk - 33,Other / Unknown,Cruise,Unknown,Unknown
Cruise Noir - Noir / 36,Other / Unknown,Cruise,Unknown,36
Cruise Marine - 38,Other / Unknown,Cruise,Unknown,Unknown
Cruise Stripped Thyme - 29,Other / Unknown,Cruise,Unknown,Unknown
Cruise Noir - 29,Other / Unknown,Cruise,Unknown,Unknown
Cruise Blanc - Blanc / 34,Other / Unknown,Cruise,Unknown,34
Cruise Getafe - Getafe / 28,Other / Unknown,Cruise,Unknown,28
Cruise Pastel Pink - 36,Other / Unknown,Cruise,Unknown,Unknown
Cruise Capuccino - 36,Other / Unknown,Cruise,Unknown,Unknown
Cruise Santorini - 38,Other / Unknown,Cruise,Unknown,Unknown
Cruise Getafe,Other / Unknown,Cruise,Unknown,Unknown
Cruise Linen Sage - 32,Other / Unknown,Cruise,Unknown,Unknown
Cruise Pastel Pink - 31,Other / Unknown,Cruise,Unknown,Unknown
Cruise Haze,Other / Unknown,Cruise,Unknown,Unknown
Cruise Stripped Thyme - 28,Other / Unknown,Cruise,Unknown,Unknown
Cruise Maui - Maui / 28,Other / Unknown,Cruise,Unknown,28
Cruise Coral - Coral / 30,Other / Unknown,Cruise,Unknown,30
Cruise Blanc - Blanc / 32,Other / Unknown,Cruise,Unknown,32
Cruise Neon Orange - Neon Orange / 32,Other / Unknown,Cruise,Unknown,32
Cruise Lanai - 29,Other / Unknown,Cruise,Unknown,Unknown
Cruise Khaki - 36,Other / Unknown,Cruise,Unknown,Unknown
Cruise Pastel Pink - Pastel Pink / 34,Other / Unknown,Cruise,Unknown,34
Cruise Olivine - 29,Other / Unknown,Cruise,Unknown,Unknown
Cruise Atlantic - Atlantic / 28,Other / Unknown,Cruise,Unknown,28
Cruise Blanc - 36,Other / Unknown,Cruise,Unknown,Unknown
Cruise Almond - 33,Other / Unknown,Cruise,Unknown,Unknown
Cruise Neon Orange - Neon Orange / 38,Other / Unknown,Cruise,Unknown,38
Cruise Khaki - 38,Other / Unknown,Cruise,Unknown,Unknown
Cruise Atlantic - Atlantic / 38,Other / Unknown,Cruise,Unknown,38
Cruise Pastel Pink - 34,Other / Unknown,Cruise,Unknown,Unknown
Cruise Coral - 30 / Coral,Other / Unknown,Cruise,Unknown,Coral
Cruise Noir,Other / Unknown,Cruise,Unknown,Unknown
Cruise Bal Harbor - Bal Harbor / 29,Other / Unknown,Cruise,Unknown,29
Cruise Noir - 30 / Noir,Other / Unknown,Cruise,Unknown,Noir
Cruise Navy - 32,Other / Unknown,Cruise,Unknown,Unknown
Cruise Noir - 33,Other / Unknown,Cruise,Unknown,Unknown
Cruise Santorini - 36,Other / Unknown,Cruise,Unknown,Unknown
Cruise Coral - 34,Other / Unknown,Cruise,Unknown,Unknown
Cruise Noir - Noir / 28,Other / Unknown,Cruise,Unknown,28
Cruise Navy - Navy / 32,Other / Unknown,Cruise,Unknown,32
Cruise Almond - 31,Other / Unknown,Cruise,Unknown,Unknown
Cruise Khaki - 34,Other / Unknown,Cruise,Unknown,Unknown
Cruise Navy - 28,Other / Unknown,Cruise,Unknown,Unknown
Cruise Montauk - 38,Other / Unknown,Cruise,Unknown,Unknown
Cruise Montauk - 30,Other / Unknown,Cruise,Unknown,Unknown
Cruise Olivine - 30,Other / Unknown,Cruise,Unknown,Unknown
Cruise Pastel Pink - Pastel Pink / 38,Other / Unknown,Cruise,Unknown,38
Cruise Atlantic - Atlantic / 32,Other / Unknown,Cruise,Unknown,32
Cruise Cutoff Noir - 28,Other / Unknown,Cruise,Unknown,Unknown
Cruise Linen Sage - 33,Other / Unknown,Cruise,Unknown,Unknown
Cruise Maui - 30,Other / Unknown,Cruise,Unknown,Unknown
Cruise Blanc - 30 / Blanc,Other / Unknown,Cruise,Unknown,Blanc
Cruise Porto - Porto / 36,Other / Unknown,Cruise,Unknown,36
Cruise Bal Harbor - Bal Harbor / 31,Other / Unknown,Cruise,Unknown,31
Cruise Porto - Porto / 28,Other / Unknown,Cruise,Unknown,28
Cruise Montego - 34,Other / Unknown,Cruise,Unknown,Unknown
Cruise Cutoff Noir - 38,Other / Unknown,Cruise,Unknown,Unknown
Cruise Fiji - 38,Other / Unknown,Cruise,Unknown,Unknown
Cruise Vigo - Vigo / 28,Other / Unknown,Cruise,Unknown,28
Cruise Khaki - 29,Other / Unknown,Cruise,Unknown,Unknown
Cruise Noir - 34,Other / Unknown,Cruise,Unknown,Unknown
Cruise Lanai - 31,Other / Unknown,Cruise,Unknown,Unknown
Cruise Khaki - Khaki / 31,Other / Unknown,Cruise,Unknown,31
Cruise Neon Orange - Neon Orange / 28,Other / Unknown,Cruise,Unknown,28
Cruise Blanc - Blanc / 29,Other / Unknown,Cruise,Unknown,29
Cruise Stripped Thyme,Other / Unknown,Cruise,Unknown,Unknown
Cruise Marine - 30,Other / Unknown,Cruise,Unknown,Unknown
Cruise Blanc - Blanc / 30,Other / Unknown,Cruise,Unknown,30
Cruise Stripped Thyme - Striped Thyme / 33,Other / Unknown,Cruise,Unknown,33
Cruise Porto - Porto / 33,Other / Unknown,Cruise,Unknown,33
Cruise Laguna - Laguna / 34,Other / Unknown,Cruise,Unknown,34
Cruise Blanc - 31 / Blanc,Other / Unknown,Cruise,Unknown,Blanc
Cruise Stripped Thyme - Striped Thyme / 30,Other / Unknown,Cruise,Unknown,30
Cruise Noir - Noir / 33,Other / Unknown,Cruise,Unknown,33
Cruise Blanc - 36 / Blanc,Other / Unknown,Cruise,Unknown,Blanc
Cruise Haze - 28,Other / Unknown,Cruise,Unknown,Unknown
Cruise Blanc - Blanc / 40,Other / Unknown,Cruise,Unknown,40
Cruise Montego - 38,Other / Unknown,Cruise,Unknown,Unknown
Cruise Bal Harbor - Bal Harbor / 33,Other / Unknown,Cruise,Unknown,33
Cruise Neon Orange - 34,Other / Unknown,Cruise,Unknown,Unknown
Cruise Bal Harbor - 33,Other / Unknown,Cruise,Unknown,Unknown
Cruise Linen Sage - 28,Other / Unknown,Cruise,Unknown,Unknown
Cruise Bal Harbor - Bal Harbor / 28,Other / Unknown,Cruise,Unknown,28
Cruise Blanc - Blanc / 28,Other / Unknown,Cruise,Unknown,28
Cruise Olivine - 40,Other / Unknown,Cruise,Unknown,Unknown
Cruise Blanc - 30,Other / Unknown,Cruise,Unknown,Unknown
Cruise Maui - 38,Other / Unknown,Cruise,Unknown,Unknown
Cruise Atlantic - Atlantic / 34,Other / Unknown,Cruise,Unknown,34
Cruise Arctic - Arctic / 33,Other / Unknown,Cruise,Unknown,33
Cruise Vigo - Vigo / 32,Other / Unknown,Cruise,Unknown,32
Cruise Atlantic - Atlantic / 30,Other / Unknown,Cruise,Unknown,30
Cruise Linen Beige - 32,Other / Unknown,Cruise,Unknown,Unknown
Cruise Pastel Pink - Pastel Pink / 36,Other / Unknown,Cruise,Unknown,36
Cruise Linen Sage - 36,Other / Unknown,Cruise,Unknown,Unknown
Cruise Getafe - Getafe / 38,Other / Unknown,Cruise,Unknown,38
Cruise Haze - Haze / 33,Other / Unknown,Cruise,Unknown,33
Cruise Getafe - Getafe / 30,Other / Unknown,Cruise,Unknown,30
Cruise Khaki - 31,Other / Unknown,Cruise,Unknown,Unknown
Cruise Khaki,Other / Unknown,Cruise,Unknown,Unknown
Cruise Navy - 34,Other / Unknown,Cruise,Unknown,Unknown
Cruise Linen Beige,Other / Unknown,Cruise,Unknown,Unknown
Cruise Almond - 28,Other / Unknown,Cruise,Unknown,Unknown
Cruise Khaki - Khaki / 32,Other / Unknown,Cruise,Unknown,32
Cruise Olivine - 32,Other / Unknown,Cruise,Unknown,Unknown
Cruise Fiji - 30,Other / Unknown,Cruise,Unknown,Unknown
Cruise Blanc - 38,Other / Unknown,Cruise,Unknown,Unknown
Cruise Atlantic - Atlantic / 33,Other / Unknown,Cruise,Unknown,33
Cruise Haze - 38,Other / Unknown,Cruise,Unknown,Unknown
Cruise Fiji - Fiji / 33,Other / Unknown,Cruise,Unknown,33
Cruise Arctic - Arctic / 38,Other / Unknown,Cruise,Unknown,38
Cruise Coral - 29 / Coral,Other / Unknown,Cruise,Unknown,Coral
Cruise Coral - 30,Other / Unknown,Cruise,Unknown,Unknown
Cruise Montauk - 36,Other / Unknown,Cruise,Unknown,Unknown
Cruise Blanc - 33 / Blanc,Other / Unknown,Cruise,Unknown,Blanc
Cruise Coral - 33,Other / Unknown,Cruise,Unknown,Unknown
Cruise Blanc - 28,Other / Unknown,Cruise,Unknown,Unknown
Cruise Montauk - Montauk / 32,Other / Unknown,Cruise,Unknown,32
Cruise Bal Harbor - Bal Harbor / 36,Other / Unknown,Cruise,Unknown,36
Cruise Havana - 30,Other / Unknown,Cruise,Unknown,Unknown
Cruise Blanc - 32 / Blanc,Other / Unknown,Cruise,Unknown,Blanc
Cruise Coral - Coral / 36,Other / Unknown,Cruise,Unknown,36
Cruise Stripped Thyme - 32,Other / Unknown,Cruise,Unknown,Unknown
Cruise Khaki - Khaki / 38,Other / Unknown,Cruise,Unknown,38
Cruise Pastel Pink - 32,Other / Unknown,Cruise,Unknown,Unknown
Cruise Blanc - Blanc / 31,Other / Unknown,Cruise,Unknown,31
Cruise Neon Orange - 36,Other / Unknown,Cruise,Unknown,Unknown
Cruise Oahu - 34,Other / Unknown,Cruise,Unknown,Unknown
Cruise Almond - 38,Other / Unknown,Cruise,Unknown,Unknown
Cruise Haze - 33,Other / Unknown,Cruise,Unknown,Unknown
Cruise Fiji - Fiji / 28,Other / Unknown,Cruise,Unknown,28
Cruise Arctic - Arctic / 31,Other / Unknown,Cruise,Unknown,31
Cruise Navy - Navy / 40,Other / Unknown,Cruise,Unknown,40
Cruise Bal Harbor - 28,Other / Unknown,Cruise,Unknown,Unknown
Cruise Linen Sage - 34,Other / Unknown,Cruise,Unknown,Unknown
Cruise Havana - 38,Other / Unknown,Cruise,Unknown,Unknown
Cruise Bal Harbor - 40,Other / Unknown,Cruise,Unknown,Unknown
Cruise Navy - Navy / 28,Other / Unknown,Cruise,Unknown,28
Cruise Oahu - 33,Other / Unknown,Cruise,Unknown,Unknown
Cruise Blanc - 28 / Blanc,Other / Unknown,Cruise,Unknown,Blanc
Cruise Khaki - 30,Other / Unknown,Cruise,Unknown,Unknown
Cruise Neon Orange - Neon Orange / 34,Other / Unknown,Cruise,Unknown,34
Cruise Neon Orange - Neon Orange / 29,Other / Unknown,Cruise,Unknown,29
Cruise Montego - 33,Other / Unknown,Cruise,Unknown,Unknown
Cruise Montauk - Montauk / 36,Other / Unknown,Cruise,Unknown,36
Cruise Montauk - 32,Other / Unknown,Cruise,Unknown,Unknown
Cruise Blanc - Blanc / 38,Other / Unknown,Cruise,Unknown,38
Cruise Havana - 32,Other / Unknown,Cruise,Unknown,Unknown
Cruise Noir - Noir / 29,Other / Unknown,Cruise,Unknown,29
Cruise Noir - 29 / Noir,Other / Unknown,Cruise,Unknown,Noir
Cruise Havana - 31,Other / Unknown,Cruise,Unknown,Unknown
Cruise Montego - 29,Other / Unknown,Cruise,Unknown,Unknown
Cruise Pastel Pink - Pastel Pink / 30,Other / Unknown,Cruise,Unknown,30
Cruise Havana - Havana / 36,Other / Unknown,Cruise,Unknown,36
Cruise Vigo - Vigo / 31,Other / Unknown,Cruise,Unknown,31
Cruise Linen Beige - 31,Other / Unknown,Cruise,Unknown,Unknown
Cruise Arctic - Arctic / 29,Other / Unknown,Cruise,Unknown,29
Cruise Neon Orange - 40,Other / Unknown,Cruise,Unknown,Unknown
Cruise Neon Orange - Neon Orange / 33,Other / Unknown,Cruise,Unknown,33
Cruise Oahu - 31,Other / Unknown,Cruise,Unknown,Unknown
Cruise Newport - 33,Other / Unknown,Cruise,Unknown,Unknown
Cruise Zebra - Zebra / 30,Other / Unknown,Cruise,Unknown,30
Cruise Vigo - 36,Other / Unknown,Cruise,Unknown,Unknown
Cruise Haze - 29,Other / Unknown,Cruise,Unknown,Unknown
Cruise Capuccino - 29,Other / Unknown,Cruise,Unknown,Unknown
Cruise Oahu - 29,Other / Unknown,Cruise,Unknown,Unknown
Cruise Atlantic - Atlantic / 29,Other / Unknown,Cruise,Unknown,29
Cruise Porto - Porto / 31,Other / Unknown,Cruise,Unknown,31
Cruise Stripped Thyme - Striped Thyme / 32,Other / Unknown,Cruise,Unknown,32
Cruise Almond - 32,Other / Unknown,Cruise,Unknown,Unknown
Cruise Zebra - Zebra / 38,Other / Unknown,Cruise,Unknown,38
Cruise Khaki - 32,Other / Unknown,Cruise,Unknown,Unknown
Cruise Havana - 28,Other / Unknown,Cruise,Unknown,Unknown
Cruise Noir - 30,Other / Unknown,Cruise,Unknown,Unknown
Cruise Santorini - 29,Other / Unknown,Cruise,Unknown,Unknown
Cruise Linen Beige - 36,Other / Unknown,Cruise,Unknown,Unknown
Cruise Bal Harbor - 38,Other / Unknown,Cruise,Unknown,Unknown
Cruise Maui - Maui / 30,Other / Unknown,Cruise,Unknown,30
Cruise Coral - 34 / Coral,Other / Unknown,Cruise,Unknown,Coral
Cruise Getafe - Getafe / 32,Other / Unknown,Cruise,Unknown,32
Cruise Pastel Pink,Other / Unknown,Cruise,Unknown,Unknown
Cruise Arctic - Arctic / 34,Other / Unknown,Cruise,Unknown,34
Cruise Porto - Porto / 34,Other / Unknown,Cruise,Unknown,34
Cruise Pastel Pink - Pastel Pink / 31,Other / Unknown,Cruise,Unknown,31
Cruise Vigo - 38,Other / Unknown,Cruise,Unknown,Unknown
Cruise Havana - Havana / 28,Other / Unknown,Cruise,Unknown,28
Cruise Maui - 33,Other / Unknown,Cruise,Unknown,Unknown
Cruise Fiji - 29,Other / Unknown,Cruise,Unknown,Unknown
Cruise Fiji - 31,Other / Unknown,Cruise,Unknown,Unknown
Cruise Pastel Pink - Pastel Pink / 28,Other / Unknown,Cruise,Unknown,28
Cruise Fiji - 28,Other / Unknown,Cruise,Unknown,Unknown
Cruise Noir - Noir / 31,Other / Unknown,Cruise,Unknown,31
Cruise Marine - 31,Other / Unknown,Cruise,Unknown,Unknown
Cruise Neon Orange - 30,Other / Unknown,Cruise,Unknown,Unknown
Cruise Navy - 36,Other / Unknown,Cruise,Unknown,Unknown
Cruise Noir - 36,Other / Unknown,Cruise,Unknown,Unknown
Cruise Khaki - 42,Other / Unknown,Cruise,Unknown,Unknown
Cruise Neon Orange - 28,Other / Unknown,Cruise,Unknown,Unknown
Cruise Bal Harbor - Bal Harbor / 38,Other / Unknown,Cruise,Unknown,38
Cruise Maui - 29,Other / Unknown,Cruise,Unknown,Unknown
Cruise Noir - Noir / 30,Other / Unknown,Cruise,Unknown,30
Cruise Navy - 30,Other / Unknown,Cruise,Unknown,Unknown
Cruise Zebra - Zebra / 31,Other / Unknown,Cruise,Unknown,31
Cruise Havana - Havana / 31,Other / Unknown,Cruise,Unknown,31
Cruise Noir - 38,Other / Unknown,Cruise,Unknown,Unknown
Cruise Capuccino - 30,Other / Unknown,Cruise,Unknown,Unknown
Cruise Oahu - 28,Other / Unknown,Cruise,Unknown,Unknown
Cruise Haze - Haze / 31,Other / Unknown,Cruise,Unknown,31
Cruise Khaki - Khaki / 29,Other / Unknown,Cruise,Unknown,29
Cruise Vigo - 33,Other / Unknown,Cruise,Unknown,Unknown
Cruise Haze - 31,Other / Unknown,Cruise,Unknown,Unknown
Cruise Olivine - 34,Other / Unknown,Cruise,Unknown,Unknown
Cruise Bal Harbor - 29,Other / Unknown,Cruise,Unknown,Unknown
Cruise Getafe - 29,Other / Unknown,Cruise,Unknown,Unknown
Cruise Marine - 32,Other / Unknown,Cruise,Unknown,Unknown
Cruise Vigo - Vigo / 34,Other / Unknown,Cruise,Unknown,34
Cruise Vigo - 28,Other / Unknown,Cruise,Unknown,Unknown
Cruise Bal Harbor,Other / Unknown,Cruise,Unknown,Unknown
Cruise Atlantic - Atlantic / 36,Other / Unknown,Cruise,Unknown,36
Cruise Stripped Thyme - 30,Other / Unknown,Cruise,Unknown,Unknown
Cruise Haze - 36,Other / Unknown,Cruise,Unknown,Unknown
Cruise Lanai - 28,Other / Unknown,Cruise,Unknown,Unknown
Cruise Khaki - Khaki / 36,Other / Unknown,Cruise,Unknown,36
Cruise Noir - 31 / Noir,Other / Unknown,Cruise,Unknown,Noir
Cruise Almond - 34,Other / Unknown,Cruise,Unknown,Unknown
Cruise Getafe - Getafe / 34,Other / Unknown,Cruise,Unknown,34
Cruise Porto - Porto / 30,Other / Unknown,Cruise,Unknown,30
Cruise Oahu - 30,Other / Unknown,Cruise,Unknown,Unknown
Cruise Blanc - 34,Other / Unknown,Cruise,Unknown,Unknown
Cruise Marine - 28,Other / Unknown,Cruise,Unknown,Unknown
Cruise Noir - 31,Other / Unknown,Cruise,Unknown,Unknown
Cruise Cutoff Noir - 36,Other / Unknown,Cruise,Unknown,Unknown
Cruise Navy - 33,Other / Unknown,Cruise,Unknown,Unknown
Cruise Coral - Coral / 33,Other / Unknown,Cruise,Unknown,33
Cruise Coral,Other / Unknown,Cruise,Unknown,Unknown
Cruise Fiji - Fiji / 34,Other / Unknown,Cruise,Unknown,34
Cruise Haze - Haze / 30,Other / Unknown,Cruise,Unknown,30
Cruise Noir - 32,Other / Unknown,Cruise,Unknown,Unknown
Cruise Olivine,Other / Unknown,Cruise,Unknown,Unknown
Cruise Capuccino - 32,Other / Unknown,Cruise,Unknown,Unknown
Cruise Porto - Porto / 38,Other / Unknown,Cruise,Unknown,38
Cruise Arctic - Arctic / 28,Other / Unknown,Cruise,Unknown,28
Cruise Pastel Pink - Pastel Pink / 32,Other / Unknown,Cruise,Unknown,32
Cruise Santorini - 34,Other / Unknown,Cruise,Unknown,Unknown
Cruise Almond - 29,Other / Unknown,Cruise,Unknown,Unknown
Cruise Capuccino - 31,Other / Unknown,Cruise,Unknown,Unknown
Cruise Havana - 36,Other / Unknown,Cruise,Unknown,Unknown
Cruise Cutoff Noir - 40,Other / Unknown,Cruise,Unknown,Unknown
Cruise Almond - 36,Other / Unknown,Cruise,Unknown,Unknown
Cruise Marine - 33,Other / Unknown,Cruise,Unknown,Unknown
Cruise Fiji - 34,Other / Unknown,Cruise,Unknown,Unknown
Cruise Linen Sage - 29,Other / Unknown,Cruise,Unknown,Unknown
Cruise Haze - 30,Other / Unknown,Cruise,Unknown,Unknown
Cruise Coral - 29,Other / Unknown,Cruise,Unknown,Unknown
Cruise Noir - 33 / Noir,Other / Unknown,Cruise,Unknown,Noir
Cruise Navy,Other / Unknown,Cruise,Unknown,Unknown
Cruise Havana - 34,Other / Unknown,Cruise,Unknown,Unknown
Cruise Haze - Haze / 36,Other / Unknown,Cruise,Unknown,36
Cruise Bal Harbor - Bal Harbor / 32,Other / Unknown,Cruise,Unknown,32
Cruise Neon Orange - 38,Other / Unknown,Cruise,Unknown,Unknown
Cruise Fiji - Fiji / 29,Other / Unknown,Cruise,Unknown,29
Cruise Vigo - 31,Other / Unknown,Cruise,Unknown,Unknown
Cruise Porto - Porto / 29,Other / Unknown,Cruise,Unknown,29
Cruise Stripped Thyme - Striped Thyme / 34,Other / Unknown,Cruise,Unknown,34
Cruise Vigo - 30,Other / Unknown,Cruise,Unknown,Unknown
Cruise Blanc - 29 / Blanc,Other / Unknown,Cruise,Unknown,Blanc
Cruise Navy - Navy / 33,Other / Unknown,Cruise,Unknown,33
Cruise Noir - Noir / 38,Other / Unknown,Cruise,Unknown,38
Cruise Linen Sage,Other / Unknown,Cruise,Unknown,Unknown
Cruise Navy - 29,Other / Unknown,Cruise,Unknown,Unknown
Cruise Noir - Noir / 32,Other / Unknown,Cruise,Unknown,32
Cruise Fiji - 36,Other / Unknown,Cruise,Unknown,Unknown
Cruise Blanc - 33,Other / Unknown,Cruise,Unknown,Unknown
Cruise Neon Orange,Other / Unknown,Cruise,Unknown,Unknown
Cruise Blanc - 38 / Blanc,Other / Unknown,Cruise,Unknown,Blanc
Cruise Haze - Haze / 28,Other / Unknown,Cruise,Unknown,28
Cruise Neon Orange - 32,Other / Unknown,Cruise,Unknown,Unknown
Cruise Haze - 32,Other / Unknown,Cruise,Unknown,Unknown
Cruise Khaki - Khaki / 30,Other / Unknown,Cruise,Unknown,30
Cruise Haze - Haze / 34,Other / Unknown,Cruise,Unknown,34
Cruise Laguna - 33,Other / Unknown,Cruise,Unknown,Unknown
Cruise Getafe - Getafe / 36,Other / Unknown,Cruise,Unknown,36
Cruise Linen Beige - 38,Other / Unknown,Cruise,Unknown,Unknown
Cruise Zebra - Zebra / 28,Other / Unknown,Cruise,Unknown,28
Cruise Almond - 30,Other / Unknown,Cruise,Unknown,Unknown
Cruise Linen Sage - 30,Other / Unknown,Cruise,Unknown,Unknown
Cruise Pastel Pink - 38,Other / Unknown,Cruise,Unknown,Unknown
Cruise Stripped Thyme - Striped Thyme / 28,Other / Unknown,Cruise,Unknown,28
Cruise Coral - 32 / Coral,Other / Unknown,Cruise,Unknown,Coral
Cruise Coral - Coral / 31,Other / Unknown,Cruise,Unknown,31
Cruise Noir - 28,Other / Unknown,Cruise,Unknown,Unknown
Cruise Zebra - Zebra / 40,Other / Unknown,Cruise,Unknown,40
Cruise Getafe - Getafe / 40,Other / Unknown,Cruise,Unknown,40
Cruise Pastel Pink - 28,Other / Unknown,Cruise,Unknown,Unknown
Cruise Navy - Navy / 31,Other / Unknown,Cruise,Unknown,31
Cruise Marine - 36,Other / Unknown,Cruise,Unknown,Unknown
Cruise Atlantic - Atlantic / 31,Other / Unknown,Cruise,Unknown,31
Cruise Noir - Noir / 34,Other / Unknown,Cruise,Unknown,34
Cruise Montauk - Montauk / 33,Other / Unknown,Cruise,Unknown,33
Cruise Khaki - 33,Other / Unknown,Cruise,Unknown,Unknown
Cruise Getafe - Getafe / 31,Other / Unknown,Cruise,Unknown,31
Cruise Montauk - Montauk / 28,Other / Unknown,Cruise,Unknown,28
Cruise Khaki - Khaki / 28,Other / Unknown,Cruise,Unknown,28
Cruise Noir - 32 / Noir,Other / Unknown,Cruise,Unknown,Noir
Cruise Neon Orange - Neon Orange / 36,Other / Unknown,Cruise,Unknown,36
Cruise Bal Harbor - Bal Harbor / 30,Other / Unknown,Cruise,Unknown,30
Cruise Oahu - 38,Other / Unknown,Cruise,Unknown,Unknown
Cruise Arctic - Arctic / 36,Other / Unknown,Cruise,Unknown,36
Cruise Bal Harbor - 30,Other / Unknown,Cruise,Unknown,Unknown
Cruise Navy - Navy / 36,Other / Unknown,Cruise,Unknown,36
Cruise Khaki - 28,Other / Unknown,Cruise,Unknown,Unknown
Cruise Khaki - Khaki / 33,Other / Unknown,Cruise,Unknown,33
Cruise Linen Sage - 31,Other / Unknown,Cruise,Unknown,Unknown
Cruise Montauk - Montauk / 30,Other / Unknown,Cruise,Unknown,30
Cruise Vigo - 34,Other / Unknown,Cruise,Unknown,Unknown
Cruise Montauk - 34,Other / Unknown,Cruise,Unknown,Unknown
Cruise Coral - Coral / 34,Other / Unknown,Cruise,Unknown,34
Cruise Arctic - Arctic / 30,Other / Unknown,Cruise,Unknown,30
Cruise Blanc,Other / Unknown,Cruise,Unknown,Unknown
Cruise Blanc - Blanc / 33,Other / Unknown,Cruise,Unknown,33
Cruise Noir - 40,Other / Unknown,Cruise,Unknown,Unknown
Cruise Olivine - 28,Other / Unknown,Cruise,Unknown,Unknown
Cruise Vigo - Vigo / 38,Other / Unknown,Cruise,Unknown,38
Cruise Blanc - 31,Other / Unknown,Cruise,Unknown,Unknown
Cruise Havana - Havana / 33,Other / Unknown,Cruise,Unknown,33
Cruise Capuccino - 34,Other / Unknown,Cruise,Unknown,Unknown
Cruise Olivine - 33,Other / Unknown,Cruise,Unknown,Unknown
Cruise Stripped Thyme - Striped Thyme / 38,Other / Unknown,Cruise,Unknown,38
Cruise Zebra - Zebra / 34,Other / Unknown,Cruise,Unknown,34
Cruise Zebra - Zebra / 36,Other / Unknown,Cruise,Unknown,36
Cruise Pastel Pink - 30,Other / Unknown,Cruise,Unknown,Unknown
Cruise Navy - 38,Other / Unknown,Cruise,Unknown,Unknown
Cruise Montauk - Montauk / 34,Other / Unknown,Cruise,Unknown,34
Cruise Havana - 33,Other / Unknown,Cruise,Unknown,Unknown
Cruise Capuccino,Other / Unknown,Cruise,Unknown,Unknown
Cruise Stripped Thyme - Striped Thyme / 36,Other / Unknown,Cruise,Unknown,36
Cruise Linen Beige - 29,Other / Unknown,Cruise,Unknown,Unknown
Cruise Stripped Thyme - 33,Other / Unknown,Cruise,Unknown,Unknown
Cruise Navy - Navy / 29,Other / Unknown,Cruise,Unknown,29
Cruise Oahu - 32,Other / Unknown,Cruise,Unknown,Unknown
Cruise Coral - Coral / 29,Other / Unknown,Cruise,Unknown,29
Cruise Haze - 34,Other / Unknown,Cruise,Unknown,Unknown
Cruise Haze - Haze / 29,Other / Unknown,Cruise,Unknown,29
Cruise Zebra - Zebra / 29,Other / Unknown,Cruise,Unknown,29
Cruise Vigo,Other / Unknown,Cruise,Unknown,Unknown
Cruise Porto - Porto / 32,Other / Unknown,Cruise,Unknown,32
Cruise Almond,Other / Unknown,Cruise,Unknown,Unknown
Cruise Fiji - 32,Other / Unknown,Cruise,Unknown,Unknown
Cruise Navy - Navy / 34,Other / Unknown,Cruise,Unknown,34
Cruise Getafe - 40,Other / Unknown,Cruise,Unknown,Unknown
Cruise Montauk - Montauk / 38,Other / Unknown,Cruise,Unknown,38
Cruise Zebra - Zebra / 33,Other / Unknown,Cruise,Unknown,33
Cruise Bal Harbor - 31,Other / Unknown,Cruise,Unknown,Unknown
Cruise Zebra - Zebra / 32,Other / Unknown,Cruise,Unknown,32
Cruise Havana - Havana / 30,Other / Unknown,Cruise,Unknown,30
Cruise Neon Orange - 31,Other / Unknown,Cruise,Unknown,Unknown
Cruise Linen Beige - 30,Other / Unknown,Cruise,Unknown,Unknown
Cruise Khaki - Khaki / 34,Other / Unknown,Cruise,Unknown,34
Cruise Navy - 31,Other / Unknown,Cruise,Unknown,Unknown
Cruise Navy - Navy / 30,Other / Unknown,Cruise,Unknown,30
Cruise Olivine - 38,Other / Unknown,Cruise,Unknown,Unknown
Cruise Vigo - Vigo / 30,Other / Unknown,Cruise,Unknown,30
Cruise Capuccino - 33,Other / Unknown,Cruise,Unknown,Unknown
Cruise Marine - 34,Other / Unknown,Cruise,Unknown,Unknown
Cruise Neon Orange - Neon Orange / 30,Other / Unknown,Cruise,Unknown,30
Cruise Linen Beige - 33,Other / Unknown,Cruise,Unknown,Unknown
Cruise Neon Orange - Neon Orange / 31,Other / Unknown,Cruise,Unknown,31
Cruise Stripped Thyme - Striped Thyme / 31,Other / Unknown,Cruise,Unknown,31
Cruise Fiji - 33,Other / Unknown,Cruise,Unknown,Unknown
Cruise Laguna - Laguna / 32,Other / Unknown,Cruise,Unknown,32
Cruise Navy - Navy / 38,Other / Unknown,Cruise,Unknown,38
Cruise Vigo - Vigo / 40,Other / Unknown,Cruise,Unknown,40
Cruise Arctic - Arctic / 32,Other / Unknown,Cruise,Unknown,32
Cruise Santorini - 33,Other / Unknown,Cruise,Unknown,Unknown
Cruise Pastel Pink - 33,Other / Unknown,Cruise,Unknown,Unknown
Cruise Havana - Havana / 34,Other / Unknown,Cruise,Unknown,34
Cruise Neon Orange - 33,Other / Unknown,Cruise,Unknown,Unknown
Cruise Maui - 34,Other / Unknown,Cruise,Unknown,Unknown
Cruise Capuccino - 28,Other / Unknown,Cruise,Unknown,Unknown
Cruise Santorini - 30,Other / Unknown,Cruise,Unknown,Unknown
Cruise Pastel Pink - Pastel Pink / 33,Other / Unknown,Cruise,Unknown,33
Cruise Haze - Haze / 32,Other / Unknown,Cruise,Unknown,32
Cruise Montauk - 29,Other / Unknown,Cruise,Unknown,Unknown
Cruise Havana - Havana / 32,Other / Unknown,Cruise,Unknown,32
Cruise Lanai - 36,Other / Unknown,Cruise,Unknown,Unknown
Cruise Blanc - 32,Other / Unknown,Cruise,Unknown,Unknown
Cruise Bal Harbor - 36,Other / Unknown,Cruise,Unknown,Unknown
Cruise Bal Harbor - 34,Other / Unknown,Cruise,Unknown,Unknown
Cruise Linen Beige - 34,Other / Unknown,Cruise,Unknown,Unknown
Cruise Noir - 36 / Noir,Other / Unknown,Cruise,Unknown,Noir
Cruise Linen Beige - 28,Other / Unknown,Cruise,Unknown,Unknown
Cruise Getafe - Getafe / 33,Other / Unknown,Cruise,Unknown,33
Cruise Haze - Haze / 40,Other / Unknown,Cruise,Unknown,40
Cruise Blanc - 29,Other / Unknown,Cruise,Unknown,Unknown
Cruise Olivine - 36,Other / Unknown,Cruise,Unknown,Unknown
Cruise Blanc - Blanc / 36,Other / Unknown,Cruise,Unknown,36
Cruise Coral - Coral / 32,Other / Unknown,Cruise,Unknown,32
Cruise Stripped Thyme - 31,Other / Unknown,Cruise,Unknown,Unknown
Cruise Olivine - 31,Other / Unknown,Cruise,Unknown,Unknown
Cruise Montauk - 31,Other / Unknown,Cruise,Unknown,Unknown
Cruise Marine - 29,Other / Unknown,Cruise,Unknown,Unknown
Cruise Vigo - Vigo / 36,Other / Unknown,Cruise,Unknown,36
Dann Blanc - M,Other / Unknown,Dann,Unknown,Unknown
Dann Shirt Noir - Noir / XS,Other / Unknown,Dann,Unknown,XS
Dann Vintage Blanc - XL,Other / Unknown,Dann,Unknown,Unknown
Dann Noir - XXL,Other / Unknown,Dann,Unknown,Unknown
Dann Relaxed T Blanc - XL,Other / Unknown,Dann,Unknown,Unknown
Dann Shirt Blanc - Blanc / L,Other / Unknown,Dann,Unknown,L
Dann Long Sleeve Ribbed Noir - XXL,Other / Unknown,Dann,Unknown,Unknown
Dann Vintage Blanc - L,Other / Unknown,Dann,Unknown,Unknown
Dann Shirt Verdant - XXL,Other / Unknown,Dann,Unknown,Unknown
Dann Long Sleeve Ribbed Bleu - XL,Other / Unknown,Dann,Unknown,Unknown
Dann Navy Stripe - S,Other / Unknown,Dann,Unknown,Unknown
Dann Shirt Thyme - Thyme / L,Other / Unknown,Dann,Unknown,L
Dann Vintage Blanc - Vintage Blanc / M,Other / Unknown,Dann,Unknown,M
Dann Vintage Blanc - XXL,Other / Unknown,Dann,Unknown,Unknown
Dann Oxblood - S,Other / Unknown,Dann,Unknown,Unknown
Dann Relaxed T Noir - XXL,Other / Unknown,Dann,Unknown,Unknown
Dann Long Ribbed Noir - XS,Other / Unknown,Dann,Unknown,Unknown
Dann Carbon - L,Other / Unknown,Dann,Unknown,Unknown
Dann Blanc - Blanc / S,Other / Unknown,Dann,Unknown,S
Dann Noir - Noir / L,Other / Unknown,Dann,Unknown,L
Dann Asphalt - S,Other / Unknown,Dann,Unknown,Unknown
Dann Shirt Noir - L,Other / Unknown,Dann,Unknown,Unknown
Dann Vintage Blanc - Vintage Blanc / S,Other / Unknown,Dann,Unknown,S
Dann Shirt Noir - XS,Other / Unknown,Dann,Unknown,Unknown
Dann Long Slv Noir - XXL,Other / Unknown,Dann,Unknown,Unknown
Dann Long Sleeve Ribbed Noir - Ribbed Noir / XL,Other / Unknown,Dann,Unknown,XL
Dann Blanc - Blanc / L,Other / Unknown,Dann,Unknown,L
Dann Long Sleeve Barcelona - L,Other / Unknown,Dann,Unknown,Unknown
Dann Long Ribbed Noir - XXL,Other / Unknown,Dann,Unknown,Unknown
Dann Long Sleeve Ribbed Taupe - Ribbed Taupe / S,Other / Unknown,Dann,Unknown,S
Dann Long Sleeve Barcelona - Barcelona / L,Other / Unknown,Dann,Unknown,L
Dann Luxe Gris - M,Other / Unknown,Dann,Unknown,Unknown
Dann Shirt Thyme - L,Other / Unknown,Dann,Unknown,Unknown
Dann Long Crepe Taupe - S,Other / Unknown,Dann,Unknown,Unknown
Dann Noir,Other / Unknown,Dann,Unknown,Unknown
Dann Oxblood - M,Other / Unknown,Dann,Unknown,Unknown
Dann Shirt Thyme - XXL,Other / Unknown,Dann,Unknown,Unknown
Dann Twilight - L,Other / Unknown,Dann,Unknown,Unknown
Dann Relaxed T Blanc - M,Other / Unknown,Dann,Unknown,Unknown
Dann Luxe Gris - XL,Other / Unknown,Dann,Unknown,Unknown
Dann Shirt Athens - Athens / L,Other / Unknown,Dann,Unknown,L
Dann Navy Stripe - XS,Other / Unknown,Dann,Unknown,Unknown
Dann Noir Stripe - XL,Other / Unknown,Dann,Unknown,Unknown
Dann Relaxed T Noir - S,Other / Unknown,Dann,Unknown,Unknown
Dann Long Crepe Taupe,Other / Unknown,Dann,Unknown,Unknown
Dann Vintage Blanc - S,Other / Unknown,Dann,Unknown,Unknown
Dann Noir - L / Noir,Other / Unknown,Dann,Unknown,Noir
Dann Shirt Verdant,Other / Unknown,Dann,Unknown,Unknown
Dann Vintage Stripe,Other / Unknown,Dann,Unknown,Unknown
Dann Noir - Noir / XS,Other / Unknown,Dann,Unknown,XS
Dann Relaxed T Blanc - S,Other / Unknown,Dann,Unknown,Unknown
Dann Carbon - XL,Other / Unknown,Dann,Unknown,Unknown
Dann Teak - XL,Other / Unknown,Dann,Unknown,Unknown
Dann Blanc - M / Blanc,Other / Unknown,Dann,Unknown,Blanc
Dann Long Slv Noir - M,Other / Unknown,Dann,Unknown,Unknown
Dann Blanc - XS,Other / Unknown,Dann,Unknown,Unknown
Dann Vintage Blanc - M / Vintage Blanc,Other / Unknown,Dann,Unknown,Vintage Blanc
Dann Shirt Moon Rock - S,Other / Unknown,Dann,Unknown,Unknown
Dann Long Vintage Blanc,Other / Unknown,Dann,Unknown,Unknown
Dann Long Ribbed Noir - S,Other / Unknown,Dann,Unknown,Unknown
Dann Shirt Thyme,Other / Unknown,Dann,Unknown,Unknown
Dann Relaxed Le Club - Le Club / XXL,Other / Unknown,Dann,Unknown,XXL
Dann Long Ribbed Noir - Noir / S,Other / Unknown,Dann,Unknown,S
Dann Long Sleeve Ribbed Verdant - S,Other / Unknown,Dann,Unknown,Unknown
Dann Long Vintage Blanc - Vintage Blanc / M,Other / Unknown,Dann,Unknown,M
Dann Blanc - Blanc / XXL,Other / Unknown,Dann,Unknown,XXL
Dann Shirt Athens - Athens / XL,Other / Unknown,Dann,Unknown,XL
Dann Shirt Moon Rock - XL,Other / Unknown,Dann,Unknown,Unknown
Dann Relaxed Washed Noir - L,Other / Unknown,Dann,Unknown,Unknown
Dann Blanc - Blanc / XL,Other / Unknown,Dann,Unknown,XL
Dann Long Sleeve Blanc - L,Other / Unknown,Dann,Unknown,Unknown
Dann Long Sleeve Ribbed Noir - Ribbed Noir / S,Other / Unknown,Dann,Unknown,S
Dann Noir - XXL / Noir,Other / Unknown,Dann,Unknown,Noir
Dann Vintage Blanc - M,Other / Unknown,Dann,Unknown,Unknown
Dann Long Sleeve Ribbed Noir - XS,Other / Unknown,Dann,Unknown,Unknown
Dann Oxblood - XXL,Other / Unknown,Dann,Unknown,Unknown
Dann Shirt Blanc - XXL,Other / Unknown,Dann,Unknown,Unknown
Dann Long Sleeve Blanc - M,Other / Unknown,Dann,Unknown,Unknown
Dann Long Vintage Blanc - Vintage Blanc / XL,Other / Unknown,Dann,Unknown,XL
Dann Shirt Thyme - XS,Other / Unknown,Dann,Unknown,Unknown
Dann Long Ribbed Blanc - XL,Other / Unknown,Dann,Unknown,Unknown
Dann Shirt Thyme - Thyme / XXL,Other / Unknown,Dann,Unknown,XXL
Dann Long Sleeve Blanc,Other / Unknown,Dann,Unknown,Unknown
Dann Long Sleeve Barcelona - M,Other / Unknown,Dann,Unknown,Unknown
Dann Relaxed Le Club - XL / Le Club,Other / Unknown,Dann,Unknown,Le Club
Dann Noir - XL / Noir,Other / Unknown,Dann,Unknown,Noir
Dann Shirt Sky - Sky / L,Other / Unknown,Dann,Unknown,L
Dann Luxe Almond - XS,Other / Unknown,Dann,Unknown,Unknown
Dann Shirt Thyme - Thyme / M,Other / Unknown,Dann,Unknown,M
Dann Relaxed T Noir - XL,Other / Unknown,Dann,Unknown,Unknown
Dann Long Ribbed Vintage Blanc - Vintage Blanc / XXL,Other / Unknown,Dann,Unknown,XXL
Dann Luxe Gris - L,Other / Unknown,Dann,Unknown,Unknown
Dann Oxblood - XL,Other / Unknown,Dann,Unknown,Unknown
Dann Long Slv Noir - S,Other / Unknown,Dann,Unknown,Unknown
Dann Long Sleeve Barcelona - XL,Other / Unknown,Dann,Unknown,Unknown
Dann Shirt Noir - Noir / XL,Other / Unknown,Dann,Unknown,XL
Dann Long Ribbed Vintage Blanc - Vintage Blanc / XL,Other / Unknown,Dann,Unknown,XL
Dann Noir - XS,Other / Unknown,Dann,Unknown,Unknown
Dann Turtle Neck Noir - XL,Other / Unknown,Dann,Unknown,Unknown
Dann Vintage Blanc - Vintage Blanc / XXL,Other / Unknown,Dann,Unknown,XXL
Dann Relaxed T Blanc,Other / Unknown,Dann,Unknown,Unknown
Dann Twilight,Other / Unknown,Dann,Unknown,Unknown
Dann Noir - S,Other / Unknown,Dann,Unknown,Unknown
Dann Turtle Neck Noir - L,Other / Unknown,Dann,Unknown,Unknown
Dann Shirt Thyme - Thyme / S,Other / Unknown,Dann,Unknown,S
Dann Shirt Sky - XL,Other / Unknown,Dann,Unknown,Unknown
Dann Asphalt - XL,Other / Unknown,Dann,Unknown,Unknown
Dann Twilight - S,Other / Unknown,Dann,Unknown,Unknown
Dann Long Sleeve Ribbed Verdant - M,Other / Unknown,Dann,Unknown,Unknown
Dann Relaxed Le Club - L / Le Club,Other / Unknown,Dann,Unknown,Le Club
Dann Oxblood,Other / Unknown,Dann,Unknown,Unknown
Dann Shirt Noir - Noir / M,Other / Unknown,Dann,Unknown,M
Dann Relaxed Le Club - S / Le Club,Other / Unknown,Dann,Unknown,Le Club
Dann Relaxed Washed Noir - XXL,Other / Unknown,Dann,Unknown,Unknown
Dann Navy Stripe - XXL,Other / Unknown,Dann,Unknown,Unknown
Dann Carbon - XL / Carbon,Other / Unknown,Dann,Unknown,Carbon
Dann Shirt Toffee - M,Other / Unknown,Dann,Unknown,Unknown
Dann Vintage Stripe - S,Other / Unknown,Dann,Unknown,Unknown
Dann Shirt Verdant - XS,Other / Unknown,Dann,Unknown,Unknown
Dann Long Crepe Taupe - XS,Other / Unknown,Dann,Unknown,Unknown
Dann Navy Stripe - L,Other / Unknown,Dann,Unknown,Unknown
Dann Long Sleeve Ribbed Bleu - M,Other / Unknown,Dann,Unknown,Unknown
Dann Noir Stripe - XS,Other / Unknown,Dann,Unknown,Unknown
Dann Relaxed Vintage Blanc - Vintage Blanc / L,Other / Unknown,Dann,Unknown,L
Dann Sage Stripe - XS,Other / Unknown,Dann,Unknown,Unknown
Dann Long Sleeve Ribbed Verdant - XXL,Other / Unknown,Dann,Unknown,Unknown
Dann Long Sleeve Ribbed Taupe - L,Other / Unknown,Dann,Unknown,Unknown
Dann Blanc - S / Blanc,Other / Unknown,Dann,Unknown,Blanc
Dann Shirt Verdant - XL,Other / Unknown,Dann,Unknown,Unknown
Dann Shirt Toffee - L,Other / Unknown,Dann,Unknown,Unknown
Dann Long Vintage Blanc - Vintage Blanc / L,Other / Unknown,Dann,Unknown,L
Dann Long Sleeve Blanc - S,Other / Unknown,Dann,Unknown,Unknown
Dann Long Sleeve Ribbed Noir - Ribbed Noir / XS,Other / Unknown,Dann,Unknown,XS
Dann Long Ribbed Blanc - M,Other / Unknown,Dann,Unknown,Unknown
Dann Shirt Blanc - S,Other / Unknown,Dann,Unknown,Unknown
Dann Asphalt - L,Other / Unknown,Dann,Unknown,Unknown
Dann Shirt Bleu - M,Other / Unknown,Dann,Unknown,Unknown
Dann Shirt Athens - XS,Other / Unknown,Dann,Unknown,Unknown
Dann Blanc - XL,Other / Unknown,Dann,Unknown,Unknown
Dann Long Sleeve Ribbed Bleu,Other / Unknown,Dann,Unknown,Unknown
Dann Long Ribbed Vintage Blanc - Vintage Blanc / S,Other / Unknown,Dann,Unknown,S
Dann Shirt Thyme - S,Other / Unknown,Dann,Unknown,Unknown
Dann Shirt Blanc - Blanc / M,Other / Unknown,Dann,Unknown,M
Dann Shirt Verdant - L,Other / Unknown,Dann,Unknown,Unknown
Dann Shirt Noir - XL,Other / Unknown,Dann,Unknown,Unknown
Dann Noir - M / Noir,Other / Unknown,Dann,Unknown,Noir
Dann Vintage Stripe - L,Other / Unknown,Dann,Unknown,Unknown
Dann Blanc,Other / Unknown,Dann,Unknown,Unknown
Dann Luxe Gris,Other / Unknown,Dann,Unknown,Unknown
Dann Relaxed Washed Noir - M,Other / Unknown,Dann,Unknown,Unknown
Dann Long Sleeve Ribbed Taupe - Ribbed Taupe / XL,Other / Unknown,Dann,Unknown,XL
Dann Noir Stripe - M,Other / Unknown,Dann,Unknown,Unknown
Dann Shirt Blanc,Other / Unknown,Dann,Unknown,Unknown
Dann Turtle Neck Noir - M,Other / Unknown,Dann,Unknown,Unknown
Dann Noir - S / Noir,Other / Unknown,Dann,Unknown,Noir
Dann Long Slv Noir - L,Other / Unknown,Dann,Unknown,Unknown
Dann Long Sleeve Ribbed Noir - Ribbed Noir / L,Other / Unknown,Dann,Unknown,L
Dann Carbon - M,Other / Unknown,Dann,Unknown,Unknown
Dann Shirt Toffee - XS,Other / Unknown,Dann,Unknown,Unknown
Dann Noir - Noir / XL,Other / Unknown,Dann,Unknown,XL
Dann Navy Stripe - M,Other / Unknown,Dann,Unknown,Unknown
Dann Relaxed Le Club,Other / Unknown,Dann,Unknown,Unknown
Dann Shirt Athens - Athens / XS,Other / Unknown,Dann,Unknown,XS
Dann Long Sleeve Ribbed Noir - XL,Other / Unknown,Dann,Unknown,Unknown
Dann Long Ribbed Noir - Noir / L,Other / Unknown,Dann,Unknown,L
Dann Twilight - M,Other / Unknown,Dann,Unknown,Unknown
Dann Blanc - Blanc / XS,Other / Unknown,Dann,Unknown,XS
Dann Shirt Noir - XXL,Other / Unknown,Dann,Unknown,Unknown
Dann Twilight - XXL,Other / Unknown,Dann,Unknown,Unknown
Dann Shirt Toffee - XL,Other / Unknown,Dann,Unknown,Unknown
Dann Luxe Almond - XL,Other / Unknown,Dann,Unknown,Unknown
Dann Sage Stripe - XL,Other / Unknown,Dann,Unknown,Unknown
Dann Long Sleeve Ribbed Taupe - XXL,Other / Unknown,Dann,Unknown,Unknown
Dann Long Sleeve Ribbed Taupe - Ribbed Taupe / L,Other / Unknown,Dann,Unknown,L
Dann Vintage Blanc - S / Vintage Blanc,Other / Unknown,Dann,Unknown,Vintage Blanc
Dann Vintage Stripe - XL,Other / Unknown,Dann,Unknown,Unknown
Dann Relaxed Washed Noir - S,Other / Unknown,Dann,Unknown,Unknown
Dann Luxe Almond,Other / Unknown,Dann,Unknown,Unknown
Dann Long Sleeve Ribbed Taupe - XL,Other / Unknown,Dann,Unknown,Unknown
Dann Shirt Bleu,Other / Unknown,Dann,Unknown,Unknown
Dann Shirt Blanc - L,Other / Unknown,Dann,Unknown,Unknown
Dann Noir Stripe - S,Other / Unknown,Dann,Unknown,Unknown
Dann Noir Stripe - XXL,Other / Unknown,Dann,Unknown,Unknown
Dann Shirt Sky - L,Other / Unknown,Dann,Unknown,Unknown
Dann Noir - M,Other / Unknown,Dann,Unknown,Unknown
Dann Blanc - Blanc / M,Other / Unknown,Dann,Unknown,M
Dann Noir - L,Other / Unknown,Dann,Unknown,Unknown
Dann Vintage Blanc - Vintage Blanc / XL,Other / Unknown,Dann,Unknown,XL
Dann Shirt Sky - S,Other / Unknown,Dann,Unknown,Unknown
Dann Shirt Bleu - XXL,Other / Unknown,Dann,Unknown,Unknown
Dann Sage Stripe - S,Other / Unknown,Dann,Unknown,Unknown
Dann Luxe Almond - S,Other / Unknown,Dann,Unknown,Unknown
Dann Carbon - S,Other / Unknown,Dann,Unknown,Unknown
Dann Shirt Bleu - L,Other / Unknown,Dann,Unknown,Unknown
Dann Long Crepe Taupe - XL,Other / Unknown,Dann,Unknown,Unknown
Dann Shirt Sky - Sky / XS,Other / Unknown,Dann,Unknown,XS
Dann Shirt Blanc - Blanc / S,Other / Unknown,Dann,Unknown,S
Dann Shirt Thyme - Thyme / XS,Other / Unknown,Dann,Unknown,XS
Dann Long Sleeve Barcelona - XS,Other / Unknown,Dann,Unknown,Unknown
Dann Relaxed Le Club - S,Other / Unknown,Dann,Unknown,Unknown
Dann Long Sleeve Blanc - XS,Other / Unknown,Dann,Unknown,Unknown
Dann Relaxed Le Club - Le Club / M,Other / Unknown,Dann,Unknown,M
Dann Noir Stripe - L,Other / Unknown,Dann,Unknown,Unknown
Dann Turtle Neck Noir,Other / Unknown,Dann,Unknown,Unknown
Dann Long Sleeve Ribbed Taupe,Other / Unknown,Dann,Unknown,Unknown
Dann Luxe Gris - XS,Other / Unknown,Dann,Unknown,Unknown
Dann Shirt Thyme - Thyme / XL,Other / Unknown,Dann,Unknown,XL
Dann Relaxed Vintage Blanc - XL,Other / Unknown,Dann,Unknown,Unknown
Dann Long Sleeve Ribbed Bleu - L,Other / Unknown,Dann,Unknown,Unknown
Dann Long Crepe Taupe - XXL,Other / Unknown,Dann,Unknown,Unknown
Dann Noir - Noir / XXL,Other / Unknown,Dann,Unknown,XXL
Dann Shirt Bleu - XS,Other / Unknown,Dann,Unknown,Unknown
Dann Relaxed T Noir - M,Other / Unknown,Dann,Unknown,Unknown
Dann Noir - XL,Other / Unknown,Dann,Unknown,Unknown
Dann Long Sleeve Ribbed Verdant - XS,Other / Unknown,Dann,Unknown,Unknown
Dann Asphalt,Other / Unknown,Dann,Unknown,Unknown
Dann Vintage Stripe - Vintage Stripe / M,Other / Unknown,Dann,Unknown,M
Dann Long Sleeve Ribbed Noir - L,Other / Unknown,Dann,Unknown,Unknown
Dann Relaxed Le Club - Le Club / S,Other / Unknown,Dann,Unknown,S
Dann Shirt Toffee - S,Other / Unknown,Dann,Unknown,Unknown
Dann Shirt Bleu - XL,Other / Unknown,Dann,Unknown,Unknown
Dann Navy Stripe - XL,Other / Unknown,Dann,Unknown,Unknown
Dann Teak,Other / Unknown,Dann,Unknown,Unknown
Dann Shirt Sky - Sky / M,Other / Unknown,Dann,Unknown,M
Dann Blanc - L,Other / Unknown,Dann,Unknown,Unknown
Dann Long Sleeve Ribbed Verdant - XL,Other / Unknown,Dann,Unknown,Unknown
Dann Oxblood - L,Other / Unknown,Dann,Unknown,Unknown
Dann Carbon,Other / Unknown,Dann,Unknown,Unknown
Dann Shirt Moon Rock - XS,Other / Unknown,Dann,Unknown,Unknown
Dann Teak - L,Other / Unknown,Dann,Unknown,Unknown
Dann Long Sleeve Ribbed Bleu - S,Other / Unknown,Dann,Unknown,Unknown
Dann Relaxed Le Club - Le Club / XL,Other / Unknown,Dann,Unknown,XL
Dann Vintage Stripe - L / Vintage Stripe,Other / Unknown,Dann,Unknown,Vintage Stripe
Dann Vintage Blanc - Vintage Blanc / L,Other / Unknown,Dann,Unknown,L
Dann Sage Stripe - XXL,Other / Unknown,Dann,Unknown,Unknown
Dann Shirt Moon Rock - M,Other / Unknown,Dann,Unknown,Unknown
Dann Long Sleeve Ribbed Noir - M,Other / Unknown,Dann,Unknown,Unknown
Dann Vintage Blanc - XL / Vintage Blanc,Other / Unknown,Dann,Unknown,Vintage Blanc
Dann Long Ribbed Vintage Blanc - Vintage Blanc / L,Other / Unknown,Dann,Unknown,L
Dann Shirt Sky - XS,Other / Unknown,Dann,Unknown,Unknown
Dann Relaxed Vintage Blanc - L,Other / Unknown,Dann,Unknown,Unknown
Dann Long Sleeve Ribbed Verdant - L,Other / Unknown,Dann,Unknown,Unknown
Dann Relaxed Le Club - M / Le Club,Other / Unknown,Dann,Unknown,Le Club
Dann Shirt Noir,Other / Unknown,Dann,Unknown,Unknown
Dann Luxe Almond - L,Other / Unknown,Dann,Unknown,Unknown
Dann Long Sleeve Ribbed Noir - S,Other / Unknown,Dann,Unknown,Unknown
Dann Blanc - XXL,Other / Unknown,Dann,Unknown,Unknown
Dann Long Sleeve Ribbed Noir,Other / Unknown,Dann,Unknown,Unknown
Dann Relaxed Vintage Blanc - M / Vintage Blanc,Other / Unknown,Dann,Unknown,Vintage Blanc
Dann Long Sleeve Ribbed Taupe - S,Other / Unknown,Dann,Unknown,Unknown
Dann Shirt Blanc - Blanc / XS,Other / Unknown,Dann,Unknown,XS
Dann Long Sleeve Ribbed Noir - Ribbed Noir / M,Other / Unknown,Dann,Unknown,M
Dann Blanc - XS / Blanc,Other / Unknown,Dann,Unknown,Blanc
Dann Noir - Noir / M,Other / Unknown,Dann,Unknown,M
Dann Shirt Blanc - M,Other / Unknown,Dann,Unknown,Unknown
Dann Long Slv Noir - XL,Other / Unknown,Dann,Unknown,Unknown
Dann Long Sleeve Ribbed Verdant,Other / Unknown,Dann,Unknown,Unknown
Dann Shirt Bleu - S,Other / Unknown,Dann,Unknown,Unknown
Dann Luxe Almond - M,Other / Unknown,Dann,Unknown,Unknown
Dann Long Ribbed Noir - XL,Other / Unknown,Dann,Unknown,Unknown
Dann Long Sleeve Ribbed Taupe - Ribbed Taupe / XS,Other / Unknown,Dann,Unknown,XS
Dann Shirt Noir - Noir / L,Other / Unknown,Dann,Unknown,L
Dann Relaxed Washed Noir,Other / Unknown,Dann,Unknown,Unknown
Dann Relaxed Vintage Blanc - M,Other / Unknown,Dann,Unknown,Unknown
Dann Relaxed T Noir,Other / Unknown,Dann,Unknown,Unknown
Dann Shirt Thyme - M,Other / Unknown,Dann,Unknown,Unknown
Dann Shirt Athens - L,Other / Unknown,Dann,Unknown,Unknown
Dann Noir - XS / Noir,Other / Unknown,Dann,Unknown,Noir
Dann Noir Stripe,Other / Unknown,Dann,Unknown,Unknown
Dann Luxe Almond - XXL,Other / Unknown,Dann,Unknown,Unknown
Dann Shirt Blanc - Blanc / XL,Other / Unknown,Dann,Unknown,XL
Dann Vintage Blanc - L / Vintage Blanc,Other / Unknown,Dann,Unknown,Vintage Blanc
Dann Long Slv Noir - XS,Other / Unknown,Dann,Unknown,Unknown
Dann Twilight - XL,Other / Unknown,Dann,Unknown,Unknown
Dann Long Sleeve Ribbed Taupe - Ribbed Taupe / M,Other / Unknown,Dann,Unknown,M
Dann Vintage Stripe - Vintage Stripe / L,Other / Unknown,Dann,Unknown,L
Dann Long Sleeve Blanc - XL,Other / Unknown,Dann,Unknown,Unknown
Dann Sage Stripe - L,Other / Unknown,Dann,Unknown,Unknown
Dann Long Ribbed Noir,Other / Unknown,Dann,Unknown,Unknown
Dann Teak - S,Other / Unknown,Dann,Unknown,Unknown
Dann Blanc - S,Other / Unknown,Dann,Unknown,Unknown
Dann Long Ribbed Noir - Noir / M,Other / Unknown,Dann,Unknown,M
Dann Shirt Athens - M,Other / Unknown,Dann,Unknown,Unknown
Dann Relaxed T Blanc - L,Other / Unknown,Dann,Unknown,Unknown
Dann Vintage Stripe - M,Other / Unknown,Dann,Unknown,Unknown
Dann Shirt Blanc - XL,Other / Unknown,Dann,Unknown,Unknown
Dann Shirt Blanc - XS,Other / Unknown,Dann,Unknown,Unknown
Dann Long Ribbed Noir - M,Other / Unknown,Dann,Unknown,Unknown
Dann Turtle Neck Noir - S,Other / Unknown,Dann,Unknown,Unknown
Dann Shirt Thyme - XL,Other / Unknown,Dann,Unknown,Unknown
Dann Shirt Sky - Sky / S,Other / Unknown,Dann,Unknown,S
Dann Long Ribbed Blanc - L,Other / Unknown,Dann,Unknown,Unknown
Dann Relaxed Vintage Blanc - Vintage Blanc / M,Other / Unknown,Dann,Unknown,M
Dann Shirt Athens - Athens / S,Other / Unknown,Dann,Unknown,S
Dann Shirt Verdant - M,Other / Unknown,Dann,Unknown,Unknown
Dann Shirt Toffee,Other / Unknown,Dann,Unknown,Unknown
Dann Relaxed Washed Noir - XL,Other / Unknown,Dann,Unknown,Unknown
Dann Sage Stripe,Other / Unknown,Dann,Unknown,Unknown
Dann Shirt Moon Rock - L,Other / Unknown,Dann,Unknown,Unknown
Dann Long Ribbed Blanc - S,Other / Unknown,Dann,Unknown,Unknown
Dann Relaxed T Noir - L,Other / Unknown,Dann,Unknown,Unknown
Dann Shirt Verdant - S,Other / Unknown,Dann,Unknown,Unknown
Dann Noir - Noir / S,Other / Unknown,Dann,Unknown,S
Dann Sage Stripe - M,Other / Unknown,Dann,Unknown,Unknown
Dann Asphalt - XXL,Other / Unknown,Dann,Unknown,Unknown
Dann Long Sleeve Ribbed Bleu - XS,Other / Unknown,Dann,Unknown,Unknown
Dann Long Sleeve Ribbed Taupe - XS,Other / Unknown,Dann,Unknown,Unknown
Dann Blanc - L / Blanc,Other / Unknown,Dann,Unknown,Blanc
Dann Shirt Noir - M,Other / Unknown,Dann,Unknown,Unknown
Dann Shirt Noir - S,Other / Unknown,Dann,Unknown,Unknown
Dann Relaxed Vintage Blanc - S,Other / Unknown,Dann,Unknown,Unknown
Dann Shirt Sky - Sky / XL,Other / Unknown,Dann,Unknown,XL
Dann Shirt Athens - Athens / M,Other / Unknown,Dann,Unknown,M
Dann Long Crepe Taupe - M,Other / Unknown,Dann,Unknown,Unknown
Dann Asphalt - XS,Other / Unknown,Dann,Unknown,Unknown
Dann Shirt Blanc - Blanc / XXL,Other / Unknown,Dann,Unknown,XXL
Dann Long Ribbed Noir - Noir / XXL,Other / Unknown,Dann,Unknown,XXL
Dann Long Slv Noir,Other / Unknown,Dann,Unknown,Unknown
Dann Long Sleeve Ribbed Taupe - M,Other / Unknown,Dann,Unknown,Unknown
Dann Long Ribbed Blanc,Other / Unknown,Dann,Unknown,Unknown
Dann Shirt Sky - M,Other / Unknown,Dann,Unknown,Unknown
Dann Long Ribbed Vintage Blanc - Vintage Blanc / M,Other / Unknown,Dann,Unknown,M
Dann Long Ribbed Noir - L,Other / Unknown,Dann,Unknown,Unknown
Dann Long Vintage Blanc - Vintage Blanc / XXL,Other / Unknown,Dann,Unknown,XXL
Dann Navy Stripe,Other / Unknown,Dann,Unknown,Unknown
Dann Long Sleeve Barcelona - Barcelona / XS,Other / Unknown,Dann,Unknown,XS
Dann Shirt Noir - Noir / S,Other / Unknown,Dann,Unknown,S
Dann Blanc - XL / Blanc,Other / Unknown,Dann,Unknown,Blanc
Dann Relaxed Le Club - Le Club / L,Other / Unknown,Dann,Unknown,L
Dann Long Crepe Taupe - L,Other / Unknown,Dann,Unknown,Unknown
Dann Luxe Gris - S,Other / Unknown,Dann,Unknown,Unknown
Dann Shirt Athens - S,Other / Unknown,Dann,Unknown,Unknown
Dean Sky - L,Other / Unknown,Dean,Unknown,Unknown
Dean Sky - XS,Other / Unknown,Dean,Unknown,Unknown
Dean Cowhide - Cowhide / XXL,Other / Unknown,Dean,Unknown,XXL
Dean Distressed Vintage - Dist Vintage / L,Other / Unknown,Dean,Unknown,L
Dean Distressed Marrakesh,Other / Unknown,Dean,Unknown,Unknown
Dean Jacket Golden Amazon - XL,Other / Unknown,Dean,Unknown,Unknown
Dean Haze Bandana - Haze Bandana / S,Other / Unknown,Dean,Unknown,S
Dean Shadow - XS,Other / Unknown,Dean,Unknown,Unknown
Dean Vintage Blanc,Other / Unknown,Dean,Unknown,Unknown
Dean Blanc,Other / Unknown,Dean,Unknown,Unknown
Dean Haze Bandana - Haze Bandana / XS,Other / Unknown,Dean,Unknown,XS
Dean Stingray - L,Other / Unknown,Dean,Unknown,Unknown
Dean Distressed Vintage - XL,Other / Unknown,Dean,Unknown,Unknown
Dean Vintage Blanc - S,Other / Unknown,Dean,Unknown,Unknown
Dean Zebra - Zebra / M,Other / Unknown,Dean,Unknown,M
Dean Skyfall - XL,Other / Unknown,Dean,Unknown,Unknown
Dean Zebra - M,Other / Unknown,Dean,Unknown,Unknown
Dean Distressed Vintage - Dist Vintage / XS,Other / Unknown,Dean,Unknown,XS
Dean Neddle Cord Noir Sherpa - Noir Sherpa / S,Other / Unknown,Dean,Unknown,S
Dean Distressed Vintage - Dist Vintage / XL,Other / Unknown,Dean,Unknown,XL
Dean MF Daily,Other / Unknown,Dean,Unknown,Unknown
Dean Moss Suede - S,Other / Unknown,Dean,Unknown,Unknown
Dean MF Diario,Other / Unknown,Dean,Unknown,Unknown
Dean Noir Tigre - XS,Other / Unknown,Dean,Unknown,Unknown
Dean Haze Bandana - XS,Other / Unknown,Dean,Unknown,Unknown
Dean Skyfall - M,Other / Unknown,Dean,Unknown,Unknown
Dean Vintage Blanc - Vintage Blanc / M,Other / Unknown,Dean,Unknown,M
Dean Noir Tigre - L,Other / Unknown,Dean,Unknown,Unknown
Dean MF Daily - XL,Other / Unknown,Dean,Unknown,Unknown
Dean Sarcelle - XXL,Other / Unknown,Dean,Unknown,Unknown
Dean Stingray,Other / Unknown,Dean,Unknown,Unknown
Dean Sky - Sky / XS,Other / Unknown,Dean,Unknown,XS
Dean Zebra - Zebra / L,Other / Unknown,Dean,Unknown,L
Dean Sky - M,Other / Unknown,Dean,Unknown,Unknown
Dean Haze Bandana - S,Other / Unknown,Dean,Unknown,Unknown
Dean Jacket Sandstorm - Sandstorm / XL,Other / Unknown,Dean,Unknown,XL
Dean Distressed Vintage - XXL,Other / Unknown,Dean,Unknown,Unknown
Dean Rennais - Rennais / L,Other / Unknown,Dean,Unknown,L
Dean Distressed Vintage Blanc - M,Other / Unknown,Dean,Unknown,Unknown
Dean Needle Cord Noir - XXL,Other / Unknown,Dean,Unknown,Unknown
Dean Haze Bandana - XL,Other / Unknown,Dean,Unknown,Unknown
Dean Patent Noir - Patent Noir / XL,Other / Unknown,Dean,Unknown,XL
Dean Jacket Golden Amazon - XXL,Other / Unknown,Dean,Unknown,Unknown
Dean MF Daily - XS,Other / Unknown,Dean,Unknown,Unknown
Dean Vintage Blanc - Vintage Blanc / XS,Other / Unknown,Dean,Unknown,XS
Dean Needle Cord Noir,Other / Unknown,Dean,Unknown,Unknown
Dean Beige - XS,Other / Unknown,Dean,Unknown,Unknown
Dean Shadow,Other / Unknown,Dean,Unknown,Unknown
Dean Zebra - Zebra / XS,Other / Unknown,Dean,Unknown,XS
Dean Noir Tigre,Other / Unknown,Dean,Unknown,Unknown
Dean Needle Cord Noir Sherpa - Noir Sherpa / L,Other / Unknown,Dean,Unknown,L
Dean Haze Bandana - Haze Bandana / M,Other / Unknown,Dean,Unknown,M
Dean Beige - M,Other / Unknown,Dean,Unknown,Unknown
Dean Needle Cord Noir - XS,Other / Unknown,Dean,Unknown,Unknown
Dean Distressed Vintage Blanc - S,Other / Unknown,Dean,Unknown,Unknown
Dean Neon Fuschia - Neon Fuschia / XS,Other / Unknown,Dean,Unknown,XS
Dean Neddle Cord Noir Sherpa - Noir Sherpa / L,Other / Unknown,Dean,Unknown,L
Dean Acid Blue - Acid Blue / L,Other / Unknown,Dean,Unknown,L
Dean Jacket Sandstorm - Sandstorm / L,Other / Unknown,Dean,Unknown,L
Dean Acid Blue,Other / Unknown,Dean,Unknown,Unknown
Dean Stingray - XS,Other / Unknown,Dean,Unknown,Unknown
Dean Vintage Blanc - XS,Other / Unknown,Dean,Unknown,Unknown
Dean Moss Suede - M,Other / Unknown,Dean,Unknown,Unknown
Dean Beige - L,Other / Unknown,Dean,Unknown,Unknown
Dean Blanc - S,Other / Unknown,Dean,Unknown,Unknown
Dean Sky - XL,Other / Unknown,Dean,Unknown,Unknown
Dean Jacket Golden Amazon,Other / Unknown,Dean,Unknown,Unknown
Dean Needle Cord Noir - S,Other / Unknown,Dean,Unknown,Unknown
Dean Stingray - XL,Other / Unknown,Dean,Unknown,Unknown
Dean Neddle Cord Noir Sherpa - Noir Sherpa / XL,Other / Unknown,Dean,Unknown,XL
Dean Moss Suede,Other / Unknown,Dean,Unknown,Unknown
Dean Haze Bandana - Haze Bandana / XXL,Other / Unknown,Dean,Unknown,XXL
Dean Jacket Golden Amazon - S,Other / Unknown,Dean,Unknown,Unknown
Dean Neon Fuschia - Neon Fuschia / XXL,Other / Unknown,Dean,Unknown,XXL
Dean Acid Blue - Acid Blue / M,Other / Unknown,Dean,Unknown,M
Dean Skyfall - XXL,Other / Unknown,Dean,Unknown,Unknown
Dean Blanc - XS,Other / Unknown,Dean,Unknown,Unknown
Dean Neon Fuschia - Neon Fuschia / L,Other / Unknown,Dean,Unknown,L
Dean Haze Bandana - L,Other / Unknown,Dean,Unknown,Unknown
Dean Sarcelle - L,Other / Unknown,Dean,Unknown,Unknown
Dean Distressed Vintage - S,Other / Unknown,Dean,Unknown,Unknown
Dean Distressed Marrakesh - Distressed Marrakesh / XL,Other / Unknown,Dean,Unknown,XL
Dean Neon Fuschia - Neon Fuschia / M,Other / Unknown,Dean,Unknown,M
Dean Needle Cord Noir Sherpa - Noir Sherpa / S,Other / Unknown,Dean,Unknown,S
Dean Cowhide - Cowhide / L,Other / Unknown,Dean,Unknown,L
Dean Skyfall - L,Other / Unknown,Dean,Unknown,Unknown
Dean Cowhide - Cowhide / M,Other / Unknown,Dean,Unknown,M
Dean Cowhide - Cowhide / XL,Other / Unknown,Dean,Unknown,XL
Dean Patent Noir - Patent Noir / M,Other / Unknown,Dean,Unknown,M
Dean Rennais - Rennais / XS,Other / Unknown,Dean,Unknown,XS
Dean Blanc - XL,Other / Unknown,Dean,Unknown,Unknown
Dean Cowhide - Cowhide / S,Other / Unknown,Dean,Unknown,S
Dean Blanc - Blanc / XS,Other / Unknown,Dean,Unknown,XS
Dean Neon Green - Neon Green / XL,Other / Unknown,Dean,Unknown,XL
Dean Sky - XXL,Other / Unknown,Dean,Unknown,Unknown
Dean Needle Cord Noir Sherpa - Noir Sherpa / XXL,Other / Unknown,Dean,Unknown,XXL
Dean Noir Tigre - XL,Other / Unknown,Dean,Unknown,Unknown
Dean Skyfall - S,Other / Unknown,Dean,Unknown,Unknown
Dean Distressed Vintage - Dist Vintage / S,Other / Unknown,Dean,Unknown,S
Dean Neon Green - Neon Green / XXL,Other / Unknown,Dean,Unknown,XXL
Dean Zebra - L,Other / Unknown,Dean,Unknown,Unknown
Dean Neon Green - Neon Green / L,Other / Unknown,Dean,Unknown,L
Dean Zebra,Other / Unknown,Dean,Unknown,Unknown
Dean Distressed Marrakesh - M,Other / Unknown,Dean,Unknown,Unknown
Dean Acid Blue - Acid Blue / S,Other / Unknown,Dean,Unknown,S
Dean Jacket Golden Amazon - M,Other / Unknown,Dean,Unknown,Unknown
Dean Sarcelle - S,Other / Unknown,Dean,Unknown,Unknown
Dean Distressed Marrakesh - S,Other / Unknown,Dean,Unknown,Unknown
Dean Rennais - Rennais / XL,Other / Unknown,Dean,Unknown,XL
Dean Blanc - Blanc / XL,Other / Unknown,Dean,Unknown,XL
Dean Haze Bandana - Haze Bandana / L,Other / Unknown,Dean,Unknown,L
Dean Zebra - Zebra / XL,Other / Unknown,Dean,Unknown,XL
Dean Distressed Vintage Blanc - L,Other / Unknown,Dean,Unknown,Unknown
Dean Sky - Sky / S,Other / Unknown,Dean,Unknown,S
Dean Patent Noir - Patent Noir / S,Other / Unknown,Dean,Unknown,S
Dean Sarcelle,Other / Unknown,Dean,Unknown,Unknown
Dean Haze Bandana - M,Other / Unknown,Dean,Unknown,Unknown
Dean MF Daily - XXL,Other / Unknown,Dean,Unknown,Unknown
Dean MF Daily - S,Other / Unknown,Dean,Unknown,Unknown
Dean Vintage Blanc - XL,Other / Unknown,Dean,Unknown,Unknown
Dean Cowhide,Other / Unknown,Dean,Unknown,Unknown
Dean Beige,Other / Unknown,Dean,Unknown,Unknown
Dean Distressed Marrakesh - XL,Other / Unknown,Dean,Unknown,Unknown
Dean Distressed Vintage - M,Other / Unknown,Dean,Unknown,Unknown
Dean Jacket Sandstorm - Sandstorm / XS,Other / Unknown,Dean,Unknown,XS
Dean envejecido Vintage Blanc - S,Other / Unknown,Dean,Unknown,Unknown
Dean Noir Tigre - XXL,Other / Unknown,Dean,Unknown,Unknown
Dean Blanc Cuero - SG,Other / Unknown,Dean,Unknown,Unknown
Dean Distressed Marrakesh - Distressed Marrakesh / XXL,Other / Unknown,Dean,Unknown,XXL
Dean Beige - S,Other / Unknown,Dean,Unknown,Unknown
Dean Sarcelle - XS,Other / Unknown,Dean,Unknown,Unknown
Dean Neon Green - Neon Green / M,Other / Unknown,Dean,Unknown,M
Dean Distressed Vintage Blanc,Other / Unknown,Dean,Unknown,Unknown
Dean envejecido Vintage Blanc,Other / Unknown,Dean,Unknown,Unknown
Dean Noir Tigre - S,Other / Unknown,Dean,Unknown,Unknown
Dean Zebra - XS,Other / Unknown,Dean,Unknown,Unknown
Dean Distressed Vintage - Dist Vintage / M,Other / Unknown,Dean,Unknown,M
Dean Neon Green - Neon Green / S,Other / Unknown,Dean,Unknown,S
Dean Acid Blue - Acid Blue / XL,Other / Unknown,Dean,Unknown,XL
Dean Jacket Golden Amazon - XS,Other / Unknown,Dean,Unknown,Unknown
Dean Blanc - L,Other / Unknown,Dean,Unknown,Unknown
Dean Needle Cord Noir Sherpa - Noir Sherpa / M,Other / Unknown,Dean,Unknown,M
Dean MF Daily - M,Other / Unknown,Dean,Unknown,Unknown
Dean Blanc - Blanc / M,Other / Unknown,Dean,Unknown,M
Dean Moss Suede - XXL,Other / Unknown,Dean,Unknown,Unknown
Dean Sarcelle - XL,Other / Unknown,Dean,Unknown,Unknown
Dean Neddle Cord Noir Sherpa - Noir Sherpa / M,Other / Unknown,Dean,Unknown,M
Dean Zebra - Zebra / S,Other / Unknown,Dean,Unknown,S
Dean Blanc - Blanc / L,Other / Unknown,Dean,Unknown,L
Dean Sky - Sky / L,Other / Unknown,Dean,Unknown,L
Dean Jacket Golden Amazon - L,Other / Unknown,Dean,Unknown,Unknown
Dean Needle Cord Noir - M,Other / Unknown,Dean,Unknown,Unknown
Dean Blanc - Blanc / S,Other / Unknown,Dean,Unknown,S
Dean Moss Suede - XL,Other / Unknown,Dean,Unknown,Unknown
Dean MF Diario - M,Other / Unknown,Dean,Unknown,Unknown
Dean Needle Cord Noir Sherpa,Other / Unknown,Dean,Unknown,Unknown
Dean Distressed Marrakesh - Distressed Marrakesh / L,Other / Unknown,Dean,Unknown,L
Dean Sky - Sky / M,Other / Unknown,Dean,Unknown,M
Dean Beige - Beige / L,Other / Unknown,Dean,Unknown,L
Dean Distressed Vintage - XS,Other / Unknown,Dean,Unknown,Unknown
Dean Stingray - S,Other / Unknown,Dean,Unknown,Unknown
Dean Needle Cord Noir Sherpa - Noir Sherpa / XL,Other / Unknown,Dean,Unknown,XL
Dean Zebra - XXL,Other / Unknown,Dean,Unknown,Unknown
Dean Sarcelle - M,Other / Unknown,Dean,Unknown,Unknown
Dean Distressed Vintage Blanc - XL,Other / Unknown,Dean,Unknown,Unknown
Dean Stingray - M,Other / Unknown,Dean,Unknown,Unknown
Dean Beige - Beige / XXL,Other / Unknown,Dean,Unknown,XXL
Dean Stingray - XXL,Other / Unknown,Dean,Unknown,Unknown
Dean Blanc Cuero,Other / Unknown,Dean,Unknown,Unknown
Dean Zebra - S,Other / Unknown,Dean,Unknown,Unknown
Dean Vintage Blanc - XXL,Other / Unknown,Dean,Unknown,Unknown
Dean Zebra - Zebra / XXL,Other / Unknown,Dean,Unknown,XXL
Dean Rennais - Rennais / M,Other / Unknown,Dean,Unknown,M
Dean Vintage Blanc - Vintage Blanc / L,Other / Unknown,Dean,Unknown,L
Dean MF Daily - L,Other / Unknown,Dean,Unknown,Unknown
Dean Beige - Beige / XS,Other / Unknown,Dean,Unknown,XS
Dean MF Diario - SG,Other / Unknown,Dean,Unknown,Unknown
Dean Distressed Vintage Blanc - XXL,Other / Unknown,Dean,Unknown,Unknown
Dean Noir Tigre - M,Other / Unknown,Dean,Unknown,Unknown
Dean Sky - Sky / XL,Other / Unknown,Dean,Unknown,XL
Dean Patent Noir,Other / Unknown,Dean,Unknown,Unknown
Dean Vintage Blanc - L,Other / Unknown,Dean,Unknown,Unknown
Dean Distressed Vintage - Dist Vintage / XXL,Other / Unknown,Dean,Unknown,XXL
Dean Distressed Marrakesh - XS,Other / Unknown,Dean,Unknown,Unknown
Dean Moss Suede - L,Other / Unknown,Dean,Unknown,Unknown
Dean Skyfall - XS,Other / Unknown,Dean,Unknown,Unknown
Dean Patent Noir - Patent Noir / L,Other / Unknown,Dean,Unknown,L
Dean Neon Fuschia - Neon Fuschia / S,Other / Unknown,Dean,Unknown,S
Dean Vintage Blanc - M,Other / Unknown,Dean,Unknown,Unknown
Dean Shadow - XXL,Other / Unknown,Dean,Unknown,Unknown
Dean Jacket Sandstorm - Sandstorm / M,Other / Unknown,Dean,Unknown,M
Dean Rennais,Other / Unknown,Dean,Unknown,Unknown
Dean Needle Cord Noir - XL,Other / Unknown,Dean,Unknown,Unknown
Dean Sky - S,Other / Unknown,Dean,Unknown,Unknown
Dean Distressed Vintage Blanc - XS,Other / Unknown,Dean,Unknown,Unknown
Dean Distressed Marrakesh - L,Other / Unknown,Dean,Unknown,Unknown
Dean Rennais - Rennais / XXL,Other / Unknown,Dean,Unknown,XXL
Dean Neon Fuschia,Other / Unknown,Dean,Unknown,Unknown
Dean Needle Cord Noir - L,Other / Unknown,Dean,Unknown,Unknown
Dean Neon Green - Neon Green / XS,Other / Unknown,Dean,Unknown,XS
Dean Haze Bandana - XXL,Other / Unknown,Dean,Unknown,Unknown
Dean Moss Suede - XS,Other / Unknown,Dean,Unknown,Unknown
Dean Acid Blue - Acid Blue / XXL,Other / Unknown,Dean,Unknown,XXL
Dean Blanc - M,Other / Unknown,Dean,Unknown,Unknown
Dean Blanc - XXL,Other / Unknown,Dean,Unknown,Unknown
Dean Skyfall,Other / Unknown,Dean,Unknown,Unknown
Dean Zebra - XL,Other / Unknown,Dean,Unknown,Unknown
Dean Haze Bandana,Other / Unknown,Dean,Unknown,Unknown
Dean Patent Noir - Patent Noir / XXL,Other / Unknown,Dean,Unknown,XXL
Dean Haze Bandana - Haze Bandana / XL,Other / Unknown,Dean,Unknown,XL
Dean Beige - XL,Other / Unknown,Dean,Unknown,Unknown
Dean Sky - Sky / XXL,Other / Unknown,Dean,Unknown,XXL
Dean Neon Fuschia - Neon Fuschia / XL,Other / Unknown,Dean,Unknown,XL
Dean Distressed Vintage - L,Other / Unknown,Dean,Unknown,Unknown
Deniro Memphis - 36,Other / Unknown,Deniro,Unknown,Unknown
Deniro Vintage Blanc - Vintage Blanc / 33,Other / Unknown,Deniro,Unknown,33
Deniro Empire - 34,Other / Unknown,Deniro,Unknown,Unknown
Deniro Linen Mint - 34,Other / Unknown,Deniro,Unknown,Unknown
Deniro Marfa - 31,Other / Unknown,Deniro,Unknown,Unknown
Deniro Marfa - 28,Other / Unknown,Deniro,Unknown,Unknown
Deniro Blanc - 38,Other / Unknown,Deniro,Unknown,Unknown
Deniro Florence - 28,Other / Unknown,Deniro,Unknown,Unknown
Deniro Noir - 33,Other / Unknown,Deniro,Unknown,Unknown
Deniro Linen Sky - 30,Other / Unknown,Deniro,Unknown,Unknown
Deniro Empire - 31,Other / Unknown,Deniro,Unknown,Unknown
Deniro Oxford - 31,Other / Unknown,Deniro,Unknown,Unknown
Deniro Ink - 38 / Ink,Other / Unknown,Deniro,Unknown,Ink
Deniro Linen Mint - 32,Other / Unknown,Deniro,Unknown,Unknown
Deniro Mineral Green - 40 / Mineral Green,Other / Unknown,Deniro,Unknown,Mineral Green
Deniro Malibu - 30,Other / Unknown,Deniro,Unknown,Unknown
Deniro Le Mans - 38,Other / Unknown,Deniro,Unknown,Unknown
Deniro Linen Beige - 38,Other / Unknown,Deniro,Unknown,Unknown
Deniro Rome - 29,Other / Unknown,Deniro,Unknown,Unknown
Deniro Triomphe - 40,Other / Unknown,Deniro,Unknown,Unknown
Deniro Santorini - Santorini / 33,Other / Unknown,Deniro,Unknown,33
Deniro St Barths - 40,Other / Unknown,Deniro,Unknown,Unknown
Deniro Malibu - Malibu / 38,Other / Unknown,Deniro,Unknown,38
Deniro Rome - Rome / 34,Other / Unknown,Deniro,Unknown,34
Deniro Khaki - 32,Other / Unknown,Deniro,Unknown,Unknown
Deniro Asphalt - 34,Other / Unknown,Deniro,Unknown,Unknown
Deniro Asphalt,Other / Unknown,Deniro,Unknown,Unknown
Deniro Linen Toffee - 30,Other / Unknown,Deniro,Unknown,Unknown
Deniro Marfa - 29,Other / Unknown,Deniro,Unknown,Unknown
Deniro Rome - Rome / 32,Other / Unknown,Deniro,Unknown,32
Deniro Pisa - Pisa / 28,Other / Unknown,Deniro,Unknown,28
Deniro Florence - 33,Other / Unknown,Deniro,Unknown,Unknown
Deniro Linen Light Green - Light Green / 28,Other / Unknown,Deniro,Unknown,28
Deniro Noir - 32,Other / Unknown,Deniro,Unknown,Unknown
Deniro Santorini - 34,Other / Unknown,Deniro,Unknown,Unknown
Deniro Palermo - 38,Other / Unknown,Deniro,Unknown,Unknown
Deniro Triomphe,Other / Unknown,Deniro,Unknown,Unknown
Deniro Aberdeen - 33,Other / Unknown,Deniro,Unknown,Unknown
Deniro Madrid - 33,Other / Unknown,Deniro,Unknown,Unknown
Deniro Ink,Other / Unknown,Deniro,Unknown,Unknown
Deniro Empire - 29,Other / Unknown,Deniro,Unknown,Unknown
Deniro Aberdeen - 34,Other / Unknown,Deniro,Unknown,Unknown
Deniro Vintage Blanc - 33,Other / Unknown,Deniro,Unknown,Unknown
Deniro Linen Sky - Sky / 34,Other / Unknown,Deniro,Unknown,34
Deniro Teak - 36,Other / Unknown,Deniro,Unknown,Unknown
Deniro Pisa - 38,Other / Unknown,Deniro,Unknown,Unknown
Deniro Linen Light Green - 32,Other / Unknown,Deniro,Unknown,Unknown
Deniro Vintage Blanc - 32,Other / Unknown,Deniro,Unknown,Unknown
Deniro Santorini - 36,Other / Unknown,Deniro,Unknown,Unknown
Deniro Madrid - 34,Other / Unknown,Deniro,Unknown,Unknown
Deniro Ink - Ink / 30,Other / Unknown,Deniro,Unknown,30
Deniro Linen Sky - Sky / 40,Other / Unknown,Deniro,Unknown,40
Deniro Rome - 33,Other / Unknown,Deniro,Unknown,Unknown
Deniro Le Mans - 28,Other / Unknown,Deniro,Unknown,Unknown
Deniro Linen Toffee - 32,Other / Unknown,Deniro,Unknown,Unknown
Deniro Aroura - 33,Other / Unknown,Deniro,Unknown,Unknown
Deniro Santorini - 31,Other / Unknown,Deniro,Unknown,Unknown
Deniro Florence - 36,Other / Unknown,Deniro,Unknown,Unknown
Deniro Linen Sky - Sky / 30,Other / Unknown,Deniro,Unknown,30
Deniro Rome - 31,Other / Unknown,Deniro,Unknown,Unknown
Deniro St Barths - St Barths / 34,Other / Unknown,Deniro,Unknown,34
Deniro Rome - 38,Other / Unknown,Deniro,Unknown,Unknown
Deniro Linen Beige - Beige / 34,Other / Unknown,Deniro,Unknown,34
Deniro Asphalt - 29,Other / Unknown,Deniro,Unknown,Unknown
Deniro Florence - 29,Other / Unknown,Deniro,Unknown,Unknown
Deniro Montreal - 28,Other / Unknown,Deniro,Unknown,Unknown
Deniro St Barths - 32,Other / Unknown,Deniro,Unknown,Unknown
Deniro Pisa - Pisa / 30,Other / Unknown,Deniro,Unknown,30
Deniro Teak - 32 / Teak,Other / Unknown,Deniro,Unknown,Teak
Deniro St Barths - St Barths / 32,Other / Unknown,Deniro,Unknown,32
Deniro Linen Beige - 40,Other / Unknown,Deniro,Unknown,Unknown
Deniro Rome - Rome / 29,Other / Unknown,Deniro,Unknown,29
Deniro Vail - 34,Other / Unknown,Deniro,Unknown,Unknown
Deniro Khaki - 36,Other / Unknown,Deniro,Unknown,Unknown
Deniro Linen Beige - Beige / 32,Other / Unknown,Deniro,Unknown,32
Deniro Le Mans - 33,Other / Unknown,Deniro,Unknown,Unknown
Deniro Brighton - 29,Other / Unknown,Deniro,Unknown,Unknown
Deniro Triomphe - 32,Other / Unknown,Deniro,Unknown,Unknown
Deniro Montreal - 34,Other / Unknown,Deniro,Unknown,Unknown
Deniro Linen Sky - 38,Other / Unknown,Deniro,Unknown,Unknown
Deniro Malibu - 36,Other / Unknown,Deniro,Unknown,Unknown
Deniro Linen Toffee,Other / Unknown,Deniro,Unknown,Unknown
Deniro Palermo - 30,Other / Unknown,Deniro,Unknown,Unknown
Deniro Linen Toffee - 31,Other / Unknown,Deniro,Unknown,Unknown
Deniro Blanc - 31,Other / Unknown,Deniro,Unknown,Unknown
Deniro Florence - Florence / 36,Other / Unknown,Deniro,Unknown,36
Deniro Blanc - 32,Other / Unknown,Deniro,Unknown,Unknown
Deniro Malibu - Malibu / 33,Other / Unknown,Deniro,Unknown,33
Deniro Teak - 33 / Teak,Other / Unknown,Deniro,Unknown,Teak
Deniro Linen Light Green - Light Green / 34,Other / Unknown,Deniro,Unknown,34
Deniro Blanc - Blanc / 36,Other / Unknown,Deniro,Unknown,36
Deniro Oxford - 33,Other / Unknown,Deniro,Unknown,Unknown
Deniro Mineral Green - 36 / Mineral Green,Other / Unknown,Deniro,Unknown,Mineral Green
Deniro Linen Light Green - 30,Other / Unknown,Deniro,Unknown,Unknown
Deniro Mineral Green - 38,Other / Unknown,Deniro,Unknown,Unknown
Deniro Linen Mint - Mint / 29,Other / Unknown,Deniro,Unknown,29
Deniro Florence - 32,Other / Unknown,Deniro,Unknown,Unknown
Deniro Linen Light Green - Light Green / 32,Other / Unknown,Deniro,Unknown,32
Deniro Linen Beige - 29,Other / Unknown,Deniro,Unknown,Unknown
Deniro Rome - Rome / 33,Other / Unknown,Deniro,Unknown,33
Deniro Florence - Florence / 28,Other / Unknown,Deniro,Unknown,28
Deniro Napa - Napa / 33,Other / Unknown,Deniro,Unknown,33
Deniro Teak - Teak / 31,Other / Unknown,Deniro,Unknown,31
Deniro Oxford - 34,Other / Unknown,Deniro,Unknown,Unknown
Deniro Linen Toffee - Toffee / 34,Other / Unknown,Deniro,Unknown,34
Deniro Montreal - 36,Other / Unknown,Deniro,Unknown,Unknown
Deniro Linen Toffee - Toffee / 40,Other / Unknown,Deniro,Unknown,40
Deniro Montreal - Montreal / 30,Other / Unknown,Deniro,Unknown,30
Deniro Mineral Green - 30,Other / Unknown,Deniro,Unknown,Unknown
Deniro Teak - 31 / Teak,Other / Unknown,Deniro,Unknown,Teak
Deniro Lyon - 36,Other / Unknown,Deniro,Unknown,Unknown
Deniro Linen Sky - 36,Other / Unknown,Deniro,Unknown,Unknown
Deniro Mineral Green - 29 / Mineral Green,Other / Unknown,Deniro,Unknown,Mineral Green
Deniro Ink - 30,Other / Unknown,Deniro,Unknown,Unknown
Deniro Ink - Ink / 34,Other / Unknown,Deniro,Unknown,34
Deniro Asphalt - Asphalt / 31,Other / Unknown,Deniro,Unknown,31
Deniro Teak - Teak / 33,Other / Unknown,Deniro,Unknown,33
Deniro Navy - 31,Other / Unknown,Deniro,Unknown,Unknown
Deniro Florence - Florence / 34,Other / Unknown,Deniro,Unknown,34
Deniro Rome - 34,Other / Unknown,Deniro,Unknown,Unknown
Deniro Mineral Green - Mineral Green / 34,Other / Unknown,Deniro,Unknown,34
Deniro Malibu - 34,Other / Unknown,Deniro,Unknown,Unknown
Deniro Brighton,Other / Unknown,Deniro,Unknown,Unknown
Deniro Vintage Blanc - Vintage Blanc / 32,Other / Unknown,Deniro,Unknown,32
Deniro Florence,Other / Unknown,Deniro,Unknown,Unknown
Deniro Empire - 30,Other / Unknown,Deniro,Unknown,Unknown
Deniro Palermo - 31,Other / Unknown,Deniro,Unknown,Unknown
Deniro Memphis - 33,Other / Unknown,Deniro,Unknown,Unknown
Deniro Brighton - 32,Other / Unknown,Deniro,Unknown,Unknown
Deniro Triomphe - 30,Other / Unknown,Deniro,Unknown,Unknown
Deniro Rome - Rome / 28,Other / Unknown,Deniro,Unknown,28
Deniro Teak - 33,Other / Unknown,Deniro,Unknown,Unknown
Deniro Mineral Green,Other / Unknown,Deniro,Unknown,Unknown
Deniro Linen Mint - 30,Other / Unknown,Deniro,Unknown,Unknown
Deniro Montreal - 33,Other / Unknown,Deniro,Unknown,Unknown
Deniro St Barths - 36,Other / Unknown,Deniro,Unknown,Unknown
Deniro Linen Light Green - 36,Other / Unknown,Deniro,Unknown,Unknown
Deniro Linen Mint - Mint / 28,Other / Unknown,Deniro,Unknown,28
Deniro Ink - Ink / 28,Other / Unknown,Deniro,Unknown,28
Deniro St Barths - St Barths / 38,Other / Unknown,Deniro,Unknown,38
Deniro Blanc - 29,Other / Unknown,Deniro,Unknown,Unknown
Deniro Navy - 33,Other / Unknown,Deniro,Unknown,Unknown
Deniro Linen Light Green - 28,Other / Unknown,Deniro,Unknown,Unknown
Deniro Mineral Green - 31,Other / Unknown,Deniro,Unknown,Unknown
Deniro Linen Beige - 34,Other / Unknown,Deniro,Unknown,Unknown
Deniro Linen Beige - Beige / 28,Other / Unknown,Deniro,Unknown,28
Deniro Lyon - 33,Other / Unknown,Deniro,Unknown,Unknown
Deniro Ink - 36,Other / Unknown,Deniro,Unknown,Unknown
Deniro Noir - 29,Other / Unknown,Deniro,Unknown,Unknown
Deniro Palermo - Palermo / 29,Other / Unknown,Deniro,Unknown,29
Deniro Mineral Green - 34,Other / Unknown,Deniro,Unknown,Unknown
Deniro Palermo - 33,Other / Unknown,Deniro,Unknown,Unknown
Deniro Blanc - 34,Other / Unknown,Deniro,Unknown,Unknown
Deniro Le Mans - 30,Other / Unknown,Deniro,Unknown,Unknown
Deniro Ink - Ink / 38,Other / Unknown,Deniro,Unknown,38
Deniro Vintage Blanc - Vintage Blanc / 36,Other / Unknown,Deniro,Unknown,36
Deniro Raw Noir - 28,Other / Unknown,Deniro,Unknown,Unknown
Deniro Malibu - 40,Other / Unknown,Deniro,Unknown,Unknown
Deniro Linen Light Green - Light Green / 36,Other / Unknown,Deniro,Unknown,36
Deniro Triomphe - 31,Other / Unknown,Deniro,Unknown,Unknown
Deniro Noir - 30,Other / Unknown,Deniro,Unknown,Unknown
Deniro Linen Toffee - 38,Other / Unknown,Deniro,Unknown,Unknown
Deniro Ink - 33,Other / Unknown,Deniro,Unknown,Unknown
Deniro Pisa - 30,Other / Unknown,Deniro,Unknown,Unknown
Deniro Aroura,Other / Unknown,Deniro,Unknown,Unknown
Deniro Blanc - Blanc / 32,Other / Unknown,Deniro,Unknown,32
Deniro Teak - Teak / 36,Other / Unknown,Deniro,Unknown,36
Deniro Mineral Green - Mineral Green / 30,Other / Unknown,Deniro,Unknown,30
Deniro Noir - 34,Other / Unknown,Deniro,Unknown,Unknown
Deniro Khaki - 29,Other / Unknown,Deniro,Unknown,Unknown
Deniro Linen Light Green - 33,Other / Unknown,Deniro,Unknown,Unknown
Deniro St Barths - St Barths / 28,Other / Unknown,Deniro,Unknown,28
Deniro Rome - 32,Other / Unknown,Deniro,Unknown,Unknown
Deniro Blanc - 30,Other / Unknown,Deniro,Unknown,Unknown
Deniro Santorini - 33,Other / Unknown,Deniro,Unknown,Unknown
Deniro Marfa - 32,Other / Unknown,Deniro,Unknown,Unknown
Deniro Asphalt - Asphalt / 28,Other / Unknown,Deniro,Unknown,28
Deniro Aroura - 28,Other / Unknown,Deniro,Unknown,Unknown
Deniro Santorini - 29,Other / Unknown,Deniro,Unknown,Unknown
Deniro Montreal - 32,Other / Unknown,Deniro,Unknown,Unknown
Deniro St Barths - 29,Other / Unknown,Deniro,Unknown,Unknown
Deniro Khaki - 31,Other / Unknown,Deniro,Unknown,Unknown
Deniro Mineral Green - Mineral Green / 29,Other / Unknown,Deniro,Unknown,29
Deniro Aroura - 38,Other / Unknown,Deniro,Unknown,Unknown
Deniro Linen Beige - 32,Other / Unknown,Deniro,Unknown,Unknown
Deniro Oxford - 28,Other / Unknown,Deniro,Unknown,Unknown
Deniro Pisa - Pisa / 36,Other / Unknown,Deniro,Unknown,36
Deniro Pisa - Pisa / 38,Other / Unknown,Deniro,Unknown,38
Deniro Blanc - Blanc / 28,Other / Unknown,Deniro,Unknown,28
Deniro Navy - 29,Other / Unknown,Deniro,Unknown,Unknown
Deniro Mineral Green - 31 / Mineral Green,Other / Unknown,Deniro,Unknown,Mineral Green
Deniro Navy - 36,Other / Unknown,Deniro,Unknown,Unknown
Deniro Teak - Teak / 30,Other / Unknown,Deniro,Unknown,30
Deniro Linen Sky,Other / Unknown,Deniro,Unknown,Unknown
Deniro Vintage Blanc - Vintage Blanc / 31,Other / Unknown,Deniro,Unknown,31
Deniro Asphalt - 30,Other / Unknown,Deniro,Unknown,Unknown
Deniro Aberdeen - 31,Other / Unknown,Deniro,Unknown,Unknown
Deniro Santorini - Santorini / 28,Other / Unknown,Deniro,Unknown,28
Deniro Khaki - 30,Other / Unknown,Deniro,Unknown,Unknown
Deniro Ink - 29,Other / Unknown,Deniro,Unknown,Unknown
Deniro Le Mans - 31,Other / Unknown,Deniro,Unknown,Unknown
Deniro Linen Beige - Beige / 30,Other / Unknown,Deniro,Unknown,30
Deniro Asphalt - Asphalt / 30,Other / Unknown,Deniro,Unknown,30
Deniro Asphalt - 38,Other / Unknown,Deniro,Unknown,Unknown
Deniro Khaki - 34,Other / Unknown,Deniro,Unknown,Unknown
Deniro Linen Sky - Sky / 32,Other / Unknown,Deniro,Unknown,32
Deniro Linen Light Green - 31,Other / Unknown,Deniro,Unknown,Unknown
Deniro Pisa - 34,Other / Unknown,Deniro,Unknown,Unknown
Deniro Raw Noir,Other / Unknown,Deniro,Unknown,Unknown
Deniro Vail - 33,Other / Unknown,Deniro,Unknown,Unknown
Deniro Ink - Ink / 29,Other / Unknown,Deniro,Unknown,29
Deniro Teak,Other / Unknown,Deniro,Unknown,Unknown
Deniro Linen Toffee - 33,Other / Unknown,Deniro,Unknown,Unknown
Deniro Linen Beige - 28,Other / Unknown,Deniro,Unknown,Unknown
Deniro Montreal - 31,Other / Unknown,Deniro,Unknown,Unknown
Deniro Aroura - 31,Other / Unknown,Deniro,Unknown,Unknown
Deniro Navy - 30,Other / Unknown,Deniro,Unknown,Unknown
Deniro Linen Light Green - Light Green / 38,Other / Unknown,Deniro,Unknown,38
Deniro Triomphe - 34,Other / Unknown,Deniro,Unknown,Unknown
Deniro Blanc - 33,Other / Unknown,Deniro,Unknown,Unknown
Deniro Teak - 36 / Teak,Other / Unknown,Deniro,Unknown,Teak
Deniro Raw Noir - 30,Other / Unknown,Deniro,Unknown,Unknown
Deniro Teak - 34,Other / Unknown,Deniro,Unknown,Unknown
Deniro Pisa - Pisa / 31,Other / Unknown,Deniro,Unknown,31
Deniro Mineral Green - 30 / Mineral Green,Other / Unknown,Deniro,Unknown,Mineral Green
Deniro Malibu - Malibu / 29,Other / Unknown,Deniro,Unknown,29
Deniro Linen Light Green - Light Green / 29,Other / Unknown,Deniro,Unknown,29
Deniro Malibu - Malibu / 28,Other / Unknown,Deniro,Unknown,28
Deniro Teak - 38,Other / Unknown,Deniro,Unknown,Unknown
Deniro Linen Toffee - 34,Other / Unknown,Deniro,Unknown,Unknown
Deniro Linen Mint - Mint / 34,Other / Unknown,Deniro,Unknown,34
Deniro Montreal - 38,Other / Unknown,Deniro,Unknown,Unknown
Deniro Vintage - 30,Other / Unknown,Deniro,Unknown,Unknown
Deniro Madrid - 30,Other / Unknown,Deniro,Unknown,Unknown
Deniro Linen Toffee - Toffee / 33,Other / Unknown,Deniro,Unknown,33
Deniro Malibu - 31,Other / Unknown,Deniro,Unknown,Unknown
Deniro Pisa - 33,Other / Unknown,Deniro,Unknown,Unknown
Deniro Montreal - 29,Other / Unknown,Deniro,Unknown,Unknown
Deniro Aroura - 29,Other / Unknown,Deniro,Unknown,Unknown
Deniro Linen Toffee - 28,Other / Unknown,Deniro,Unknown,Unknown
Deniro St Barths - 30,Other / Unknown,Deniro,Unknown,Unknown
Deniro Santorini - Santorini / 29,Other / Unknown,Deniro,Unknown,29
Deniro Malibu - Malibu / 36,Other / Unknown,Deniro,Unknown,36
Deniro Blanc - Blanc / 31,Other / Unknown,Deniro,Unknown,31
Deniro Rome - 30,Other / Unknown,Deniro,Unknown,Unknown
Deniro Teak - 31,Other / Unknown,Deniro,Unknown,Unknown
Deniro Teak - 34 / Teak,Other / Unknown,Deniro,Unknown,Teak
Deniro Empire - 38,Other / Unknown,Deniro,Unknown,Unknown
Deniro Santorini - Santorini / 38,Other / Unknown,Deniro,Unknown,38
Deniro Triomphe - 29,Other / Unknown,Deniro,Unknown,Unknown
Deniro Mineral Green - 33,Other / Unknown,Deniro,Unknown,Unknown
Deniro Vintage Blanc - 34,Other / Unknown,Deniro,Unknown,Unknown
Deniro Oxford - 32,Other / Unknown,Deniro,Unknown,Unknown
Deniro Blanc - 36,Other / Unknown,Deniro,Unknown,Unknown
Deniro Linen Mint - 31,Other / Unknown,Deniro,Unknown,Unknown
Deniro Linen Toffee - Toffee / 30,Other / Unknown,Deniro,Unknown,30
Deniro Florence - Florence / 30,Other / Unknown,Deniro,Unknown,30
Deniro Madrid - 32,Other / Unknown,Deniro,Unknown,Unknown
Deniro Napa - Napa / 31,Other / Unknown,Deniro,Unknown,31
Deniro Linen Light Green - 40,Other / Unknown,Deniro,Unknown,Unknown
Deniro Florence - 30,Other / Unknown,Deniro,Unknown,Unknown
Deniro Marfa - 33,Other / Unknown,Deniro,Unknown,Unknown
Deniro Oxford - Oxford / 32,Other / Unknown,Deniro,Unknown,32
Deniro Florence - Florence / 32,Other / Unknown,Deniro,Unknown,32
Deniro Mineral Green - Mineral Green / 36,Other / Unknown,Deniro,Unknown,36
Deniro Vintage Blanc - Vintage Blanc / 28,Other / Unknown,Deniro,Unknown,28
Deniro Santorini - Santorini / 36,Other / Unknown,Deniro,Unknown,36
Deniro Malibu - 28,Other / Unknown,Deniro,Unknown,Unknown
Deniro Asphalt - Asphalt / 32,Other / Unknown,Deniro,Unknown,32
Deniro Mineral Green - Mineral Green / 32,Other / Unknown,Deniro,Unknown,32
Deniro Linen Toffee - 36,Other / Unknown,Deniro,Unknown,Unknown
Deniro Mineral Green - Mineral Green / 31,Other / Unknown,Deniro,Unknown,31
Deniro Noir - 40,Other / Unknown,Deniro,Unknown,Unknown
Deniro Linen Sky - Sky / 33,Other / Unknown,Deniro,Unknown,33
Deniro Navy - 34,Other / Unknown,Deniro,Unknown,Unknown
Deniro Linen Mint - 29,Other / Unknown,Deniro,Unknown,Unknown
Deniro Linen Beige - Beige / 29,Other / Unknown,Deniro,Unknown,29
Deniro Linen Mint - 33,Other / Unknown,Deniro,Unknown,Unknown
Deniro Malibu - 29,Other / Unknown,Deniro,Unknown,Unknown
Deniro Malibu - Malibu / 30,Other / Unknown,Deniro,Unknown,30
Deniro Santorini - 32,Other / Unknown,Deniro,Unknown,Unknown
Deniro Linen Toffee - Toffee / 28,Other / Unknown,Deniro,Unknown,28
Deniro Malibu,Other / Unknown,Deniro,Unknown,Unknown
Deniro Florence - 38,Other / Unknown,Deniro,Unknown,Unknown
Deniro Ink - 38,Other / Unknown,Deniro,Unknown,Unknown
Deniro Noir - 38,Other / Unknown,Deniro,Unknown,Unknown
Deniro Vintage Blanc - Vintage Blanc / 29,Other / Unknown,Deniro,Unknown,29
Deniro Aroura - 34,Other / Unknown,Deniro,Unknown,Unknown
Deniro Santorini - 38,Other / Unknown,Deniro,Unknown,Unknown
Deniro Le Mans - 36,Other / Unknown,Deniro,Unknown,Unknown
Deniro Santorini - Santorini / 32,Other / Unknown,Deniro,Unknown,32
Deniro Ink - 32 / Ink,Other / Unknown,Deniro,Unknown,Ink
Deniro Asphalt - 36,Other / Unknown,Deniro,Unknown,Unknown
Deniro Triomphe - 28,Other / Unknown,Deniro,Unknown,Unknown
Deniro Asphalt - 31,Other / Unknown,Deniro,Unknown,Unknown
Deniro Rome - 36,Other / Unknown,Deniro,Unknown,Unknown
Deniro Triomphe - 33,Other / Unknown,Deniro,Unknown,Unknown
Deniro Mineral Green - 28 / Mineral Green,Other / Unknown,Deniro,Unknown,Mineral Green
Deniro Linen Beige - 36,Other / Unknown,Deniro,Unknown,Unknown
Deniro Navy - 32,Other / Unknown,Deniro,Unknown,Unknown
Deniro Brighton - 34,Other / Unknown,Deniro,Unknown,Unknown
Deniro Blanc - Blanc / 29,Other / Unknown,Deniro,Unknown,29
Deniro Linen Sky - Sky / 28,Other / Unknown,Deniro,Unknown,28
Deniro Linen Sky - 28,Other / Unknown,Deniro,Unknown,Unknown
Deniro Linen Mint - Mint / 32,Other / Unknown,Deniro,Unknown,32
Deniro Milan - 32,Other / Unknown,Deniro,Unknown,Unknown
Deniro Asphalt - 28,Other / Unknown,Deniro,Unknown,Unknown
Deniro Linen Sky - 40,Other / Unknown,Deniro,Unknown,Unknown
Deniro Teak - Teak / 32,Other / Unknown,Deniro,Unknown,32
Deniro Linen Mint - Mint / 38,Other / Unknown,Deniro,Unknown,38
Deniro Santorini - Santorini / 31,Other / Unknown,Deniro,Unknown,31
Deniro Ink - 40,Other / Unknown,Deniro,Unknown,Unknown
Deniro Aroura - 30,Other / Unknown,Deniro,Unknown,Unknown
Deniro Linen Light Green - Light Green / 31,Other / Unknown,Deniro,Unknown,31
Deniro Le Mans - 34,Other / Unknown,Deniro,Unknown,Unknown
Deniro Linen Mint - 36,Other / Unknown,Deniro,Unknown,Unknown
Deniro Teak - 30 / Teak,Other / Unknown,Deniro,Unknown,Teak
Deniro Oxford - 36,Other / Unknown,Deniro,Unknown,Unknown
Deniro Vintage Blanc - 30,Other / Unknown,Deniro,Unknown,Unknown
Deniro Brighton - Brighton / 28,Other / Unknown,Deniro,Unknown,28
Deniro Triomphe - Triomphe / 36,Other / Unknown,Deniro,Unknown,36
Deniro Lyon - 30,Other / Unknown,Deniro,Unknown,Unknown
Deniro Linen Beige - 30,Other / Unknown,Deniro,Unknown,Unknown
Deniro Asphalt - Asphalt / 38,Other / Unknown,Deniro,Unknown,38
Deniro Brighton - 36,Other / Unknown,Deniro,Unknown,Unknown
Deniro Noir - 28,Other / Unknown,Deniro,Unknown,Unknown
Deniro Vintage Blanc - Vintage Blanc / 30,Other / Unknown,Deniro,Unknown,30
Deniro Santorini - 30,Other / Unknown,Deniro,Unknown,Unknown
Deniro Linen Light Green - Light Green / 33,Other / Unknown,Deniro,Unknown,33
Deniro Palermo - 40,Other / Unknown,Deniro,Unknown,Unknown
Deniro Aberdeen - 29,Other / Unknown,Deniro,Unknown,Unknown
Deniro Empire - 36,Other / Unknown,Deniro,Unknown,Unknown
Deniro Slim Straight - Montreal / 38,Other / Unknown,Deniro,Unknown,38
Deniro Aroura - 36,Other / Unknown,Deniro,Unknown,Unknown
Deniro Ink - 28 / Ink,Other / Unknown,Deniro,Unknown,Ink
Deniro Mineral Green - Mineral Green / 28,Other / Unknown,Deniro,Unknown,28
Deniro Pisa - 32,Other / Unknown,Deniro,Unknown,Unknown
Deniro St Barths - St Barths / 33,Other / Unknown,Deniro,Unknown,33
Deniro Palermo - 36,Other / Unknown,Deniro,Unknown,Unknown
Deniro Linen Sky - 31,Other / Unknown,Deniro,Unknown,Unknown
Deniro Blanc - 28,Other / Unknown,Deniro,Unknown,Unknown
Deniro Rome - Rome / 36,Other / Unknown,Deniro,Unknown,36
Deniro Linen Sky - 29,Other / Unknown,Deniro,Unknown,Unknown
Deniro Mineral Green - 34 / Mineral Green,Other / Unknown,Deniro,Unknown,Mineral Green
Deniro Vintage - Vintage / 32,Other / Unknown,Deniro,Unknown,32
Deniro Malibu - 33,Other / Unknown,Deniro,Unknown,Unknown
Deniro Ink - 32,Other / Unknown,Deniro,Unknown,Unknown
Deniro Linen Sky - Sky / 38,Other / Unknown,Deniro,Unknown,38
Deniro Empire - 28,Other / Unknown,Deniro,Unknown,Unknown
Deniro Brighton - 33,Other / Unknown,Deniro,Unknown,Unknown
Deniro Empire - 40,Other / Unknown,Deniro,Unknown,Unknown
Deniro Marfa,Other / Unknown,Deniro,Unknown,Unknown
Deniro Linen Toffee - Toffee / 38,Other / Unknown,Deniro,Unknown,38
Deniro Linen Toffee - Toffee / 32,Other / Unknown,Deniro,Unknown,32
Deniro Empire - 33,Other / Unknown,Deniro,Unknown,Unknown
Deniro St Barths - 38,Other / Unknown,Deniro,Unknown,Unknown
Deniro Malibu - Malibu / 34,Other / Unknown,Deniro,Unknown,34
Deniro Vintage Blanc - 31,Other / Unknown,Deniro,Unknown,Unknown
Deniro Linen Mint - Mint / 33,Other / Unknown,Deniro,Unknown,33
Deniro Raw Noir - 31,Other / Unknown,Deniro,Unknown,Unknown
Deniro Marfa - 30,Other / Unknown,Deniro,Unknown,Unknown
Deniro Empire,Other / Unknown,Deniro,Unknown,Unknown
Deniro Marfa - 34,Other / Unknown,Deniro,Unknown,Unknown
Deniro Malibu - Malibu / 32,Other / Unknown,Deniro,Unknown,32
Deniro Lyon - 29,Other / Unknown,Deniro,Unknown,Unknown
Deniro Lyon - 34,Other / Unknown,Deniro,Unknown,Unknown
Deniro Madrid - 38,Other / Unknown,Deniro,Unknown,Unknown
Deniro Teak - 32,Other / Unknown,Deniro,Unknown,Unknown
Deniro Linen Beige - 33,Other / Unknown,Deniro,Unknown,Unknown
Deniro Ink - Ink / 32,Other / Unknown,Deniro,Unknown,32
Deniro Ink - Ink / 33,Other / Unknown,Deniro,Unknown,33
Deniro Linen Light Green - 38,Other / Unknown,Deniro,Unknown,Unknown
Deniro Linen Mint - Mint / 36,Other / Unknown,Deniro,Unknown,36
Deniro Palermo - 34,Other / Unknown,Deniro,Unknown,Unknown
Deniro Ink - 28,Other / Unknown,Deniro,Unknown,Unknown
Deniro Marfa - 36,Other / Unknown,Deniro,Unknown,Unknown
Deniro Montreal - Montreal / 28,Other / Unknown,Deniro,Unknown,28
Deniro Teak - 30,Other / Unknown,Deniro,Unknown,Unknown
Deniro Vintage Blanc - 36,Other / Unknown,Deniro,Unknown,Unknown
Deniro Malibu - 38,Other / Unknown,Deniro,Unknown,Unknown
Deniro Florence - 34,Other / Unknown,Deniro,Unknown,Unknown
Deniro Le Mans - 32,Other / Unknown,Deniro,Unknown,Unknown
Deniro Linen Toffee - 29,Other / Unknown,Deniro,Unknown,Unknown
Deniro Empire - 32,Other / Unknown,Deniro,Unknown,Unknown
Deniro St Barths - 34,Other / Unknown,Deniro,Unknown,Unknown
Deniro Slim Straight - Le Mans / 38,Other / Unknown,Deniro,Unknown,38
Deniro Mineral Green - 28,Other / Unknown,Deniro,Unknown,Unknown
Deniro Asphalt - 32,Other / Unknown,Deniro,Unknown,Unknown
Deniro Montreal - Montreal / 34,Other / Unknown,Deniro,Unknown,34
Deniro Linen Beige - 31,Other / Unknown,Deniro,Unknown,Unknown
Deniro Brighton - Brighton / 29,Other / Unknown,Deniro,Unknown,29
Deniro Teak - 29,Other / Unknown,Deniro,Unknown,Unknown
Deniro Linen Mint - Mint / 30,Other / Unknown,Deniro,Unknown,30
Deniro Florence - 31,Other / Unknown,Deniro,Unknown,Unknown
Deniro Linen Light Green - 34,Other / Unknown,Deniro,Unknown,Unknown
Deniro Linen Sky - Sky / 36,Other / Unknown,Deniro,Unknown,36
Deniro Florence - Florence / 38,Other / Unknown,Deniro,Unknown,38
Deniro Santorini - Santorini / 34,Other / Unknown,Deniro,Unknown,34
Deniro Mineral Green - Mineral Green / 40,Other / Unknown,Deniro,Unknown,40
Deniro Triomphe - 38,Other / Unknown,Deniro,Unknown,Unknown
Deniro Montreal - 30,Other / Unknown,Deniro,Unknown,Unknown
Deniro Linen Sky - 33,Other / Unknown,Deniro,Unknown,Unknown
Deniro Ink - Ink / 31,Other / Unknown,Deniro,Unknown,31
Deniro Brighton - 30,Other / Unknown,Deniro,Unknown,Unknown
Deniro Noir,Other / Unknown,Deniro,Unknown,Unknown
Deniro Linen Toffee - Toffee / 29,Other / Unknown,Deniro,Unknown,29
Deniro Asphalt - 33,Other / Unknown,Deniro,Unknown,Unknown
Deniro Linen Mint - Mint / 31,Other / Unknown,Deniro,Unknown,31
Deniro Pisa - 31,Other / Unknown,Deniro,Unknown,Unknown
Deniro Ink - 33 / Ink,Other / Unknown,Deniro,Unknown,Ink
Deniro Madrid - 36,Other / Unknown,Deniro,Unknown,Unknown
Deniro Ink - 34,Other / Unknown,Deniro,Unknown,Unknown
Deniro Malibu - Malibu / 31,Other / Unknown,Deniro,Unknown,31
Deniro Oxford - 30,Other / Unknown,Deniro,Unknown,Unknown
Deniro Montreal - Montreal / 32,Other / Unknown,Deniro,Unknown,32
Deniro St Barths - 33,Other / Unknown,Deniro,Unknown,Unknown
Deniro Noir - 31,Other / Unknown,Deniro,Unknown,Unknown
Deniro Noir - 36,Other / Unknown,Deniro,Unknown,Unknown
Deniro Linen Beige - Beige / 36,Other / Unknown,Deniro,Unknown,36
Deniro Malibu - 32,Other / Unknown,Deniro,Unknown,Unknown
Deniro Linen Sky - 34,Other / Unknown,Deniro,Unknown,Unknown
Deniro Triomphe - 36,Other / Unknown,Deniro,Unknown,Unknown
Deniro Ink - Ink / 36,Other / Unknown,Deniro,Unknown,36
Deniro Ink - 31,Other / Unknown,Deniro,Unknown,Unknown
Deniro Santorini - Santorini / 30,Other / Unknown,Deniro,Unknown,30
Deniro Linen Toffee - 40,Other / Unknown,Deniro,Unknown,Unknown
Deniro Linen Sky - 32,Other / Unknown,Deniro,Unknown,Unknown
Deniro Khaki - 33,Other / Unknown,Deniro,Unknown,Unknown
Deniro Blanc - Blanc / 38,Other / Unknown,Deniro,Unknown,38
Deniro Linen Mint - 28,Other / Unknown,Deniro,Unknown,Unknown
Deniro Aroura - 32,Other / Unknown,Deniro,Unknown,Unknown
Deniro Aberdeen - 32,Other / Unknown,Deniro,Unknown,Unknown
Deniso Marfa,Other / Unknown,Deniso,Unknown,Unknown
Deniso Marfa - 31,Other / Unknown,Deniso,Unknown,Unknown
Doyen MF Quotidien,Other / Unknown,Doyen,Unknown,Unknown
Doyen Stingray,Other / Unknown,Doyen,Unknown,Unknown
Eastwood Noir Suede,Other / Unknown,Eastwood,Unknown,Unknown
Eastwood Steel - Steel / M,Other / Unknown,Eastwood,Unknown,M
Eastwood Moon Rock - XXL,Other / Unknown,Eastwood,Unknown,Unknown
Eastwood Needle Cord Noir - Noir / L,Other / Unknown,Eastwood,Unknown,L
Eastwood Vintage Blanc - Suede Vintage Blanc / M,Other / Unknown,Eastwood,Unknown,M
Eastwood Needle Cord Saddle - Saddle / XXL,Other / Unknown,Eastwood,Unknown,XXL
Eastwood Oxblood,Other / Unknown,Eastwood,Unknown,Unknown
Eastwood Smokescreen,Other / Unknown,Eastwood,Unknown,Unknown
Eastwood Bone - S,Other / Unknown,Eastwood,Unknown,Unknown
Eastwood Noir Suede - XL,Other / Unknown,Eastwood,Unknown,Unknown
Eastwood Noir - M,Other / Unknown,Eastwood,Unknown,Unknown
Eastwood Summit - M,Other / Unknown,Eastwood,Unknown,Unknown
Eastwood Haze Bandana - M,Other / Unknown,Eastwood,Unknown,Unknown
Eastwood Bone - Bone / S,Other / Unknown,Eastwood,Unknown,S
Eastwood Needle Cord Saddle - Saddle / M,Other / Unknown,Eastwood,Unknown,M
Eastwood Needle Cord Noir - Noir / S,Other / Unknown,Eastwood,Unknown,S
Eastwood Tartan - Tartan / XL,Other / Unknown,Eastwood,Unknown,XL
Eastwood Moon Rock - S,Other / Unknown,Eastwood,Unknown,Unknown
Eastwood Haze Bandana - L,Other / Unknown,Eastwood,Unknown,Unknown
Eastwood Steel - Steel / XL,Other / Unknown,Eastwood,Unknown,XL
Eastwood Noir Suede - XXL,Other / Unknown,Eastwood,Unknown,Unknown
Eastwood Noir Suede - L,Other / Unknown,Eastwood,Unknown,Unknown
Eastwood Oxblood - S,Other / Unknown,Eastwood,Unknown,Unknown
Eastwood Haze Bandana - Haze Bandana / L,Other / Unknown,Eastwood,Unknown,L
Eastwood Khaki Suede - M / Color,Other / Unknown,Eastwood,Unknown,Color
Eastwood Needle Cord Plum - Plum / S,Other / Unknown,Eastwood,Unknown,S
Eastwood Navy - Navy / L,Other / Unknown,Eastwood,Unknown,L
Eastwood Oxblood - L,Other / Unknown,Eastwood,Unknown,Unknown
Eastwood Smokescreen - Smokescreen / L,Other / Unknown,Eastwood,Unknown,L
Eastwood Moon Rock - L,Other / Unknown,Eastwood,Unknown,Unknown
Eastwood Navy - Navy / S,Other / Unknown,Eastwood,Unknown,S
Eastwood Needle Cord Noir - Noir / M,Other / Unknown,Eastwood,Unknown,M
Eastwood Moon Rock - M,Other / Unknown,Eastwood,Unknown,Unknown
Eastwood Tartan - Tartan / S,Other / Unknown,Eastwood,Unknown,S
Eastwood Needle Cord Plum - Plum / XXL,Other / Unknown,Eastwood,Unknown,XXL
Eastwood Noir - XXL,Other / Unknown,Eastwood,Unknown,Unknown
Eastwood Khaki Suede - XXL / Color,Other / Unknown,Eastwood,Unknown,Color
Eastwood Khaki Suede - Color / S,Other / Unknown,Eastwood,Unknown,S
Eastwood Needle Cord Saddle,Other / Unknown,Eastwood,Unknown,Unknown
Eastwood Verdant - L,Other / Unknown,Eastwood,Unknown,Unknown
Eastwood Noir,Other / Unknown,Eastwood,Unknown,Unknown
Eastwood Needle Cord Plum - Plum / M,Other / Unknown,Eastwood,Unknown,M
Eastwood Summit - L,Other / Unknown,Eastwood,Unknown,Unknown
Eastwood Steel - Steel / XXL,Other / Unknown,Eastwood,Unknown,XXL
Eastwood Navy - Navy / XL,Other / Unknown,Eastwood,Unknown,XL
Eastwood Khaki Suede - Color / XL,Other / Unknown,Eastwood,Unknown,XL
Eastwood Steel - Steel / L,Other / Unknown,Eastwood,Unknown,L
Eastwood Khaki Suede - S,Other / Unknown,Eastwood,Unknown,Unknown
Eastwood Needle Cord Saddle - Saddle / L,Other / Unknown,Eastwood,Unknown,L
Eastwood Needle Cord Plum - Plum / XL,Other / Unknown,Eastwood,Unknown,XL
Eastwood Khaki Suede - L,Other / Unknown,Eastwood,Unknown,Unknown
Eastwood Vintage Blanc - Suede Vintage Blanc / XXL,Other / Unknown,Eastwood,Unknown,XXL
Eastwood Needle Cord Saddle - Saddle / XL,Other / Unknown,Eastwood,Unknown,XL
Eastwood Vintage Blanc - Suede Vintage Blanc / XL,Other / Unknown,Eastwood,Unknown,XL
Eastwood Khaki Suede - XXL,Other / Unknown,Eastwood,Unknown,Unknown
Eastwood Haze Bandana,Other / Unknown,Eastwood,Unknown,Unknown
Eastwood Haze Bandana - Haze Bandana / XS,Other / Unknown,Eastwood,Unknown,XS
Eastwood Oxblood - XL,Other / Unknown,Eastwood,Unknown,Unknown
Eastwood Bone - M,Other / Unknown,Eastwood,Unknown,Unknown
Eastwood Bone - Bone / XXL,Other / Unknown,Eastwood,Unknown,XXL
Eastwood Haze Bandana - Haze Bandana / XXL,Other / Unknown,Eastwood,Unknown,XXL
Eastwood Smokescreen - Smokescreen / S,Other / Unknown,Eastwood,Unknown,S
Eastwood Haze Bandana - Haze Bandana / XL,Other / Unknown,Eastwood,Unknown,XL
Eastwood Bone - Bone / XL,Other / Unknown,Eastwood,Unknown,XL
Eastwood Bone - Bone / L,Other / Unknown,Eastwood,Unknown,L
Eastwood Noir Suede - XXL / Noir Suede,Other / Unknown,Eastwood,Unknown,Noir Suede
Eastwood Smokescreen - Smokescreen / M,Other / Unknown,Eastwood,Unknown,M
Eastwood Needle Cord Noir,Other / Unknown,Eastwood,Unknown,Unknown
Eastwood Steel - Steel / S,Other / Unknown,Eastwood,Unknown,S
Eastwood Verdant,Other / Unknown,Eastwood,Unknown,Unknown
Eastwood Verdant - XL,Other / Unknown,Eastwood,Unknown,Unknown
Eastwood Khaki Suede,Other / Unknown,Eastwood,Unknown,Unknown
Eastwood Vintage Blanc - Suede Vintage Blanc / L,Other / Unknown,Eastwood,Unknown,L
Eastwood Tartan - Tartan / XXL,Other / Unknown,Eastwood,Unknown,XXL
Eastwood Moon Rock - XL,Other / Unknown,Eastwood,Unknown,Unknown
Eastwood Moon Rock,Other / Unknown,Eastwood,Unknown,Unknown
Eastwood Haze Bandana - Haze Bandana / S,Other / Unknown,Eastwood,Unknown,S
Eastwood Khaki Suede - M,Other / Unknown,Eastwood,Unknown,Unknown
Eastwood Tartan - Tartan / M,Other / Unknown,Eastwood,Unknown,M
Eastwood Summit - XL,Other / Unknown,Eastwood,Unknown,Unknown
Eastwood Needle Cord Saddle - Saddle / XS,Other / Unknown,Eastwood,Unknown,XS
Eastwood Summit - S,Other / Unknown,Eastwood,Unknown,Unknown
Eastwood Needle Cord Plum - Plum / L,Other / Unknown,Eastwood,Unknown,L
Eastwood Haze Bandana - S,Other / Unknown,Eastwood,Unknown,Unknown
Eastwood Smokescreen - Smokescreen / XL,Other / Unknown,Eastwood,Unknown,XL
Eastwood Verdant - S,Other / Unknown,Eastwood,Unknown,Unknown
Eastwood Bone - Bone / M,Other / Unknown,Eastwood,Unknown,M
Eastwood Khaki Suede - Color / XXL,Other / Unknown,Eastwood,Unknown,XXL
Eastwood Noir - L,Other / Unknown,Eastwood,Unknown,Unknown
Eastwood Needle Cord Saddle - Saddle / S,Other / Unknown,Eastwood,Unknown,S
Eastwood Verdant - XS,Other / Unknown,Eastwood,Unknown,Unknown
Eastwood Haze Bandana - XXL,Other / Unknown,Eastwood,Unknown,Unknown
Eastwood Bone - XS,Other / Unknown,Eastwood,Unknown,Unknown
Eastwood Noir - XS,Other / Unknown,Eastwood,Unknown,Unknown
Eastwood Bone - Bone / XS,Other / Unknown,Eastwood,Unknown,XS
Eastwood Noir Suede - S,Other / Unknown,Eastwood,Unknown,Unknown
Eastwood Oxblood - M,Other / Unknown,Eastwood,Unknown,Unknown
Eastwood Summit,Other / Unknown,Eastwood,Unknown,Unknown
Eastwood Noir Suede - M,Other / Unknown,Eastwood,Unknown,Unknown
Eastwood Summit - XS,Other / Unknown,Eastwood,Unknown,Unknown
Eastwood Needle Cord Noir - Noir / XXL,Other / Unknown,Eastwood,Unknown,XXL
Eastwood Verdant - M,Other / Unknown,Eastwood,Unknown,Unknown
Eastwood Moon Rock - XS,Other / Unknown,Eastwood,Unknown,Unknown
Eastwood Haze Bandana - XS,Other / Unknown,Eastwood,Unknown,Unknown
Eastwood Tartan - Tartan / L,Other / Unknown,Eastwood,Unknown,L
Eastwood Haze Bandana - XL,Other / Unknown,Eastwood,Unknown,Unknown
Eastwood Noir - S,Other / Unknown,Eastwood,Unknown,Unknown
Eastwood Noir - Noir / M,Other / Unknown,Eastwood,Unknown,M
Eastwood Vintage Blanc - Suede Vintage Blanc / S,Other / Unknown,Eastwood,Unknown,S
Eastwood Verdant - XXL,Other / Unknown,Eastwood,Unknown,Unknown
Eastwood Navy - Navy / M,Other / Unknown,Eastwood,Unknown,M
Eastwood Khaki Suede - Color / M,Other / Unknown,Eastwood,Unknown,M
Eastwood Haze Bandana - Haze Bandana / M,Other / Unknown,Eastwood,Unknown,M
Eastwood Noir - XL,Other / Unknown,Eastwood,Unknown,Unknown
FREIGHT,Other / Unknown,FREIGHT,Unknown,Unknown
Flynn San Vicente - San Vicente / M,Other / Unknown,Flynn,Unknown,M
Flynn San Vicente - San Vicente / S,Other / Unknown,Flynn,Unknown,S
Flynn San Vicente - S / San Vicente,Other / Unknown,Flynn,Unknown,San Vicente
Flynn San Vicente - L,Other / Unknown,Flynn,Unknown,Unknown
Flynn San Vicente - L / San Vicente,Other / Unknown,Flynn,Unknown,San Vicente
Flynn San Vicente - XXL,Other / Unknown,Flynn,Unknown,Unknown
Flynn San Vicente - XL,Other / Unknown,Flynn,Unknown,Unknown
Flynn San Vicente - M / San Vicente,Other / Unknown,Flynn,Unknown,San Vicente
Flynn San Vicente,Other / Unknown,Flynn,Unknown,Unknown
Flynn San Vicente - XL / San Vicente,Other / Unknown,Flynn,Unknown,San Vicente
Flynn San Vicente - San Vicente / XL,Other / Unknown,Flynn,Unknown,XL
Flynn San Vicente - M,Other / Unknown,Flynn,Unknown,Unknown
Flynn San Vicente - S,Other / Unknown,Flynn,Unknown,Unknown
Ford Noir,Other / Unknown,Ford,Unknown,Unknown
Ford Noir - XXL,Other / Unknown,Ford,Unknown,Unknown
Ford Blanc - Blanc / XS,Other / Unknown,Ford,Unknown,XS
Ford Noir - Noir / L,Other / Unknown,Ford,Unknown,L
Ford Noir - Noir / XL,Other / Unknown,Ford,Unknown,XL
Ford Noir - XL,Other / Unknown,Ford,Unknown,Unknown
Ford Noir - M,Other / Unknown,Ford,Unknown,Unknown
Ford Blanc - Blanc / L,Other / Unknown,Ford,Unknown,L
Ford Noir - Noir / XS,Other / Unknown,Ford,Unknown,XS
Ford Blanc - Blanc / XL,Other / Unknown,Ford,Unknown,XL
Ford Noir - L,Other / Unknown,Ford,Unknown,Unknown
Ford Noir - XS,Other / Unknown,Ford,Unknown,Unknown
Ford Noir - S,Other / Unknown,Ford,Unknown,Unknown
Ford Noir - Noir / M,Other / Unknown,Ford,Unknown,M
Ford Blanc - Blanc / M,Other / Unknown,Ford,Unknown,M
Ford Noir - Noir / S,Other / Unknown,Ford,Unknown,S
Ford Blanc - Blanc / S,Other / Unknown,Ford,Unknown,S
Free Unlimited Return  Valid in US. - $2.98,Other / Unknown,Free,Unknown,Unknown
Free Unlimited Return  Valid in US. - $6.98,Other / Unknown,Free,Unknown,Unknown
Free Unlimited Return  Valid in US. - $5.48,Other / Unknown,Free,Unknown,Unknown
Free Unlimited Return  Valid in US. - $8.48,Other / Unknown,Free,Unknown,Unknown
Free Unlimited Return  Valid in US. - $5.98,Other / Unknown,Free,Unknown,Unknown
Free Unlimited Return  Valid in US.,Other / Unknown,Free,Unknown,Unknown
Free Unlimited Return  Valid in US. - $4.48,Other / Unknown,Free,Unknown,Unknown
Free Unlimited Return  Valid in US. - $4.98,Other / Unknown,Free,Unknown,Unknown
Free Unlimited Return  Valid in US. - $7.98,Other / Unknown,Free,Unknown,Unknown
Free Unlimited Return  Valid in US. - $3.98,Other / Unknown,Free,Unknown,Unknown
Free Unlimited Return  Valid in US. - $6.48,Other / Unknown,Free,Unknown,Unknown
Free Unlimited Return  Valid in US. - $7.48,Other / Unknown,Free,Unknown,Unknown
Grant Beige - 28,Other / Unknown,Grant,Unknown,Unknown
Grant Noir,Other / Unknown,Grant,Unknown,Unknown
Grant Hail - 34,Other / Unknown,Grant,Unknown,Unknown
Grant Hail - 40,Other / Unknown,Grant,Unknown,Unknown
Grant Beige,Other / Unknown,Grant,Unknown,Unknown
Grant Beige - 36,Other / Unknown,Grant,Unknown,Unknown
Grant Hail - 30,Other / Unknown,Grant,Unknown,Unknown
Grant St Tropez - St Tropez / 31,Other / Unknown,Grant,Unknown,31
Grant Noir - Noir / 33,Other / Unknown,Grant,Unknown,33
Grant St Tropez - St Tropez / 30,Other / Unknown,Grant,Unknown,30
Grant Beige - Beige / 30,Other / Unknown,Grant,Unknown,30
Grant Hail - Hail / 34,Other / Unknown,Grant,Unknown,34
Grant Noir - 30,Other / Unknown,Grant,Unknown,Unknown
Grant Beige - 31,Other / Unknown,Grant,Unknown,Unknown
Grant Noir - 38,Other / Unknown,Grant,Unknown,Unknown
Grant Noir - Noir / 30,Other / Unknown,Grant,Unknown,30
Grant Beige - Beige / 34,Other / Unknown,Grant,Unknown,34
Grant Noir - Noir / 28,Other / Unknown,Grant,Unknown,28
Grant St Tropez - St Tropez / 33,Other / Unknown,Grant,Unknown,33
Grant St Tropez - St Tropez / 28,Other / Unknown,Grant,Unknown,28
Grant Beige - Beige / 29,Other / Unknown,Grant,Unknown,29
Grant Beige - 32,Other / Unknown,Grant,Unknown,Unknown
Grant St Tropez - St Tropez / 38,Other / Unknown,Grant,Unknown,38
Grant Noir - Noir / 29,Other / Unknown,Grant,Unknown,29
Grant Beige - Beige / 32,Other / Unknown,Grant,Unknown,32
Grant Hail - 36,Other / Unknown,Grant,Unknown,Unknown
Grant Hail - 32,Other / Unknown,Grant,Unknown,Unknown
Grant Noir - 28,Other / Unknown,Grant,Unknown,Unknown
Grant Hail - 31,Other / Unknown,Grant,Unknown,Unknown
Grant Noir - 31,Other / Unknown,Grant,Unknown,Unknown
Grant Noir - 40,Other / Unknown,Grant,Unknown,Unknown
Grant Hail - 38,Other / Unknown,Grant,Unknown,Unknown
Grant Hail - 28,Other / Unknown,Grant,Unknown,Unknown
Grant St Tropez,Other / Unknown,Grant,Unknown,Unknown
Grant St Tropez - St Tropez / 32,Other / Unknown,Grant,Unknown,32
Grant Beige - 34,Other / Unknown,Grant,Unknown,Unknown
Grant Beige - 40,Other / Unknown,Grant,Unknown,Unknown
Grant Noir - 29,Other / Unknown,Grant,Unknown,Unknown
Grant St Tropez - St Tropez / 29,Other / Unknown,Grant,Unknown,29
Grant Hail - Hail / 33,Other / Unknown,Grant,Unknown,33
Grant Noir - 33,Other / Unknown,Grant,Unknown,Unknown
Grant Noir - 34,Other / Unknown,Grant,Unknown,Unknown
Grant Beige - 33,Other / Unknown,Grant,Unknown,Unknown
Grant St Tropez - St Tropez / 36,Other / Unknown,Grant,Unknown,36
Grant Noir - 36,Other / Unknown,Grant,Unknown,Unknown
Grant Hail - 33,Other / Unknown,Grant,Unknown,Unknown
Grant Beige - 29,Other / Unknown,Grant,Unknown,Unknown
Grant Hail - 29,Other / Unknown,Grant,Unknown,Unknown
Grant St Tropez - St Tropez / 34,Other / Unknown,Grant,Unknown,34
Grant Noir - Noir / 36,Other / Unknown,Grant,Unknown,36
Grant Beige - Beige / 28,Other / Unknown,Grant,Unknown,28
Grant Beige - 30,Other / Unknown,Grant,Unknown,Unknown
Grant Beige - Beige / 33,Other / Unknown,Grant,Unknown,33
Grant Noir - 32,Other / Unknown,Grant,Unknown,Unknown
Grant Beige - 38,Other / Unknown,Grant,Unknown,Unknown
Grant Noir - Noir / 34,Other / Unknown,Grant,Unknown,34
Grant Noir - Noir / 31,Other / Unknown,Grant,Unknown,31
Grant St Tropez - St Tropez / 40,Other / Unknown,Grant,Unknown,40
Greyson Distressed Florence - Distressed Florence / 31,Other / Unknown,Greyson,Unknown,31
Greyson Memphis - 38,Other / Unknown,Greyson,Unknown,Unknown
Greyson Laguna - 33,Other / Unknown,Greyson,Unknown,Unknown
Greyson Dark Vintage - 31,Other / Unknown,Greyson,Unknown,Unknown
Greyson Distressed Dark Vintage - 30,Other / Unknown,Greyson,Unknown,Unknown
Greyson Soho Capri - Soho Capri / 28,Other / Unknown,Greyson,Unknown,28
Greyson Beverly Hills - 30,Other / Unknown,Greyson,Unknown,Unknown
Greyson Slash Rodium - Slash Rodium / 30,Other / Unknown,Greyson,Unknown,30
Greyson Sunset - Sunset / 34,Other / Unknown,Greyson,Unknown,34
Greyson Haze Bandana - 38,Other / Unknown,Greyson,Unknown,Unknown
Greyson Beverly Hills,Other / Unknown,Greyson,Unknown,Unknown
Greyson Golden Skyfall - 33,Other / Unknown,Greyson,Unknown,Unknown
Greyson Slash Soiree - 32,Other / Unknown,Greyson,Unknown,Unknown
Greyson Distressed Vintage Graphite - 31,Other / Unknown,Greyson,Unknown,Unknown
Greyson Destroyed Blanc - 33,Other / Unknown,Greyson,Unknown,Unknown
Greyson Noir - 34 / Noir,Other / Unknown,Greyson,Unknown,Noir
Greyson Distressed Stone - Distressed Stone / 38,Other / Unknown,Greyson,Unknown,38
Greyson Soho Noir - 30,Other / Unknown,Greyson,Unknown,Unknown
Greyson Distressed Blanc - Distressed Blanc / 31,Other / Unknown,Greyson,Unknown,31
Greyson Rouge - 29,Other / Unknown,Greyson,Unknown,Unknown
Greyson Destructed Marrakesh - Destructed Marrakesh / 29,Other / Unknown,Greyson,Unknown,29
Greyson Venice - Venice / 32,Other / Unknown,Greyson,Unknown,32
Greyson Distressed Bleeker - 38,Other / Unknown,Greyson,Unknown,Unknown
Greyson Antique Silver - 28,Other / Unknown,Greyson,Unknown,Unknown
Greyson Distressed Cannes - 38,Other / Unknown,Greyson,Unknown,Unknown
Greyson Electric Leopard - 31,Other / Unknown,Greyson,Unknown,Unknown
Greyson Dark Stone - 36,Other / Unknown,Greyson,Unknown,Unknown
Greyson Distressed Cheetah - 34,Other / Unknown,Greyson,Unknown,Unknown
Greyson Distressed Betis - Distressed Betis / 32,Other / Unknown,Greyson,Unknown,32
Greyson Distressed Noir - 38,Other / Unknown,Greyson,Unknown,Unknown
Greyson Blanc - 31,Other / Unknown,Greyson,Unknown,Unknown
Greyson Laguna,Other / Unknown,Greyson,Unknown,Unknown
Greyson Distressed Platinum - 38,Other / Unknown,Greyson,Unknown,Unknown
Greyson Dark Vintage - 32,Other / Unknown,Greyson,Unknown,Unknown
Greyson Rouge - Rouge / 38,Other / Unknown,Greyson,Unknown,38
Greyson Dubai - Dubai / 40,Other / Unknown,Greyson,Unknown,40
Greyson Distressed Blanc - Distressed Blanc / 36,Other / Unknown,Greyson,Unknown,36
Greyson Noir,Other / Unknown,Greyson,Unknown,Unknown
Greyson Noir Suede - 28,Other / Unknown,Greyson,Unknown,Unknown
Greyson Distressed Soho Hendrix - 30,Other / Unknown,Greyson,Unknown,Unknown
Greyson London - 33,Other / Unknown,Greyson,Unknown,Unknown
Greyson Oakland - 30 / Oakland,Other / Unknown,Greyson,Unknown,Oakland
Greyson Pluto Galaxy - 29,Other / Unknown,Greyson,Unknown,Unknown
Greyson Distressed Prague - 34,Other / Unknown,Greyson,Unknown,Unknown
Greyson Distressed Light Grey - Distressed Light Grey / 30,Other / Unknown,Greyson,Unknown,30
Greyson Oakland - 34,Other / Unknown,Greyson,Unknown,Unknown
Greyson Delhi - Delhi / 29,Other / Unknown,Greyson,Unknown,29
Greyson Distressed Stone - Distressed Stone / 36,Other / Unknown,Greyson,Unknown,36
Greyson Greencast - Greencast / 32,Other / Unknown,Greyson,Unknown,32
Greyson Distressed Oxford - 29,Other / Unknown,Greyson,Unknown,Unknown
Greyson Destroyed Blanc,Other / Unknown,Greyson,Unknown,Unknown
Greyson Distressed Platinum - 36,Other / Unknown,Greyson,Unknown,Unknown
Greyson Distressed Dark Vintage - Dark Vintage / 30,Other / Unknown,Greyson,Unknown,30
Greyson Aspen - 40,Other / Unknown,Greyson,Unknown,Unknown
Greyson Greencast - Greencast / 33,Other / Unknown,Greyson,Unknown,33
Greyson Toulouse - Toulouse / 36,Other / Unknown,Greyson,Unknown,36
Greyson Rivoli - Rivoli / 32,Other / Unknown,Greyson,Unknown,32
Greyson Destroyed Blanc - 28,Other / Unknown,Greyson,Unknown,Unknown
Greyson Soho Florence - 31,Other / Unknown,Greyson,Unknown,Unknown
Greyson Python - 29,Other / Unknown,Greyson,Unknown,Unknown
Greyson Aged Grey - 32,Other / Unknown,Greyson,Unknown,Unknown
Greyson Liquid Gold - 33,Other / Unknown,Greyson,Unknown,Unknown
Greyson Distressed Chelsea - 40,Other / Unknown,Greyson,Unknown,Unknown
Greyson Blanc Leopard - Blanc Leopard / 32,Other / Unknown,Greyson,Unknown,32
Greyson Silver Haze - 32,Other / Unknown,Greyson,Unknown,Unknown
Greyson Toulouse - 36 / Toulouse,Other / Unknown,Greyson,Unknown,Toulouse
Greyson Dk Vintage - Dark Vintage / 36,Other / Unknown,Greyson,Unknown,36
Greyson Mars Galaxy - Mars Galaxy / 29,Other / Unknown,Greyson,Unknown,29
Greyson Memphis - Memphis / 31,Other / Unknown,Greyson,Unknown,31
Greyson Distressed Florence - 30,Other / Unknown,Greyson,Unknown,Unknown
Greyson Ash - 29,Other / Unknown,Greyson,Unknown,Unknown
Greyson Vintage Blanc - 34,Other / Unknown,Greyson,Unknown,Unknown
Greyson Vintage Stone - 36,Other / Unknown,Greyson,Unknown,Unknown
Greyson Rodium - 40,Other / Unknown,Greyson,Unknown,Unknown
Greyson Haze Bandana - 31,Other / Unknown,Greyson,Unknown,Unknown
Greyson Slash Rodium - Slash Rodium / 40,Other / Unknown,Greyson,Unknown,40
Greyson Dubai - Dubai / 36,Other / Unknown,Greyson,Unknown,36
Greyson Golden Amazon - 40,Other / Unknown,Greyson,Unknown,Unknown
Greyson Distressed Light Grey - Distressed Light Grey / 40,Other / Unknown,Greyson,Unknown,40
Greyson Blanc Leopard - 34,Other / Unknown,Greyson,Unknown,Unknown
Greyson Distressed  Acid Noir - 31,Other / Unknown,Greyson,Unknown,Unknown
Greyson Soho Florence - Soho Florence / 30,Other / Unknown,Greyson,Unknown,30
Greyson Neon Fuschia - 28,Other / Unknown,Greyson,Unknown,Unknown
Greyson Haze Bandana - Haze Bandana / 28,Other / Unknown,Greyson,Unknown,28
Greyson Distressed Soho Lyon - 38,Other / Unknown,Greyson,Unknown,Unknown
Greyson Nile,Other / Unknown,Greyson,Unknown,Unknown
Greyson Golden Amazon,Other / Unknown,Greyson,Unknown,Unknown
Greyson Haze Bandana - 33,Other / Unknown,Greyson,Unknown,Unknown
Greyson Distressed Soho Lyon - Soho Lyon / 29,Other / Unknown,Greyson,Unknown,29
Greyson Haze Bandana - Haze Bandana / 38,Other / Unknown,Greyson,Unknown,38
Greyson Ink - 31,Other / Unknown,Greyson,Unknown,Unknown
Greyson Soho Florence - Soho Florence / 33,Other / Unknown,Greyson,Unknown,33
Greyson Florence - 33,Other / Unknown,Greyson,Unknown,Unknown
Greyson Electric Leopard - 33,Other / Unknown,Greyson,Unknown,Unknown
Greyson Florence - 36,Other / Unknown,Greyson,Unknown,Unknown
Greyson Suede Moss - 34,Other / Unknown,Greyson,Unknown,Unknown
Greyson Toulouse,Other / Unknown,Greyson,Unknown,Unknown
Greyson Soho Distressed Noir - 36,Other / Unknown,Greyson,Unknown,Unknown
Greyson Distressed Brooklyn - 32,Other / Unknown,Greyson,Unknown,Unknown
Greyson Dubai - Dubai / 34,Other / Unknown,Greyson,Unknown,34
Greyson Distressed Light Vintage - Distressed Light Vintage / 31,Other / Unknown,Greyson,Unknown,31
Greyson Distressed Bleeker - 29,Other / Unknown,Greyson,Unknown,Unknown
Greyson Blanc Leopard - Blanc Leopard / 36,Other / Unknown,Greyson,Unknown,36
Greyson Suede Moss - 40,Other / Unknown,Greyson,Unknown,Unknown
Greyson Distressed Vintage Graphite - 38,Other / Unknown,Greyson,Unknown,Unknown
Greyson Soho Distressed Noir - 34,Other / Unknown,Greyson,Unknown,Unknown
Greyson Distressed  Acid Noir - 29,Other / Unknown,Greyson,Unknown,Unknown
Greyson Distressed Ibiza - 33,Other / Unknown,Greyson,Unknown,Unknown
Greyson Vintage Blanc,Other / Unknown,Greyson,Unknown,Unknown
Greyson Rouge - Rouge / 32,Other / Unknown,Greyson,Unknown,32
Greyson Distressed Soho Lyon - 32,Other / Unknown,Greyson,Unknown,Unknown
Greyson Blanc Python - 33,Other / Unknown,Greyson,Unknown,Unknown
Greyson Distressed Sicily - 34,Other / Unknown,Greyson,Unknown,Unknown
Greyson Noir Suede - Noir Suede / 32,Other / Unknown,Greyson,Unknown,32
Greyson Golden Amazon - 33,Other / Unknown,Greyson,Unknown,Unknown
Greyson Soho Capri - 36,Other / Unknown,Greyson,Unknown,Unknown
Greyson Distressed Barcelona - 36,Other / Unknown,Greyson,Unknown,Unknown
Greyson Distressed  Acid Noir - 30,Other / Unknown,Greyson,Unknown,Unknown
Greyson Soho Sicily - 38,Other / Unknown,Greyson,Unknown,Unknown
Greyson Distressed Oxford - 36,Other / Unknown,Greyson,Unknown,Unknown
Greyson Blanc Leopard - Blanc Leopard / 33,Other / Unknown,Greyson,Unknown,33
Greyson Grenada - 34,Other / Unknown,Greyson,Unknown,Unknown
Greyson Distressed Soho Lyon - 28,Other / Unknown,Greyson,Unknown,Unknown
Greyson Grenada - Grenada / 36,Other / Unknown,Greyson,Unknown,36
Greyson Dk Vintage - Dark Vintage / 32,Other / Unknown,Greyson,Unknown,32
Greyson Rouge - 33,Other / Unknown,Greyson,Unknown,Unknown
Greyson Skyfall - Skyfall / 33,Other / Unknown,Greyson,Unknown,33
Greyson Soho Distressed Noir - 31,Other / Unknown,Greyson,Unknown,Unknown
Greyson Sorento - 40,Other / Unknown,Greyson,Unknown,Unknown
Greyson Skyfall - Skyfall / 32,Other / Unknown,Greyson,Unknown,32
Greyson Mars Galaxy - Mars Galaxy / 28,Other / Unknown,Greyson,Unknown,28
Greyson Soho Sicily - 31,Other / Unknown,Greyson,Unknown,Unknown
Greyson Aspen - 31,Other / Unknown,Greyson,Unknown,Unknown
Greyson Noir Leopard - 33,Other / Unknown,Greyson,Unknown,Unknown
Greyson Neon Green - Neon Green / 36,Other / Unknown,Greyson,Unknown,36
Greyson Distressed Stone - Distressed Stone / 32,Other / Unknown,Greyson,Unknown,32
Greyson Distressed Brooklyn - 34,Other / Unknown,Greyson,Unknown,Unknown
Greyson Distressed Soho Lyon - Soho Lyon / 30,Other / Unknown,Greyson,Unknown,30
Greyson Oakland - Oakland / 38,Other / Unknown,Greyson,Unknown,38
Greyson Soho Florence - Soho Florence / 29,Other / Unknown,Greyson,Unknown,29
Greyson Noir Suede - Noir Suede / 29,Other / Unknown,Greyson,Unknown,29
Greyson Sunset - 36,Other / Unknown,Greyson,Unknown,Unknown
Greyson Haze - 34,Other / Unknown,Greyson,Unknown,Unknown
Greyson Soho Noir - 32,Other / Unknown,Greyson,Unknown,Unknown
Greyson Noir - 30,Other / Unknown,Greyson,Unknown,Unknown
Greyson Distressed Capri - 34,Other / Unknown,Greyson,Unknown,Unknown
Greyson Distressed Chelsea - Chelsea / 36,Other / Unknown,Greyson,Unknown,36
Greyson Blanc Leopard - 30,Other / Unknown,Greyson,Unknown,Unknown
Greyson Distressed Cannes - Cannes / 31,Other / Unknown,Greyson,Unknown,31
Greyson Dark Vintage - 36,Other / Unknown,Greyson,Unknown,Unknown
Greyson Dark Stone - Dark Stone / 30,Other / Unknown,Greyson,Unknown,30
Greyson Distressed Sky - Distressed Sky / 31,Other / Unknown,Greyson,Unknown,31
Greyson Liquid Gold - 31,Other / Unknown,Greyson,Unknown,Unknown
Greyson Dark Vintage - Dark Vintage / 38,Other / Unknown,Greyson,Unknown,38
Greyson Distressed Dark Vintage - Dark Vintage / 33,Other / Unknown,Greyson,Unknown,33
Greyson Vintage Blanc - 36,Other / Unknown,Greyson,Unknown,Unknown
Greyson Memphis - Memphis / 32,Other / Unknown,Greyson,Unknown,32
Greyson Slash Soiree - 31,Other / Unknown,Greyson,Unknown,Unknown
Greyson Skyfall - 36,Other / Unknown,Greyson,Unknown,Unknown
Greyson Vintage - Dark Vintage / 32,Other / Unknown,Greyson,Unknown,32
Greyson Oakland - Oakland / 31,Other / Unknown,Greyson,Unknown,31
Greyson Aged Grey - 29,Other / Unknown,Greyson,Unknown,Unknown
Greyson Distressed Brooklyn - 30,Other / Unknown,Greyson,Unknown,Unknown
Greyson Distressed Soho Lyon - 34,Other / Unknown,Greyson,Unknown,Unknown
Greyson Distressed  Acid Noir - Distressed Acid Noir / 34,Other / Unknown,Greyson,Unknown,34
Greyson Delhi - Delhi / 38,Other / Unknown,Greyson,Unknown,38
Greyson Distressed Light Vintage - 36,Other / Unknown,Greyson,Unknown,Unknown
Greyson Distressed Brooklyn - Distressed Brooklyn / 29,Other / Unknown,Greyson,Unknown,29
Greyson Laguna - 29,Other / Unknown,Greyson,Unknown,Unknown
Greyson Neon Fuschia - 31,Other / Unknown,Greyson,Unknown,Unknown
Greyson Distressed Florence - 32,Other / Unknown,Greyson,Unknown,Unknown
Greyson Destructed Marrakesh - Destructed Marrakesh / 36,Other / Unknown,Greyson,Unknown,36
Greyson Distressed Blanc - Distressed Blanc / 32,Other / Unknown,Greyson,Unknown,32
Greyson Distressed Light Grey - Distressed Light Grey / 32,Other / Unknown,Greyson,Unknown,32
Greyson Rodium - 29,Other / Unknown,Greyson,Unknown,Unknown
Greyson Distressed Cannes - 32,Other / Unknown,Greyson,Unknown,Unknown
Greyson Golden Skyfall - Golden Skyfall / 28,Other / Unknown,Greyson,Unknown,28
Greyson Distressed Barcelona - 28,Other / Unknown,Greyson,Unknown,Unknown
Greyson Distressed Florence - 34,Other / Unknown,Greyson,Unknown,Unknown
Greyson Distressed Stone - 30,Other / Unknown,Greyson,Unknown,Unknown
Greyson Distressed Light Grey - Distressed Light Grey / 36,Other / Unknown,Greyson,Unknown,36
Greyson Distressed Brooklyn - Distressed Brooklyn / 31,Other / Unknown,Greyson,Unknown,31
Greyson Greencast - Greencast / 34,Other / Unknown,Greyson,Unknown,34
Greyson Antique Silver - 30,Other / Unknown,Greyson,Unknown,Unknown
Greyson Distressed Antique Gold - 32,Other / Unknown,Greyson,Unknown,Unknown
Greyson Distressed Capri - Distressed Capri / 28,Other / Unknown,Greyson,Unknown,28
Greyson Noir - 28 / Noir,Other / Unknown,Greyson,Unknown,Noir
Greyson Noir Tigre - 30,Other / Unknown,Greyson,Unknown,Unknown
Greyson Distressed  Acid Noir - 34,Other / Unknown,Greyson,Unknown,Unknown
Greyson Noir - Noir / 31,Other / Unknown,Greyson,Unknown,31
Greyson Dubai - Dubai / 32,Other / Unknown,Greyson,Unknown,32
Greyson Smoke - Smoke / 30,Other / Unknown,Greyson,Unknown,30
Greyson Venice - 31,Other / Unknown,Greyson,Unknown,Unknown
Greyson Distressed Blanc - Distressed Blanc / 38,Other / Unknown,Greyson,Unknown,38
Greyson Distressed Sky - Distressed Sky / 38,Other / Unknown,Greyson,Unknown,38
Greyson Dubai,Other / Unknown,Greyson,Unknown,Unknown
Greyson Vintage Blanc - 32,Other / Unknown,Greyson,Unknown,Unknown
Greyson Distressed Dark Vintage - 36,Other / Unknown,Greyson,Unknown,Unknown
Greyson Distressed Blanc - Distressed Blanc / 33,Other / Unknown,Greyson,Unknown,33
Greyson Blanc Python - 29,Other / Unknown,Greyson,Unknown,Unknown
Greyson Valencia - 32,Other / Unknown,Greyson,Unknown,Unknown
Greyson Dark Vintage - Dark Vintage / 32,Other / Unknown,Greyson,Unknown,32
Greyson Oakland - 38,Other / Unknown,Greyson,Unknown,Unknown
Greyson Noir Tigre - 38,Other / Unknown,Greyson,Unknown,Unknown
Greyson Delhi - Delhi / 34,Other / Unknown,Greyson,Unknown,34
Greyson Noir - 33 / Noir,Other / Unknown,Greyson,Unknown,Noir
Greyson Dk Vintage - Dark Vintage / 40,Other / Unknown,Greyson,Unknown,40
Greyson Laguna - 31,Other / Unknown,Greyson,Unknown,Unknown
Greyson Rivoli - Rivoli / 34,Other / Unknown,Greyson,Unknown,34
Greyson Aged Grey - 30,Other / Unknown,Greyson,Unknown,Unknown
Greyson Dk Vintage - 28,Other / Unknown,Greyson,Unknown,Unknown
Greyson Haze Bandana - Haze Bandana / 34,Other / Unknown,Greyson,Unknown,34
Greyson Distressed Noir - 28,Other / Unknown,Greyson,Unknown,Unknown
Greyson Grenada - Grenada / 40,Other / Unknown,Greyson,Unknown,40
Greyson Grenada - Grenada / 29,Other / Unknown,Greyson,Unknown,29
Greyson Distressed Vintage Graphite - Distressed Vintage Graphite / 28,Other / Unknown,Greyson,Unknown,28
Greyson Ash - 32,Other / Unknown,Greyson,Unknown,Unknown
Greyson Distressed Brooklyn - Distressed Brooklyn / 33,Other / Unknown,Greyson,Unknown,33
Greyson Aged Grey - 36,Other / Unknown,Greyson,Unknown,Unknown
Greyson Distressed Antique Gold - 38,Other / Unknown,Greyson,Unknown,Unknown
Greyson Distressed Blanc - Distressed Blanc / 34,Other / Unknown,Greyson,Unknown,34
Greyson Grenada - Grenada / 31,Other / Unknown,Greyson,Unknown,31
Greyson Tinted,Other / Unknown,Greyson,Unknown,Unknown
Greyson Amalfi - 36,Other / Unknown,Greyson,Unknown,Unknown
Greyson Dubai - 28,Other / Unknown,Greyson,Unknown,Unknown
Greyson Haze Bandana - Haze Bandana / 31,Other / Unknown,Greyson,Unknown,31
Greyson Haze Bandana - Haze Bandana / 32,Other / Unknown,Greyson,Unknown,32
Greyson Distressed Chelsea - 38,Other / Unknown,Greyson,Unknown,Unknown
Greyson Noir Leopard - 30,Other / Unknown,Greyson,Unknown,Unknown
Greyson Distressed Cannes - 34,Other / Unknown,Greyson,Unknown,Unknown
Greyson Distressed Cannes - Cannes / 38,Other / Unknown,Greyson,Unknown,38
Greyson Beverly Hills - Beverly hills / 38,Other / Unknown,Greyson,Unknown,38
Greyson Distressed Blanc - 31,Other / Unknown,Greyson,Unknown,Unknown
Greyson Montpellier - 30,Other / Unknown,Greyson,Unknown,Unknown
Greyson Soho Distressed Noir - 38,Other / Unknown,Greyson,Unknown,Unknown
Greyson Dk Vintage - Dark Vintage / 34,Other / Unknown,Greyson,Unknown,34
Greyson Soho Florence - Soho Florence / 34,Other / Unknown,Greyson,Unknown,34
Greyson Dark Stone - Dark Stone / 28,Other / Unknown,Greyson,Unknown,28
Greyson Mars Galaxy - 34,Other / Unknown,Greyson,Unknown,Unknown
Greyson Haze - 30,Other / Unknown,Greyson,Unknown,Unknown
Greyson Delhi - Delhi / 28,Other / Unknown,Greyson,Unknown,28
Greyson Neon Green - Neon Green / 33,Other / Unknown,Greyson,Unknown,33
Greyson Rouge - 28,Other / Unknown,Greyson,Unknown,Unknown
Greyson Slash Vintage - 28,Other / Unknown,Greyson,Unknown,Unknown
Greyson Neon Fuschia - 30,Other / Unknown,Greyson,Unknown,Unknown
Greyson Distressed Platinum - 28,Other / Unknown,Greyson,Unknown,Unknown
Greyson Leopard - 32,Other / Unknown,Greyson,Unknown,Unknown
Greyson Valencia - 33,Other / Unknown,Greyson,Unknown,Unknown
Greyson Suede Moss - 32,Other / Unknown,Greyson,Unknown,Unknown
Greyson Dark Stone - 28,Other / Unknown,Greyson,Unknown,Unknown
Greyson Distressed Vintage Graphite - 34,Other / Unknown,Greyson,Unknown,Unknown
Greyson Distressed Chelsea - Chelsea / 34,Other / Unknown,Greyson,Unknown,34
Greyson Distressed Storm - 31,Other / Unknown,Greyson,Unknown,Unknown
Greyson Distressed Florence - 36,Other / Unknown,Greyson,Unknown,Unknown
Greyson Slash Rodium - Slash Rodium / 36,Other / Unknown,Greyson,Unknown,36
Greyson Distressed Vintage Graphite - Distressed Vintage Graphite / 32,Other / Unknown,Greyson,Unknown,32
Greyson Valencia - 36,Other / Unknown,Greyson,Unknown,Unknown
Greyson Sorento - 33,Other / Unknown,Greyson,Unknown,Unknown
Greyson Soho Noir - 38,Other / Unknown,Greyson,Unknown,Unknown
Greyson Distressed Bleeker - 32,Other / Unknown,Greyson,Unknown,Unknown
Greyson Distressed Puglia - 29,Other / Unknown,Greyson,Unknown,Unknown
Greyson Haze - Haze / 28,Other / Unknown,Greyson,Unknown,28
Greyson Beverly Hills - Beverly hills / 34,Other / Unknown,Greyson,Unknown,34
Greyson Distressed Blanc - Distressed Blanc / 30,Other / Unknown,Greyson,Unknown,30
Greyson Golden Skyfall - 36,Other / Unknown,Greyson,Unknown,Unknown
Greyson Distressed Florence - Distressed Florence / 34,Other / Unknown,Greyson,Unknown,34
Greyson Florence - 34,Other / Unknown,Greyson,Unknown,Unknown
Greyson Slash Vintage - 29,Other / Unknown,Greyson,Unknown,Unknown
Greyson Distressed Soho Lyon - Soho Lyon / 33,Other / Unknown,Greyson,Unknown,33
Greyson Ink - 30,Other / Unknown,Greyson,Unknown,Unknown
Greyson Distressed Cheetah - 28,Other / Unknown,Greyson,Unknown,Unknown
Greyson Skyfall - Skyfall / 36,Other / Unknown,Greyson,Unknown,36
Greyson Golden Amazon - 31,Other / Unknown,Greyson,Unknown,Unknown
Greyson Destroyed Blanc - 30,Other / Unknown,Greyson,Unknown,Unknown
Greyson Slash Soiree - 34,Other / Unknown,Greyson,Unknown,Unknown
Greyson Vintage Stone - 28,Other / Unknown,Greyson,Unknown,Unknown
Greyson Blanc Leopard,Other / Unknown,Greyson,Unknown,Unknown
Greyson Distressed Light Grey - Distressed Light Grey / 34,Other / Unknown,Greyson,Unknown,34
Greyson Soho Capri - 29,Other / Unknown,Greyson,Unknown,Unknown
Greyson Neon Fuschia - 34,Other / Unknown,Greyson,Unknown,Unknown
Greyson Distressed Platinum - 33,Other / Unknown,Greyson,Unknown,Unknown
Greyson Toulouse - Toulouse / 32,Other / Unknown,Greyson,Unknown,32
Greyson Python - 33,Other / Unknown,Greyson,Unknown,Unknown
Greyson Toulouse - 38,Other / Unknown,Greyson,Unknown,Unknown
Greyson Skyfall - Skyfall / 40,Other / Unknown,Greyson,Unknown,40
Greyson Noir - 36,Other / Unknown,Greyson,Unknown,Unknown
Greyson Aspen - 38,Other / Unknown,Greyson,Unknown,Unknown
Greyson Pluto Galaxy - 31,Other / Unknown,Greyson,Unknown,Unknown
Greyson Distressed Sicily - 31,Other / Unknown,Greyson,Unknown,Unknown
Greyson Distressed Stone - 38,Other / Unknown,Greyson,Unknown,Unknown
Greyson Laguna - 36,Other / Unknown,Greyson,Unknown,Unknown
Greyson Noir Leopard - 31,Other / Unknown,Greyson,Unknown,Unknown
Greyson Memphis - Memphis / 28,Other / Unknown,Greyson,Unknown,28
Greyson Beverly Hills - 36,Other / Unknown,Greyson,Unknown,Unknown
Greyson Blanc - 30,Other / Unknown,Greyson,Unknown,Unknown
Greyson Skyfall - 28,Other / Unknown,Greyson,Unknown,Unknown
Greyson Dark Stone - Dark Stone / 33,Other / Unknown,Greyson,Unknown,33
Greyson Toulouse - 33,Other / Unknown,Greyson,Unknown,Unknown
Greyson Distressed Puglia - Distressed Puglia / 33,Other / Unknown,Greyson,Unknown,33
Greyson Noir Tigre - 33,Other / Unknown,Greyson,Unknown,Unknown
Greyson Blanc Leopard - Blanc Leopard / 34,Other / Unknown,Greyson,Unknown,34
Greyson Blanc Leopard - 38,Other / Unknown,Greyson,Unknown,Unknown
Greyson Haze Bandana - 29,Other / Unknown,Greyson,Unknown,Unknown
Greyson Antique Silver - Antique Silver / 31,Other / Unknown,Greyson,Unknown,31
Greyson Golden Skyfall - Golden Skyfall / 31,Other / Unknown,Greyson,Unknown,31
Greyson Silver Haze - 28,Other / Unknown,Greyson,Unknown,Unknown
Greyson Distressed Gris - 31,Other / Unknown,Greyson,Unknown,Unknown
Greyson Distressed Sicily - 38,Other / Unknown,Greyson,Unknown,Unknown
Greyson Venice - Venice / 36,Other / Unknown,Greyson,Unknown,36
Greyson Distressed Chelsea - Chelsea / 38,Other / Unknown,Greyson,Unknown,38
Greyson Amalfi - 30,Other / Unknown,Greyson,Unknown,Unknown
Greyson Distressed  Acid Noir - Distressed Acid Noir / 38,Other / Unknown,Greyson,Unknown,38
Greyson Oakland,Other / Unknown,Greyson,Unknown,Unknown
Greyson Distressed Bleeker - 28,Other / Unknown,Greyson,Unknown,Unknown
Greyson Slash Soiree - 29,Other / Unknown,Greyson,Unknown,Unknown
Greyson Vintage Stone - 33,Other / Unknown,Greyson,Unknown,Unknown
Greyson Distressed Sky - Distressed Sky / 34,Other / Unknown,Greyson,Unknown,34
Greyson Skyfall - Skyfall / 28,Other / Unknown,Greyson,Unknown,28
Greyson Distressed Stone - Distressed Stone / 33,Other / Unknown,Greyson,Unknown,33
Greyson Silver Haze - 29,Other / Unknown,Greyson,Unknown,Unknown
Greyson Montpellier - 40,Other / Unknown,Greyson,Unknown,Unknown
Greyson Distressed Capri - Distressed Capri / 31,Other / Unknown,Greyson,Unknown,31
Greyson Distressed Noir - 33,Other / Unknown,Greyson,Unknown,Unknown
Greyson Soho Sicily - 36,Other / Unknown,Greyson,Unknown,Unknown
Greyson Distressed Oxford - 38,Other / Unknown,Greyson,Unknown,Unknown
Greyson Vail - 29,Other / Unknown,Greyson,Unknown,Unknown
Greyson Blanc Leopard - 36,Other / Unknown,Greyson,Unknown,Unknown
Greyson Neon Green - Neon Green / 29,Other / Unknown,Greyson,Unknown,29
Greyson Greencast - Greencast / 38,Other / Unknown,Greyson,Unknown,38
Greyson Oakland - 29,Other / Unknown,Greyson,Unknown,Unknown
Greyson Distressed Light Vintage - Distressed Light Vintage / 28,Other / Unknown,Greyson,Unknown,28
Greyson Noir Leopard - 28,Other / Unknown,Greyson,Unknown,Unknown
Greyson London - 29,Other / Unknown,Greyson,Unknown,Unknown
Greyson Distressed Soho Lyon - Soho Lyon / 34,Other / Unknown,Greyson,Unknown,34
Greyson Vintage Stone - 34,Other / Unknown,Greyson,Unknown,Unknown
Greyson Rouge - Rouge / 30,Other / Unknown,Greyson,Unknown,30
Greyson Noir - 32,Other / Unknown,Greyson,Unknown,Unknown
Greyson Stone - 31,Other / Unknown,Greyson,Unknown,Unknown
Greyson Distressed Soho Hendrix - Soho Hendrix / 28,Other / Unknown,Greyson,Unknown,28
Greyson Distressed Barcelona - 30,Other / Unknown,Greyson,Unknown,Unknown
Greyson Distressed Betis - Distressed Betis / 34,Other / Unknown,Greyson,Unknown,34
Greyson Noir - Noir / 40,Other / Unknown,Greyson,Unknown,40
Greyson Ash - Ash / 29,Other / Unknown,Greyson,Unknown,29
Greyson Sunset - Sunset / 36,Other / Unknown,Greyson,Unknown,36
Greyson Distressed Light Vintage - 31,Other / Unknown,Greyson,Unknown,Unknown
Greyson Stone - 34,Other / Unknown,Greyson,Unknown,Unknown
Greyson Ash - 33,Other / Unknown,Greyson,Unknown,Unknown
Greyson Vintage Stone - 31,Other / Unknown,Greyson,Unknown,Unknown
Greyson Distressed Stone - 36,Other / Unknown,Greyson,Unknown,Unknown
Greyson Rouge - Rouge / 36,Other / Unknown,Greyson,Unknown,36
Greyson Rouge - Rouge / 31,Other / Unknown,Greyson,Unknown,31
Greyson Toulouse - 30,Other / Unknown,Greyson,Unknown,Unknown
Greyson Dubai - 31,Other / Unknown,Greyson,Unknown,Unknown
Greyson Soho Sicily - 30,Other / Unknown,Greyson,Unknown,Unknown
Greyson Memphis - 36,Other / Unknown,Greyson,Unknown,Unknown
Greyson Distressed Sky - Distressed Sky / 30,Other / Unknown,Greyson,Unknown,30
Greyson Golden Amazon - 34,Other / Unknown,Greyson,Unknown,Unknown
Greyson Distressed Vintage Graphite - 30,Other / Unknown,Greyson,Unknown,Unknown
Greyson Distressed Cannes - Cannes / 40,Other / Unknown,Greyson,Unknown,40
Greyson Toulouse - 28 / Toulouse,Other / Unknown,Greyson,Unknown,Toulouse
Greyson Beverly Hills - 31,Other / Unknown,Greyson,Unknown,Unknown
Greyson Blanc Python - 32,Other / Unknown,Greyson,Unknown,Unknown
Greyson Slash Rodium - Slash Rodium / 29,Other / Unknown,Greyson,Unknown,29
Greyson Destructed Marrakesh - Destructed Marrakesh / 33,Other / Unknown,Greyson,Unknown,33
Greyson Noir Leopard,Other / Unknown,Greyson,Unknown,Unknown
Greyson Noir Suede - 31,Other / Unknown,Greyson,Unknown,Unknown
Greyson Distressed  Acid Noir - Distressed Acid Noir / 30,Other / Unknown,Greyson,Unknown,30
Greyson Valencia - Valencia / 34,Other / Unknown,Greyson,Unknown,34
Greyson Toulouse - 40,Other / Unknown,Greyson,Unknown,Unknown
Greyson Soho Noir - 33,Other / Unknown,Greyson,Unknown,Unknown
Greyson Noir - 31,Other / Unknown,Greyson,Unknown,Unknown
Greyson Ink - 34,Other / Unknown,Greyson,Unknown,Unknown
Greyson Soho Distressed Noir - 32,Other / Unknown,Greyson,Unknown,Unknown
Greyson Silver Haze - 30,Other / Unknown,Greyson,Unknown,Unknown
Greyson Distressed Betis - Distressed Betis / 33,Other / Unknown,Greyson,Unknown,33
Greyson Aged Grey - 40,Other / Unknown,Greyson,Unknown,Unknown
Greyson Destructed Marrakesh - Destructed Marrakesh / 32,Other / Unknown,Greyson,Unknown,32
Greyson Zipped Dark Vintage - Dark Vintage / 31,Other / Unknown,Greyson,Unknown,31
Greyson Haze,Other / Unknown,Greyson,Unknown,Unknown
Greyson Valencia - 31,Other / Unknown,Greyson,Unknown,Unknown
Greyson Dark Stone - Dark Stone / 38,Other / Unknown,Greyson,Unknown,38
Greyson Smoke - Smoke / 33,Other / Unknown,Greyson,Unknown,33
Greyson Skyfall - 30,Other / Unknown,Greyson,Unknown,Unknown
Greyson Delhi - Delhi / 36,Other / Unknown,Greyson,Unknown,36
Greyson Toulouse - 36,Other / Unknown,Greyson,Unknown,Unknown
Greyson Dark Vintage - 34,Other / Unknown,Greyson,Unknown,Unknown
Greyson Dubai - 32,Other / Unknown,Greyson,Unknown,Unknown
Greyson Dubai - 29,Other / Unknown,Greyson,Unknown,Unknown
Greyson Blanc - 33,Other / Unknown,Greyson,Unknown,Unknown
Greyson Distressed Stone - Distressed Stone / 28,Other / Unknown,Greyson,Unknown,28
Greyson Distressed  Acid Noir - 33,Other / Unknown,Greyson,Unknown,Unknown
Greyson Destroyed Blanc - 31,Other / Unknown,Greyson,Unknown,Unknown
Greyson Distressed Prague - 33,Other / Unknown,Greyson,Unknown,Unknown
Greyson Destructed Marrakesh - Destructed Marrakesh / 31,Other / Unknown,Greyson,Unknown,31
Greyson Nile - 40,Other / Unknown,Greyson,Unknown,Unknown
Greyson Distressed Platinum - 29,Other / Unknown,Greyson,Unknown,Unknown
Greyson Distressed Chelsea - 32,Other / Unknown,Greyson,Unknown,Unknown
Greyson Slash Soiree - 40,Other / Unknown,Greyson,Unknown,Unknown
Greyson Dark Vintage + Zipper - Dark Vintage / 29,Other / Unknown,Greyson,Unknown,29
Greyson Distressed Cannes - Cannes / 36,Other / Unknown,Greyson,Unknown,36
Greyson Dk Vintage - Dark Vintage / 29,Other / Unknown,Greyson,Unknown,29
Greyson Distressed Bleeker - 34,Other / Unknown,Greyson,Unknown,Unknown
Greyson Montpellier - 32,Other / Unknown,Greyson,Unknown,Unknown
Greyson Distressed Ibiza - 38,Other / Unknown,Greyson,Unknown,Unknown
Greyson Destroyed Blanc - 36,Other / Unknown,Greyson,Unknown,Unknown
Greyson Electric Leopard - 29,Other / Unknown,Greyson,Unknown,Unknown
Greyson Florence,Other / Unknown,Greyson,Unknown,Unknown
Greyson Mars Galaxy - Mars Galaxy / 32,Other / Unknown,Greyson,Unknown,32
Greyson Skyfall - 31,Other / Unknown,Greyson,Unknown,Unknown
Greyson Aged Grey - 34,Other / Unknown,Greyson,Unknown,Unknown
Greyson Distressed Cheetah - 29,Other / Unknown,Greyson,Unknown,Unknown
Greyson Distressed  Acid Noir - Distressed Acid Noir / 28,Other / Unknown,Greyson,Unknown,28
Greyson Distressed Gris - 34,Other / Unknown,Greyson,Unknown,Unknown
Greyson Leopard - 36,Other / Unknown,Greyson,Unknown,Unknown
Greyson Venice - Venice / 38,Other / Unknown,Greyson,Unknown,38
Greyson Dubai - 33,Other / Unknown,Greyson,Unknown,Unknown
Greyson Rouge - 30,Other / Unknown,Greyson,Unknown,Unknown
Greyson Distressed Capri - 28,Other / Unknown,Greyson,Unknown,Unknown
Greyson Rivoli - Rivoli / 29,Other / Unknown,Greyson,Unknown,29
Greyson Liquid Gold - 32,Other / Unknown,Greyson,Unknown,Unknown
Greyson Suede Moss - 28,Other / Unknown,Greyson,Unknown,Unknown
Greyson Golden Skyfall - Golden Skyfall / 34,Other / Unknown,Greyson,Unknown,34
Greyson Rivoli - Rivoli / 38,Other / Unknown,Greyson,Unknown,38
Greyson Distressed Platinum - 30,Other / Unknown,Greyson,Unknown,Unknown
Greyson Distressed Dark Vintage - Dark Vintage / 32,Other / Unknown,Greyson,Unknown,32
Greyson Aged Grey - Aged Grey / 31,Other / Unknown,Greyson,Unknown,31
Greyson Distressed Soho Lyon - 33,Other / Unknown,Greyson,Unknown,Unknown
Greyson Distressed Capri - Distressed Capri / 29,Other / Unknown,Greyson,Unknown,29
Greyson Dubai - 38,Other / Unknown,Greyson,Unknown,Unknown
Greyson Skyfall - Skyfall / 34,Other / Unknown,Greyson,Unknown,34
Greyson Distressed Vintage Graphite - 28,Other / Unknown,Greyson,Unknown,Unknown
Greyson Soho Noir - 36,Other / Unknown,Greyson,Unknown,Unknown
Greyson Vintage Stone - 30,Other / Unknown,Greyson,Unknown,Unknown
Greyson Soho Capri - 33,Other / Unknown,Greyson,Unknown,Unknown
Greyson Vail - 34,Other / Unknown,Greyson,Unknown,Unknown
Greyson Golden Skyfall - Golden Skyfall / 33,Other / Unknown,Greyson,Unknown,33
Greyson Distressed Florence - Distressed Florence / 29,Other / Unknown,Greyson,Unknown,29
Greyson Distressed Blanc - 33,Other / Unknown,Greyson,Unknown,Unknown
Greyson Distressed Stone - Distressed Stone / 30,Other / Unknown,Greyson,Unknown,30
Greyson Distressed Cannes - 36,Other / Unknown,Greyson,Unknown,Unknown
Greyson Memphis - 28,Other / Unknown,Greyson,Unknown,Unknown
Greyson Distressed Light Grey - Distressed Light Grey / 33,Other / Unknown,Greyson,Unknown,33
Greyson Blanco - 31,Other / Unknown,Greyson,Unknown,Unknown
Greyson Distressed Vintage Graphite - Distressed Vintage Graphite / 34,Other / Unknown,Greyson,Unknown,34
Greyson Distressed Barcelona - 33,Other / Unknown,Greyson,Unknown,Unknown
Greyson Noir Leopard - 32,Other / Unknown,Greyson,Unknown,Unknown
Greyson Distressed Vintage Graphite - Distressed Vintage Graphite / 31,Other / Unknown,Greyson,Unknown,31
Greyson Ink - 32,Other / Unknown,Greyson,Unknown,Unknown
Greyson Neon Fuschia - Neon Fuschia / 31,Other / Unknown,Greyson,Unknown,31
Greyson Blanc Leopard - Blanc Leopard / 40,Other / Unknown,Greyson,Unknown,40
Greyson Ash - 30,Other / Unknown,Greyson,Unknown,Unknown
Greyson Neon Fuschia - Neon Fuschia / 40,Other / Unknown,Greyson,Unknown,40
Greyson Distressed Sicily - 33,Other / Unknown,Greyson,Unknown,Unknown
Greyson Neon Fuschia - Neon Fuschia / 36,Other / Unknown,Greyson,Unknown,36
Greyson Smoke - Smoke / 32,Other / Unknown,Greyson,Unknown,32
Greyson Slash Soiree - 28,Other / Unknown,Greyson,Unknown,Unknown
Greyson Noir - Noir / 29,Other / Unknown,Greyson,Unknown,29
Greyson Suede Moss - 31,Other / Unknown,Greyson,Unknown,Unknown
Greyson Slash Rodium - Slash Rodium / 33,Other / Unknown,Greyson,Unknown,33
Greyson Venice - 29,Other / Unknown,Greyson,Unknown,Unknown
Greyson Vail - 28,Other / Unknown,Greyson,Unknown,Unknown
Greyson Slash Soiree - 33,Other / Unknown,Greyson,Unknown,Unknown
Greyson Dubai - Dubai / 29,Other / Unknown,Greyson,Unknown,29
Greyson Distressed Puglia - 38,Other / Unknown,Greyson,Unknown,Unknown
Greyson Beverly Hills - 28,Other / Unknown,Greyson,Unknown,Unknown
Greyson Memphis - 29,Other / Unknown,Greyson,Unknown,Unknown
Greyson Noir Suede - 38,Other / Unknown,Greyson,Unknown,Unknown
Greyson Noir - Noir / 34,Other / Unknown,Greyson,Unknown,34
Greyson Distressed Cheetah - 32,Other / Unknown,Greyson,Unknown,Unknown
Greyson Distressed Soho Hendrix - 34,Other / Unknown,Greyson,Unknown,Unknown
Greyson Rouge - Rouge / 29,Other / Unknown,Greyson,Unknown,29
Greyson Distressed Antique Gold - 40,Other / Unknown,Greyson,Unknown,Unknown
Greyson Nile - 32,Other / Unknown,Greyson,Unknown,Unknown
Greyson Distressed Capri - 31,Other / Unknown,Greyson,Unknown,Unknown
Greyson Noir - 36 / Noir,Other / Unknown,Greyson,Unknown,Noir
Greyson Distressed Soho Hendrix - 28,Other / Unknown,Greyson,Unknown,Unknown
Greyson Haze - 31,Other / Unknown,Greyson,Unknown,Unknown
Greyson Rodium - 30,Other / Unknown,Greyson,Unknown,Unknown
Greyson Skyfall - Skyfall / 29,Other / Unknown,Greyson,Unknown,29
Greyson Toulouse - Toulouse / 38,Other / Unknown,Greyson,Unknown,38
Greyson Distressed Capri - 32,Other / Unknown,Greyson,Unknown,Unknown
Greyson Distressed Sky - Distressed Sky / 33,Other / Unknown,Greyson,Unknown,33
Greyson Neon Green,Other / Unknown,Greyson,Unknown,Unknown
Greyson Noir - 32 / Noir,Other / Unknown,Greyson,Unknown,Noir
Greyson Oakland - Oakland / 30,Other / Unknown,Greyson,Unknown,30
Greyson Haze Bandana - Haze Bandana / 30,Other / Unknown,Greyson,Unknown,30
Greyson Distressed Prague - 28,Other / Unknown,Greyson,Unknown,Unknown
Greyson Soho Distressed Noir - 28,Other / Unknown,Greyson,Unknown,Unknown
Greyson Vintage Blanc - 31,Other / Unknown,Greyson,Unknown,Unknown
Greyson Distressed Betis - Distressed Betis / 29,Other / Unknown,Greyson,Unknown,29
Greyson Smoke - Smoke / 34,Other / Unknown,Greyson,Unknown,34
Greyson Rivoli - Rivoli / 31,Other / Unknown,Greyson,Unknown,31
Greyson Neon Green - Neon Green / 30,Other / Unknown,Greyson,Unknown,30
Greyson Distressed Betis - Distressed Betis / 30,Other / Unknown,Greyson,Unknown,30
Greyson Destroyed Blanc - 29,Other / Unknown,Greyson,Unknown,Unknown
Greyson Beverly Hills - Beverly hills / 40,Other / Unknown,Greyson,Unknown,40
Greyson Toulouse - Toulouse / 28,Other / Unknown,Greyson,Unknown,28
Greyson Distressed Light Grey - Distressed Light Grey / 38,Other / Unknown,Greyson,Unknown,38
Greyson Aspen - 36,Other / Unknown,Greyson,Unknown,Unknown
Greyson Smoke - Smoke / 36,Other / Unknown,Greyson,Unknown,36
Greyson Distressed Vintage Graphite - 40,Other / Unknown,Greyson,Unknown,Unknown
Greyson Distressed Oxford - 40,Other / Unknown,Greyson,Unknown,Unknown
Greyson Distressed Noir - 34,Other / Unknown,Greyson,Unknown,Unknown
Greyson Distressed Barcelona - 31,Other / Unknown,Greyson,Unknown,Unknown
Greyson Dk Vintage - Dark Vintage / 28,Other / Unknown,Greyson,Unknown,28
Greyson Silver Haze - 34,Other / Unknown,Greyson,Unknown,Unknown
Greyson Antique Silver - Antique Silver / 28,Other / Unknown,Greyson,Unknown,28
Greyson Distressed Sicily - Distressed Sicily / 28,Other / Unknown,Greyson,Unknown,28
Greyson Grenada - 33,Other / Unknown,Greyson,Unknown,Unknown
Greyson Leopard - 33,Other / Unknown,Greyson,Unknown,Unknown
Greyson Distressed Ibiza - 30,Other / Unknown,Greyson,Unknown,Unknown
Greyson Golden Skyfall - Golden Skyfall / 36,Other / Unknown,Greyson,Unknown,36
Greyson Blanc Leopard - Blanc Leopard / 31,Other / Unknown,Greyson,Unknown,31
Greyson Distressed Light Vintage - 30,Other / Unknown,Greyson,Unknown,Unknown
Greyson Blanc,Other / Unknown,Greyson,Unknown,Unknown
Greyson Distressed Stone - Distressed Stone / 29,Other / Unknown,Greyson,Unknown,29
Greyson Distressed Gris - 36,Other / Unknown,Greyson,Unknown,Unknown
Greyson Distressed  Acid Noir - Distressed Acid Noir / 32,Other / Unknown,Greyson,Unknown,32
Greyson Golden Amazon - 32,Other / Unknown,Greyson,Unknown,Unknown
Greyson Laguna - 38,Other / Unknown,Greyson,Unknown,Unknown
Greyson Soho Florence - 28,Other / Unknown,Greyson,Unknown,Unknown
Greyson Python - 32,Other / Unknown,Greyson,Unknown,Unknown
Greyson Venice - Venice / 34,Other / Unknown,Greyson,Unknown,34
Greyson Distressed Cannes - 33,Other / Unknown,Greyson,Unknown,Unknown
Greyson Distressed Soho Lyon - 40,Other / Unknown,Greyson,Unknown,Unknown
Greyson Blanc Python - 36,Other / Unknown,Greyson,Unknown,Unknown
Greyson Distressed Bleeker - 31,Other / Unknown,Greyson,Unknown,Unknown
Greyson Venice - Venice / 31,Other / Unknown,Greyson,Unknown,31
Greyson Distressed Light Grey - Distressed Light Grey / 28,Other / Unknown,Greyson,Unknown,28
Greyson Distressed Soho Hendrix - 38,Other / Unknown,Greyson,Unknown,Unknown
Greyson Aged Grey - Aged Grey / 30,Other / Unknown,Greyson,Unknown,30
Greyson Noir - 33,Other / Unknown,Greyson,Unknown,Unknown
Greyson Distressed  Acid Noir - 28,Other / Unknown,Greyson,Unknown,Unknown
Greyson Toulouse - 34,Other / Unknown,Greyson,Unknown,Unknown
Greyson Distressed Cheetah - 36,Other / Unknown,Greyson,Unknown,Unknown
Greyson Golden Skyfall - 38,Other / Unknown,Greyson,Unknown,Unknown
Greyson Haze Bandana - Haze Bandana / 29,Other / Unknown,Greyson,Unknown,29
Greyson Skyfall - Skyfall / 38,Other / Unknown,Greyson,Unknown,38
Greyson Oakland - 28,Other / Unknown,Greyson,Unknown,Unknown
Greyson Haze Bandana - Haze Bandana / 36,Other / Unknown,Greyson,Unknown,36
Greyson Noir Suede - Noir Suede / 34,Other / Unknown,Greyson,Unknown,34
Greyson Dark Vintage - Dark Vintage / 30,Other / Unknown,Greyson,Unknown,30
Greyson Rodium - 32,Other / Unknown,Greyson,Unknown,Unknown
Greyson Distressed Soho Hendrix - Soho Hendrix / 31,Other / Unknown,Greyson,Unknown,31
Greyson Slash Rodium - Slash Rodium / 31,Other / Unknown,Greyson,Unknown,31
Greyson Silver Haze - 36,Other / Unknown,Greyson,Unknown,Unknown
Greyson Sorento - 30,Other / Unknown,Greyson,Unknown,Unknown
Greyson Ash - Ash / 32,Other / Unknown,Greyson,Unknown,32
Greyson Toulouse - 32,Other / Unknown,Greyson,Unknown,Unknown
Greyson Soho Florence - 38,Other / Unknown,Greyson,Unknown,Unknown
Greyson Blanc - 38,Other / Unknown,Greyson,Unknown,Unknown
Greyson London - 28,Other / Unknown,Greyson,Unknown,Unknown
Greyson Neon Fuschia - Neon Fuschia / 29,Other / Unknown,Greyson,Unknown,29
Greyson Dark Vintage,Other / Unknown,Greyson,Unknown,Unknown
Greyson Distressed Antique Gold - 33,Other / Unknown,Greyson,Unknown,Unknown
Greyson Neon Fuschia - 36,Other / Unknown,Greyson,Unknown,Unknown
Greyson Montpellier - 29,Other / Unknown,Greyson,Unknown,Unknown
Greyson Distressed Sicily - Distressed Sicily / 31,Other / Unknown,Greyson,Unknown,31
Greyson Oakland - Oakland / 29,Other / Unknown,Greyson,Unknown,29
Greyson Haze Bandana - 40,Other / Unknown,Greyson,Unknown,Unknown
Greyson Rodium - 36,Other / Unknown,Greyson,Unknown,Unknown
Greyson Dubai - 30,Other / Unknown,Greyson,Unknown,Unknown
Greyson Blanc - 36,Other / Unknown,Greyson,Unknown,Unknown
Greyson Aspen - 29,Other / Unknown,Greyson,Unknown,Unknown
Greyson Nile - 30,Other / Unknown,Greyson,Unknown,Unknown
Greyson Dubai - 36,Other / Unknown,Greyson,Unknown,Unknown
Greyson Dk Vintage - 32,Other / Unknown,Greyson,Unknown,Unknown
Greyson Distressed Brooklyn - Distressed Brooklyn / 32,Other / Unknown,Greyson,Unknown,32
Greyson Haze - Haze / 36,Other / Unknown,Greyson,Unknown,36
Greyson Aged Grey - Aged Grey / 28,Other / Unknown,Greyson,Unknown,28
Greyson Soho Florence - Soho Florence / 32,Other / Unknown,Greyson,Unknown,32
Greyson Noir Tigre - 32,Other / Unknown,Greyson,Unknown,Unknown
Greyson Blanc Leopard - 32,Other / Unknown,Greyson,Unknown,Unknown
Greyson Distressed Ibiza - 28,Other / Unknown,Greyson,Unknown,Unknown
Greyson Rouge - 36,Other / Unknown,Greyson,Unknown,Unknown
Greyson Electric Leopard - 36,Other / Unknown,Greyson,Unknown,Unknown
Greyson Sunset - 32,Other / Unknown,Greyson,Unknown,Unknown
Greyson Memphis - Memphis / 30,Other / Unknown,Greyson,Unknown,30
Greyson Destructed Marrakesh - Destructed Marrakesh / 30,Other / Unknown,Greyson,Unknown,30
Greyson Antique Silver - 34,Other / Unknown,Greyson,Unknown,Unknown
Greyson Haze - 36,Other / Unknown,Greyson,Unknown,Unknown
Greyson Dark Vintage - Dark Vintage / 29,Other / Unknown,Greyson,Unknown,29
Greyson Dark Vintage - Dark Vintage / 28,Other / Unknown,Greyson,Unknown,28
Greyson Beverly Hills - Beverly hills / 30,Other / Unknown,Greyson,Unknown,30
Greyson Dark Stone - Dark Stone / 31,Other / Unknown,Greyson,Unknown,31
Greyson Soho Florence - 33,Other / Unknown,Greyson,Unknown,Unknown
Greyson Delhi - Delhi / 32,Other / Unknown,Greyson,Unknown,32
Greyson London - 36,Other / Unknown,Greyson,Unknown,Unknown
Greyson Silver Haze - 31,Other / Unknown,Greyson,Unknown,Unknown
Greyson Ash - 31,Other / Unknown,Greyson,Unknown,Unknown
Greyson Dark Stone - Dark Stone / 36,Other / Unknown,Greyson,Unknown,36
Greyson Distressed Light Vintage - Distressed Light Vintage / 30,Other / Unknown,Greyson,Unknown,30
Greyson Aged Grey - Aged Grey / 36,Other / Unknown,Greyson,Unknown,36
Greyson Distressed Capri - 33,Other / Unknown,Greyson,Unknown,Unknown
Greyson Destructed Marrakesh - Destructed Marrakesh / 28,Other / Unknown,Greyson,Unknown,28
Greyson Noir Tigre - 28,Other / Unknown,Greyson,Unknown,Unknown
Greyson Greencast - Greencast / 30,Other / Unknown,Greyson,Unknown,30
Greyson Destructed Marrakesh - Destructed Marrakesh / 38,Other / Unknown,Greyson,Unknown,38
Greyson Distressed Antique Gold - 30,Other / Unknown,Greyson,Unknown,Unknown
Greyson Beverly Hills - 40,Other / Unknown,Greyson,Unknown,Unknown
Greyson Sorento - 34,Other / Unknown,Greyson,Unknown,Unknown
Greyson Distressed Light Vintage - 28,Other / Unknown,Greyson,Unknown,Unknown
Greyson Noir Tigre - 29,Other / Unknown,Greyson,Unknown,Unknown
Greyson Dark Vintage - Dark Vintage / 34,Other / Unknown,Greyson,Unknown,34
Greyson Distressed Blanc - 30,Other / Unknown,Greyson,Unknown,Unknown
Greyson Destroyed Blanc - 38,Other / Unknown,Greyson,Unknown,Unknown
Greyson Dark Vintage - 30,Other / Unknown,Greyson,Unknown,Unknown
Greyson Dubai - 40,Other / Unknown,Greyson,Unknown,Unknown
Greyson Neon Green - Neon Green / 42,Other / Unknown,Greyson,Unknown,42
Greyson Distressed Prague - 31,Other / Unknown,Greyson,Unknown,Unknown
Greyson Noir - 34,Other / Unknown,Greyson,Unknown,Unknown
Greyson Noir Leopard - 34,Other / Unknown,Greyson,Unknown,Unknown
Greyson Distressed Chelsea - Chelsea / 40,Other / Unknown,Greyson,Unknown,40
Greyson Blanco,Other / Unknown,Greyson,Unknown,Unknown
Greyson Amalfi - 31,Other / Unknown,Greyson,Unknown,Unknown
Greyson Amalfi - 38,Other / Unknown,Greyson,Unknown,Unknown
Greyson Distressed Stone - 28,Other / Unknown,Greyson,Unknown,Unknown
Greyson Ash - Ash / 28,Other / Unknown,Greyson,Unknown,28
Greyson Distressed Soho Hendrix - 33,Other / Unknown,Greyson,Unknown,Unknown
Greyson Mars Galaxy - 31,Other / Unknown,Greyson,Unknown,Unknown
Greyson Distressed Bleeker - 33,Other / Unknown,Greyson,Unknown,Unknown
Greyson Delhi - Delhi / 40,Other / Unknown,Greyson,Unknown,40
Greyson Ash - 40,Other / Unknown,Greyson,Unknown,Unknown
Greyson Neon Fuschia - 38,Other / Unknown,Greyson,Unknown,Unknown
Greyson Florence - 38,Other / Unknown,Greyson,Unknown,Unknown
Greyson Golden Amazon - 38,Other / Unknown,Greyson,Unknown,Unknown
Greyson Distressed Oxford - 32,Other / Unknown,Greyson,Unknown,Unknown
Greyson Distressed Capri - 29,Other / Unknown,Greyson,Unknown,Unknown
Greyson Vail - 30,Other / Unknown,Greyson,Unknown,Unknown
Greyson Distressed Light Grey - Distressed Light Grey / 31,Other / Unknown,Greyson,Unknown,31
Greyson Florence - 28,Other / Unknown,Greyson,Unknown,Unknown
Greyson Vintage Stone - 38,Other / Unknown,Greyson,Unknown,Unknown
Greyson Python - Python / 28,Other / Unknown,Greyson,Unknown,28
Greyson Neon Fuschia - Neon Fuschia / 33,Other / Unknown,Greyson,Unknown,33
Greyson Dark Vintage - 28,Other / Unknown,Greyson,Unknown,Unknown
Greyson Distressed Puglia - Distressed Puglia / 28,Other / Unknown,Greyson,Unknown,28
Greyson Antique Silver - 38,Other / Unknown,Greyson,Unknown,Unknown
Greyson Noir - Noir / 30,Other / Unknown,Greyson,Unknown,30
Greyson Golden Skyfall - Golden Skyfall / 32,Other / Unknown,Greyson,Unknown,32
Greyson Slash Vintage - 33,Other / Unknown,Greyson,Unknown,Unknown
Greyson Toulouse - 28,Other / Unknown,Greyson,Unknown,Unknown
Greyson Rodium - 31,Other / Unknown,Greyson,Unknown,Unknown
Greyson Ash,Other / Unknown,Greyson,Unknown,Unknown
Greyson Distressed Light Grey - Distressed Light Grey / 29,Other / Unknown,Greyson,Unknown,29
Greyson Vintage - Dark Vintage / 31,Other / Unknown,Greyson,Unknown,31
Greyson Distressed Chelsea - 31,Other / Unknown,Greyson,Unknown,Unknown
Greyson Noir - 40,Other / Unknown,Greyson,Unknown,Unknown
Greyson Slash Vintage - 31,Other / Unknown,Greyson,Unknown,Unknown
Greyson Slash Vintage - 30,Other / Unknown,Greyson,Unknown,Unknown
Greyson Nile - Nile / 28,Other / Unknown,Greyson,Unknown,28
Greyson Blanc Leopard - Blanc Leopard / 28,Other / Unknown,Greyson,Unknown,28
Greyson Golden Amazon - 30,Other / Unknown,Greyson,Unknown,Unknown
Greyson Aspen - 30,Other / Unknown,Greyson,Unknown,Unknown
Greyson Grenada - Grenada / 33,Other / Unknown,Greyson,Unknown,33
Greyson Noir - 38,Other / Unknown,Greyson,Unknown,Unknown
Greyson Blanc - 32,Other / Unknown,Greyson,Unknown,Unknown
Greyson Noir Leopard - 38,Other / Unknown,Greyson,Unknown,Unknown
Greyson Ash - Ash / 38,Other / Unknown,Greyson,Unknown,38
Greyson London - 31,Other / Unknown,Greyson,Unknown,Unknown
Greyson Haze - 32,Other / Unknown,Greyson,Unknown,Unknown
Greyson Beverly Hills - Beverly hills / 33,Other / Unknown,Greyson,Unknown,33
Greyson Haze - Haze / 38,Other / Unknown,Greyson,Unknown,38
Greyson Distressed Soho Hendrix - 36,Other / Unknown,Greyson,Unknown,Unknown
Greyson Dubai - Dubai / 38,Other / Unknown,Greyson,Unknown,38
Greyson Dark Vintage - Dark Vintage / 31,Other / Unknown,Greyson,Unknown,31
Greyson Distressed Florence - 28,Other / Unknown,Greyson,Unknown,Unknown
Greyson Blanc Leopard - Blanc Leopard / 30,Other / Unknown,Greyson,Unknown,30
Greyson Slash Rodium - Slash Rodium / 38,Other / Unknown,Greyson,Unknown,38
Greyson Grenada - Grenada / 32,Other / Unknown,Greyson,Unknown,32
Greyson Haze Bandana - 28,Other / Unknown,Greyson,Unknown,Unknown
Greyson Distressed Cannes - Cannes / 34,Other / Unknown,Greyson,Unknown,34
Greyson Memphis - 31,Other / Unknown,Greyson,Unknown,Unknown
Greyson Grenada - Grenada / 34,Other / Unknown,Greyson,Unknown,34
Greyson Distressed Chelsea - 28,Other / Unknown,Greyson,Unknown,Unknown
Greyson Distressed Light Vintage - 38,Other / Unknown,Greyson,Unknown,Unknown
Greyson Ash - Ash / 33,Other / Unknown,Greyson,Unknown,33
Greyson Distressed Puglia - Distressed Puglia / 32,Other / Unknown,Greyson,Unknown,32
Greyson Vintage Stone - Vintage Stone / 32,Other / Unknown,Greyson,Unknown,32
Greyson Topanga - 33,Other / Unknown,Greyson,Unknown,Unknown
Greyson Liquid Gold - 38,Other / Unknown,Greyson,Unknown,Unknown
Greyson Distressed Stone - 34,Other / Unknown,Greyson,Unknown,Unknown
Greyson Noir - 28,Other / Unknown,Greyson,Unknown,Unknown
Greyson Blanc Leopard - 28,Other / Unknown,Greyson,Unknown,Unknown
Greyson Topanga - Topanga / 28,Other / Unknown,Greyson,Unknown,28
Greyson Topanga - 30,Other / Unknown,Greyson,Unknown,Unknown
Greyson Blanc - 40,Other / Unknown,Greyson,Unknown,Unknown
Greyson Beverly Hills - 34,Other / Unknown,Greyson,Unknown,Unknown
Greyson Vintage Stone - 40,Other / Unknown,Greyson,Unknown,Unknown
Greyson Antique Silver - 33,Other / Unknown,Greyson,Unknown,Unknown
Greyson Neon Fuschia - Neon Fuschia / 30,Other / Unknown,Greyson,Unknown,30
Greyson Distressed Florence - Distressed Florence / 30,Other / Unknown,Greyson,Unknown,30
Greyson Dark Vintage - Dark Vintage / 33,Other / Unknown,Greyson,Unknown,33
Greyson Haze Bandana - Haze Bandana / 33,Other / Unknown,Greyson,Unknown,33
Greyson Distressed Platinum - 32,Other / Unknown,Greyson,Unknown,Unknown
Greyson Vintage Stone - Vintage Stone / 28,Other / Unknown,Greyson,Unknown,28
Greyson Soho Sicily - 34,Other / Unknown,Greyson,Unknown,Unknown
Greyson Laguna - 28,Other / Unknown,Greyson,Unknown,Unknown
Greyson London - 38,Other / Unknown,Greyson,Unknown,Unknown
Greyson Dk Vintage - Dark Vintage / 33,Other / Unknown,Greyson,Unknown,33
Greyson Slash Vintage - 32,Other / Unknown,Greyson,Unknown,Unknown
Greyson Distressed Soho Lyon - Soho Lyon / 32,Other / Unknown,Greyson,Unknown,32
Greyson Dubai - 34,Other / Unknown,Greyson,Unknown,Unknown
Greyson Distressed Bleeker - 30,Other / Unknown,Greyson,Unknown,Unknown
Greyson Neon Fuschia - Neon Fuschia / 38,Other / Unknown,Greyson,Unknown,38
Greyson Distressed Antique Gold - 36,Other / Unknown,Greyson,Unknown,Unknown
Greyson Distressed Dark Vintage - 32,Other / Unknown,Greyson,Unknown,Unknown
Greyson Distressed Sicily - 32,Other / Unknown,Greyson,Unknown,Unknown
Greyson Grenada - Grenada / 30,Other / Unknown,Greyson,Unknown,30
Greyson Destroyed Blanc - 40,Other / Unknown,Greyson,Unknown,Unknown
Greyson Neon Green - Neon Green / 28,Other / Unknown,Greyson,Unknown,28
Greyson Haze Bandana - Haze Bandana / 40,Other / Unknown,Greyson,Unknown,40
Greyson Distressed Puglia - 28,Other / Unknown,Greyson,Unknown,Unknown
Greyson Distressed  Acid Noir - 40,Other / Unknown,Greyson,Unknown,Unknown
Greyson Memphis - Memphis / 36,Other / Unknown,Greyson,Unknown,36
Greyson Haze Bandana - 36,Other / Unknown,Greyson,Unknown,Unknown
Greyson Florence - 30,Other / Unknown,Greyson,Unknown,Unknown
Greyson Noir - Noir / 28,Other / Unknown,Greyson,Unknown,28
Greyson Greencast - Greencast / 36,Other / Unknown,Greyson,Unknown,36
Greyson Distressed Chelsea - Chelsea / 30,Other / Unknown,Greyson,Unknown,30
Greyson Vintage Stone - Vintage Stone / 34,Other / Unknown,Greyson,Unknown,34
Greyson Oakland - Oakland / 32,Other / Unknown,Greyson,Unknown,32
Greyson Ash - 34,Other / Unknown,Greyson,Unknown,Unknown
Greyson Rodium - 28,Other / Unknown,Greyson,Unknown,Unknown
Greyson Electric Leopard - 30,Other / Unknown,Greyson,Unknown,Unknown
Greyson Distressed Vintage Graphite - 33,Other / Unknown,Greyson,Unknown,Unknown
Greyson Noir - 40 / Noir,Other / Unknown,Greyson,Unknown,Noir
Greyson Florence - 32,Other / Unknown,Greyson,Unknown,Unknown
Greyson Noir Tigre,Other / Unknown,Greyson,Unknown,Unknown
Greyson Aspen,Other / Unknown,Greyson,Unknown,Unknown
Greyson Distressed Chelsea - Chelsea / 33,Other / Unknown,Greyson,Unknown,33
Greyson Suede Moss - 33,Other / Unknown,Greyson,Unknown,Unknown
Greyson Distressed  Acid Noir - 36,Other / Unknown,Greyson,Unknown,Unknown
Greyson Nile - 36,Other / Unknown,Greyson,Unknown,Unknown
Greyson Venice - 34,Other / Unknown,Greyson,Unknown,Unknown
Greyson Dark Vintage - 38,Other / Unknown,Greyson,Unknown,Unknown
Greyson Skyfall - 29,Other / Unknown,Greyson,Unknown,Unknown
Greyson Suede Moss - 38,Other / Unknown,Greyson,Unknown,Unknown
Greyson Distressed Stone - Distressed Stone / 31,Other / Unknown,Greyson,Unknown,31
Greyson Noir Leopard - 40,Other / Unknown,Greyson,Unknown,Unknown
Greyson Smoke - Smoke / 28,Other / Unknown,Greyson,Unknown,28
Greyson Vail - 32,Other / Unknown,Greyson,Unknown,Unknown
Greyson Antique Silver - 29,Other / Unknown,Greyson,Unknown,Unknown
Greyson Noir Suede - Noir Suede / 28,Other / Unknown,Greyson,Unknown,28
Greyson Soho Florence - Soho Florence / 38,Other / Unknown,Greyson,Unknown,38
Greyson Beverly Hills - 38,Other / Unknown,Greyson,Unknown,Unknown
Greyson Rouge - 38,Other / Unknown,Greyson,Unknown,Unknown
Greyson Sunset - 34,Other / Unknown,Greyson,Unknown,Unknown
Greyson Beverly Hills - 33,Other / Unknown,Greyson,Unknown,Unknown
Greyson Distressed Ibiza - 40,Other / Unknown,Greyson,Unknown,Unknown
Greyson Distressed Platinum - 40,Other / Unknown,Greyson,Unknown,Unknown
Greyson Distressed Cannes - Cannes / 33,Other / Unknown,Greyson,Unknown,33
Greyson Oakland - 36,Other / Unknown,Greyson,Unknown,Unknown
Greyson Memphis - 34,Other / Unknown,Greyson,Unknown,Unknown
Greyson Distressed Light Vintage - 40,Other / Unknown,Greyson,Unknown,Unknown
Greyson Distressed Antique Gold - 34,Other / Unknown,Greyson,Unknown,Unknown
Greyson Distressed Light Vintage - 33,Other / Unknown,Greyson,Unknown,Unknown
Greyson Destroyed Blanc - 32,Other / Unknown,Greyson,Unknown,Unknown
Greyson Dk Vintage - Dark Vintage / 31,Other / Unknown,Greyson,Unknown,31
Greyson Venice - 38,Other / Unknown,Greyson,Unknown,Unknown
Greyson Venice - 32,Other / Unknown,Greyson,Unknown,Unknown
Greyson Mars Galaxy - 33,Other / Unknown,Greyson,Unknown,Unknown
Greyson Sunset - 30,Other / Unknown,Greyson,Unknown,Unknown
Greyson Distressed Brooklyn - 29,Other / Unknown,Greyson,Unknown,Unknown
Greyson Rouge - 34,Other / Unknown,Greyson,Unknown,Unknown
Greyson Skyfall - Skyfall / 30,Other / Unknown,Greyson,Unknown,30
Greyson Golden Skyfall - Golden Skyfall / 40,Other / Unknown,Greyson,Unknown,40
Greyson Distressed Prague - 32,Other / Unknown,Greyson,Unknown,Unknown
Greyson Neon Fuschia - Neon Fuschia / 34,Other / Unknown,Greyson,Unknown,34
Greyson Memphis - Memphis / 34,Other / Unknown,Greyson,Unknown,34
Greyson Beverly Hills - 32,Other / Unknown,Greyson,Unknown,Unknown
Greyson Silver Haze - 33,Other / Unknown,Greyson,Unknown,Unknown
Greyson Distressed Sicily - Distressed Sicily / 33,Other / Unknown,Greyson,Unknown,33
Greyson Golden Skyfall - Golden Skyfall / 29,Other / Unknown,Greyson,Unknown,29
Greyson Sorento - 32,Other / Unknown,Greyson,Unknown,Unknown
Greyson Distressed Dark Vintage - Dark Vintage / 40,Other / Unknown,Greyson,Unknown,40
Greyson Ink - 36,Other / Unknown,Greyson,Unknown,Unknown
Greyson Distressed Brooklyn - 38,Other / Unknown,Greyson,Unknown,Unknown
Greyson Distressed Cannes - Cannes / 30,Other / Unknown,Greyson,Unknown,30
Greyson Distressed Chelsea - 29,Other / Unknown,Greyson,Unknown,Unknown
Greyson Noir - Noir / 38,Other / Unknown,Greyson,Unknown,38
Greyson Soho Sicily - 32,Other / Unknown,Greyson,Unknown,Unknown
Greyson Distressed Brooklyn - Distressed Brooklyn / 34,Other / Unknown,Greyson,Unknown,34
Greyson Vintage Stone - Vintage Stone / 30,Other / Unknown,Greyson,Unknown,30
Greyson Distressed Ibiza - 36,Other / Unknown,Greyson,Unknown,Unknown
Greyson Slash Vintage - 36,Other / Unknown,Greyson,Unknown,Unknown
Greyson Distressed Dark Vintage - Dark Vintage / 36,Other / Unknown,Greyson,Unknown,36
Greyson Soho Capri - 32,Other / Unknown,Greyson,Unknown,Unknown
Greyson Vintage Blanc - 38,Other / Unknown,Greyson,Unknown,Unknown
Greyson Haze Bandana - 30,Other / Unknown,Greyson,Unknown,Unknown
Greyson Soho Capri - 30,Other / Unknown,Greyson,Unknown,Unknown
Greyson Dk Vintage - Dark Vintage / 30,Other / Unknown,Greyson,Unknown,30
Greyson Rodium - 38,Other / Unknown,Greyson,Unknown,Unknown
Greyson Distressed Light Vintage - 34,Other / Unknown,Greyson,Unknown,Unknown
Greyson Vintage Blanc - 30,Other / Unknown,Greyson,Unknown,Unknown
Greyson Distressed Stone - 29,Other / Unknown,Greyson,Unknown,Unknown
Greyson Rouge - 40,Other / Unknown,Greyson,Unknown,Unknown
Greyson Venice - 36,Other / Unknown,Greyson,Unknown,Unknown
Greyson Montpellier - 36,Other / Unknown,Greyson,Unknown,Unknown
Greyson Distressed Brooklyn - 36,Other / Unknown,Greyson,Unknown,Unknown
Greyson Golden Amazon - 36,Other / Unknown,Greyson,Unknown,Unknown
Greyson Rivoli,Other / Unknown,Greyson,Unknown,Unknown
Greyson Nile - 28,Other / Unknown,Greyson,Unknown,Unknown
Greyson Python - 31,Other / Unknown,Greyson,Unknown,Unknown
Greyson Soho Florence - 32,Other / Unknown,Greyson,Unknown,Unknown
Greyson Distressed Stone - 33,Other / Unknown,Greyson,Unknown,Unknown
Greyson Vintage Stone - Vintage Stone / 40,Other / Unknown,Greyson,Unknown,40
Greyson Toulouse - Toulouse / 40,Other / Unknown,Greyson,Unknown,40
Greyson Distressed  Acid Noir - 38,Other / Unknown,Greyson,Unknown,Unknown
Greyson Aged Grey - 31,Other / Unknown,Greyson,Unknown,Unknown
Greyson Toulouse - Toulouse / 30,Other / Unknown,Greyson,Unknown,30
Greyson Destructed Marrakesh - Destructed Marrakesh / 40,Other / Unknown,Greyson,Unknown,40
Greyson Noir Tigre - 40,Other / Unknown,Greyson,Unknown,Unknown
Greyson Slash Vintage - 40,Other / Unknown,Greyson,Unknown,Unknown
Greyson Rouge - 32,Other / Unknown,Greyson,Unknown,Unknown
Greyson Vintage Blanc - 28,Other / Unknown,Greyson,Unknown,Unknown
Greyson Distressed Sky - Distressed Sky / 36,Other / Unknown,Greyson,Unknown,36
Greyson Vintage Stone - Vintage Stone / 33,Other / Unknown,Greyson,Unknown,33
Greyson Noir Suede - Noir Suede / 38,Other / Unknown,Greyson,Unknown,38
Greyson Distressed Soho Lyon - Soho Lyon / 31,Other / Unknown,Greyson,Unknown,31
Greyson Distressed Blanc - Distressed Blanc / 40,Other / Unknown,Greyson,Unknown,40
Greyson Distressed Cheetah - 33,Other / Unknown,Greyson,Unknown,Unknown
Greyson Valencia - 34,Other / Unknown,Greyson,Unknown,Unknown
Greyson Noir Suede - 33,Other / Unknown,Greyson,Unknown,Unknown
Greyson Aged Grey - 28,Other / Unknown,Greyson,Unknown,Unknown
Greyson Noir - 29,Other / Unknown,Greyson,Unknown,Unknown
Greyson Aged Grey,Other / Unknown,Greyson,Unknown,Unknown
Greyson Noir Suede - Noir Suede / 31,Other / Unknown,Greyson,Unknown,31
Greyson Blanc - 34,Other / Unknown,Greyson,Unknown,Unknown
Greyson Distressed Dark Vintage - 34,Other / Unknown,Greyson,Unknown,Unknown
Greyson London - 34,Other / Unknown,Greyson,Unknown,Unknown
Greyson Neon Fuschia,Other / Unknown,Greyson,Unknown,Unknown
Greyson Distressed Blanc - 34,Other / Unknown,Greyson,Unknown,Unknown
Greyson Vintage Blanco - 34,Other / Unknown,Greyson,Unknown,Unknown
Greyson Distressed Soho Hendrix - 40,Other / Unknown,Greyson,Unknown,Unknown
Greyson Distressed Light Vintage - 29,Other / Unknown,Greyson,Unknown,Unknown
Greyson Noir Leopard - 36,Other / Unknown,Greyson,Unknown,Unknown
Greyson Neon Green - Neon Green / 34,Other / Unknown,Greyson,Unknown,34
Greyson Beverly Hills - Beverly hills / 32,Other / Unknown,Greyson,Unknown,32
Greyson Pluto Galaxy - 38,Other / Unknown,Greyson,Unknown,Unknown
Greyson Distressed Florence - Distressed Florence / 32,Other / Unknown,Greyson,Unknown,32
Greyson Sorento - 38,Other / Unknown,Greyson,Unknown,Unknown
Greyson Distressed Chelsea - 34,Other / Unknown,Greyson,Unknown,Unknown
Greyson Distressed Prague - 40,Other / Unknown,Greyson,Unknown,Unknown
Greyson Laguna - Laguna / 32,Other / Unknown,Greyson,Unknown,32
Greyson Rodium - 33,Other / Unknown,Greyson,Unknown,Unknown
Greyson Laguna - 32,Other / Unknown,Greyson,Unknown,Unknown
Greyson Distressed Blanc - Distressed Blanc / 28,Other / Unknown,Greyson,Unknown,28
Greyson Distressed Gris - 32,Other / Unknown,Greyson,Unknown,Unknown
Greyson Distressed Soho Hendrix - 32,Other / Unknown,Greyson,Unknown,Unknown
Greyson Slash Vintage - 34,Other / Unknown,Greyson,Unknown,Unknown
Greyson Mars Galaxy - 29,Other / Unknown,Greyson,Unknown,Unknown
Greyson Vintage Blanc - 29,Other / Unknown,Greyson,Unknown,Unknown
Greyson Vail - 31,Other / Unknown,Greyson,Unknown,Unknown
Greyson Distressed Noir - 29,Other / Unknown,Greyson,Unknown,Unknown
Greyson Distressed Puglia - Distressed Puglia / 31,Other / Unknown,Greyson,Unknown,31
Greyson Distressed Florence - Distressed Florence / 33,Other / Unknown,Greyson,Unknown,33
Greyson Grenada - 28,Other / Unknown,Greyson,Unknown,Unknown
Greyson Topanga - 31,Other / Unknown,Greyson,Unknown,Unknown
Greyson Slash Soiree - 36,Other / Unknown,Greyson,Unknown,Unknown
Greyson Distressed Cheetah - 30,Other / Unknown,Greyson,Unknown,Unknown
Greyson Python - 30,Other / Unknown,Greyson,Unknown,Unknown
Greyson Vail - 36,Other / Unknown,Greyson,Unknown,Unknown
Greyson Montpellier - 33,Other / Unknown,Greyson,Unknown,Unknown
Greyson Soho Florence - Soho Florence / 28,Other / Unknown,Greyson,Unknown,28
Greyson Distressed Oxford - 33,Other / Unknown,Greyson,Unknown,Unknown
Greyson Aspen - 33,Other / Unknown,Greyson,Unknown,Unknown
Greyson Sorento - 29,Other / Unknown,Greyson,Unknown,Unknown
Greyson Haze - Haze / 32,Other / Unknown,Greyson,Unknown,32
Greyson Toulouse - 31,Other / Unknown,Greyson,Unknown,Unknown
Greyson Slash Rodium - Slash Rodium / 28,Other / Unknown,Greyson,Unknown,28
Greyson Distressed Noir,Other / Unknown,Greyson,Unknown,Unknown
Greyson Slash Soiree - 38,Other / Unknown,Greyson,Unknown,Unknown
Greyson Aspen - 28,Other / Unknown,Greyson,Unknown,Unknown
Greyson Sorento - 36,Other / Unknown,Greyson,Unknown,Unknown
Greyson Ash - 36,Other / Unknown,Greyson,Unknown,Unknown
Greyson Blanc Python - 34,Other / Unknown,Greyson,Unknown,Unknown
Greyson Toulouse - Toulouse / 33,Other / Unknown,Greyson,Unknown,33
Greyson Dark Stone - Dark Stone / 32,Other / Unknown,Greyson,Unknown,32
Greyson Mars Galaxy - 30,Other / Unknown,Greyson,Unknown,Unknown
Greyson Neon Green - Neon Green / 40,Other / Unknown,Greyson,Unknown,40
Greyson Grenada - Grenada / 38,Other / Unknown,Greyson,Unknown,38
Greyson Tinted - 30,Other / Unknown,Greyson,Unknown,Unknown
Greyson Distressed Antique Gold - 31,Other / Unknown,Greyson,Unknown,Unknown
Greyson Delhi - Delhi / 30,Other / Unknown,Greyson,Unknown,30
Greyson Vintage Blanc - 40,Other / Unknown,Greyson,Unknown,Unknown
Greyson Dark Stone - Dark Stone / 34,Other / Unknown,Greyson,Unknown,34
Greyson Oakland - 31,Other / Unknown,Greyson,Unknown,Unknown
Greyson Haze Bandana - 32,Other / Unknown,Greyson,Unknown,Unknown
Greyson Distressed  Acid Noir - 32,Other / Unknown,Greyson,Unknown,Unknown
Greyson Distressed Betis - Distressed Betis / 40,Other / Unknown,Greyson,Unknown,40
Greyson Toulouse - 29,Other / Unknown,Greyson,Unknown,Unknown
Greyson Distressed Puglia - Distressed Puglia / 29,Other / Unknown,Greyson,Unknown,29
Greyson Amalfi - 34,Other / Unknown,Greyson,Unknown,Unknown
Greyson Distressed Cannes - Cannes / 28,Other / Unknown,Greyson,Unknown,28
Greyson Montpellier - 28,Other / Unknown,Greyson,Unknown,Unknown
Greyson Destructed Marrakesh - Destructed Marrakesh / 34,Other / Unknown,Greyson,Unknown,34
Greyson Python - Python / 32,Other / Unknown,Greyson,Unknown,32
Greyson Noir - Noir / 36,Other / Unknown,Greyson,Unknown,36
Greyson Blanc Python - 38,Other / Unknown,Greyson,Unknown,Unknown
Greyson Distressed Gris - 30,Other / Unknown,Greyson,Unknown,Unknown
Greyson Distressed Soho Hendrix - 29,Other / Unknown,Greyson,Unknown,Unknown
Greyson Noir - Noir / 32,Other / Unknown,Greyson,Unknown,32
Greyson Toulouse - 40 / Toulouse,Other / Unknown,Greyson,Unknown,Toulouse
Greyson Greencast - Greencast / 40,Other / Unknown,Greyson,Unknown,40
Greyson Distressed Brooklyn - Distressed Brooklyn / 28,Other / Unknown,Greyson,Unknown,28
Greyson Distressed Vintage Graphite - 36,Other / Unknown,Greyson,Unknown,Unknown
Greyson Suede Moss - 36,Other / Unknown,Greyson,Unknown,Unknown
Greyson Venice - 33,Other / Unknown,Greyson,Unknown,Unknown
Greyson Vintage Blanco,Other / Unknown,Greyson,Unknown,Unknown
Greyson Distressed Barcelona - 29,Other / Unknown,Greyson,Unknown,Unknown
Greyson Distressed Oxford - 34,Other / Unknown,Greyson,Unknown,Unknown
Greyson Memphis - Memphis / 33,Other / Unknown,Greyson,Unknown,33
Greyson Blanc Python - 30,Other / Unknown,Greyson,Unknown,Unknown
Greyson Distressed Dark Vintage - Dark Vintage / 28,Other / Unknown,Greyson,Unknown,28
Greyson Amalfi - 33,Other / Unknown,Greyson,Unknown,Unknown
Greyson Distressed Sky - Distressed Sky / 28,Other / Unknown,Greyson,Unknown,28
Greyson Noir Suede - Noir Suede / 33,Other / Unknown,Greyson,Unknown,33
Greyson Ash - Ash / 31,Other / Unknown,Greyson,Unknown,31
Greyson Antique Silver - 32,Other / Unknown,Greyson,Unknown,Unknown
Greyson Sunset - Sunset / 32,Other / Unknown,Greyson,Unknown,32
Greyson Distressed Dark Vintage - 38,Other / Unknown,Greyson,Unknown,Unknown
Greyson Antique Silver - 40,Other / Unknown,Greyson,Unknown,Unknown
Greyson Mars Galaxy - Mars Galaxy / 30,Other / Unknown,Greyson,Unknown,30
Greyson Greencast - Greencast / 31,Other / Unknown,Greyson,Unknown,31
Greyson Distressed Florence - 31,Other / Unknown,Greyson,Unknown,Unknown
Greyson London - 32,Other / Unknown,Greyson,Unknown,Unknown
Greyson Neon Fuschia - Neon Fuschia / 28,Other / Unknown,Greyson,Unknown,28
Greyson Distressed Dark Vintage - 29,Other / Unknown,Greyson,Unknown,Unknown
Greyson Distressed Gris - 33,Other / Unknown,Greyson,Unknown,Unknown
Greyson Vail - 33,Other / Unknown,Greyson,Unknown,Unknown
Greyson Soho Noir - 34,Other / Unknown,Greyson,Unknown,Unknown
Greyson Distressed Oxford - 30,Other / Unknown,Greyson,Unknown,Unknown
Greyson Distressed Dark Vintage - Dark Vintage / 38,Other / Unknown,Greyson,Unknown,38
Greyson Distressed Noir - 30,Other / Unknown,Greyson,Unknown,Unknown
Greyson Distressed Chelsea - Chelsea / 28,Other / Unknown,Greyson,Unknown,28
Greyson Neon Fuschia - 33,Other / Unknown,Greyson,Unknown,Unknown
Greyson Florence - 31,Other / Unknown,Greyson,Unknown,Unknown
Greyson Leopard - 34,Other / Unknown,Greyson,Unknown,Unknown
Greyson Distressed Vintage Graphite - Distressed Vintage Graphite / 33,Other / Unknown,Greyson,Unknown,33
Greyson Enduit Noir,Other / Unknown,Greyson,Unknown,Unknown
Greyson Beverly Hills - Beverly hills / 28,Other / Unknown,Greyson,Unknown,28
Greyson Distressed Soho Lyon - Soho Lyon / 28,Other / Unknown,Greyson,Unknown,28
Greyson Blanc - 29,Other / Unknown,Greyson,Unknown,Unknown
Greyson Grenada - Grenada / 28,Other / Unknown,Greyson,Unknown,28
Greyson Distressed Oxford - 31,Other / Unknown,Greyson,Unknown,Unknown
Greyson Sorento - 31,Other / Unknown,Greyson,Unknown,Unknown
Greyson Pluto Galaxy - 36,Other / Unknown,Greyson,Unknown,Unknown
Greyson Grenada - 30,Other / Unknown,Greyson,Unknown,Unknown
Greyson Slash Vintage - 38,Other / Unknown,Greyson,Unknown,Unknown
Greyson Smoke - Smoke / 31,Other / Unknown,Greyson,Unknown,31
Greyson Rivoli - Rivoli / 33,Other / Unknown,Greyson,Unknown,33
Greyson Distressed Puglia - 30,Other / Unknown,Greyson,Unknown,Unknown
Greyson Distressed Stone - 31,Other / Unknown,Greyson,Unknown,Unknown
Greyson Suede Moss - 30,Other / Unknown,Greyson,Unknown,Unknown
Greyson Silver Haze,Other / Unknown,Greyson,Unknown,Unknown
Greyson Soho Florence - 29,Other / Unknown,Greyson,Unknown,Unknown
Greyson Golden Skyfall - 28,Other / Unknown,Greyson,Unknown,Unknown
Greyson Distressed Barcelona - 32,Other / Unknown,Greyson,Unknown,Unknown
Greyson Distressed Puglia - 32,Other / Unknown,Greyson,Unknown,Unknown
Greyson Distressed Betis - Distressed Betis / 31,Other / Unknown,Greyson,Unknown,31
Greyson Montpellier - 31,Other / Unknown,Greyson,Unknown,Unknown
Greyson Soho Capri - 34,Other / Unknown,Greyson,Unknown,Unknown
Greyson Dubai - Dubai / 28,Other / Unknown,Greyson,Unknown,28
Greyson Neon Green - Neon Green / 31,Other / Unknown,Greyson,Unknown,31
Greyson Distressed Stone - Distressed Stone / 34,Other / Unknown,Greyson,Unknown,34
Greyson Soho Florence - 36,Other / Unknown,Greyson,Unknown,Unknown
Greyson Oakland - 32,Other / Unknown,Greyson,Unknown,Unknown
Greyson Skyfall - 32,Other / Unknown,Greyson,Unknown,Unknown
Greyson Distressed Brooklyn - Distressed Brooklyn / 36,Other / Unknown,Greyson,Unknown,36
Greyson Aged Grey - 33,Other / Unknown,Greyson,Unknown,Unknown
Greyson Soho Noir - 31,Other / Unknown,Greyson,Unknown,Unknown
Greyson Distressed Noir - 31,Other / Unknown,Greyson,Unknown,Unknown
Greyson Distressed Dark Vintage - 33,Other / Unknown,Greyson,Unknown,Unknown
Greyson Distressed Capri - 36,Other / Unknown,Greyson,Unknown,Unknown
Greyson Slash Soiree - 30,Other / Unknown,Greyson,Unknown,Unknown
Greyson Leopard - 30,Other / Unknown,Greyson,Unknown,Unknown
Greyson Distressed Storm - 33,Other / Unknown,Greyson,Unknown,Unknown
Greyson Ink - 33,Other / Unknown,Greyson,Unknown,Unknown
Greyson Rivoli - Rivoli / 36,Other / Unknown,Greyson,Unknown,36
Greyson Golden Skyfall - 34,Other / Unknown,Greyson,Unknown,Unknown
Greyson Distressed Cheetah - 38,Other / Unknown,Greyson,Unknown,Unknown
Greyson Ash - Ash / 30,Other / Unknown,Greyson,Unknown,30
Greyson Electric Leopard - 32,Other / Unknown,Greyson,Unknown,Unknown
Greyson Vintage Stone - 29,Other / Unknown,Greyson,Unknown,Unknown
Greyson Rodium - 34,Other / Unknown,Greyson,Unknown,Unknown
Greyson Amalfi,Other / Unknown,Greyson,Unknown,Unknown
Greyson Rouge - 31,Other / Unknown,Greyson,Unknown,Unknown
Greyson Distressed Prague - 38,Other / Unknown,Greyson,Unknown,Unknown
Greyson Oakland - 34 / Oakland,Other / Unknown,Greyson,Unknown,Oakland
Greyson Golden Skyfall - Golden Skyfall / 38,Other / Unknown,Greyson,Unknown,38
Greyson Distressed Blanc - 36,Other / Unknown,Greyson,Unknown,Unknown
Greyson Dark Vintage - 33,Other / Unknown,Greyson,Unknown,Unknown
Greyson Aged Grey - Aged Grey / 32,Other / Unknown,Greyson,Unknown,32
Greyson Distressed Oxford - 28,Other / Unknown,Greyson,Unknown,Unknown
Greyson Golden Skyfall - Golden Skyfall / 30,Other / Unknown,Greyson,Unknown,30
Greyson Soho Distressed Noir - 33,Other / Unknown,Greyson,Unknown,Unknown
Greyson Distressed Capri - Distressed Capri / 32,Other / Unknown,Greyson,Unknown,32
Greyson Distressed Cannes - Cannes / 32,Other / Unknown,Greyson,Unknown,32
Greyson Dk Vintage - Dark Vintage / 38,Other / Unknown,Greyson,Unknown,38
Greyson Noir Tigre - 31,Other / Unknown,Greyson,Unknown,Unknown
Greyson Haze - 38,Other / Unknown,Greyson,Unknown,Unknown
Greyson Dark Stone - Dark Stone / 29,Other / Unknown,Greyson,Unknown,29
Greyson Oakland - 30,Other / Unknown,Greyson,Unknown,Unknown
Greyson Venice - Venice / 28,Other / Unknown,Greyson,Unknown,28
Greyson Laguna - 34,Other / Unknown,Greyson,Unknown,Unknown
Greyson Distressed Florence - 29,Other / Unknown,Greyson,Unknown,Unknown
Greyson Amalfi - 29,Other / Unknown,Greyson,Unknown,Unknown
Greyson London - 30,Other / Unknown,Greyson,Unknown,Unknown
Greyson Antique Silver - 31,Other / Unknown,Greyson,Unknown,Unknown
Greyson Greencast - Greencast / 28,Other / Unknown,Greyson,Unknown,28
Greyson Golden Skyfall - 40,Other / Unknown,Greyson,Unknown,Unknown
Greyson Leopard - 29,Other / Unknown,Greyson,Unknown,Unknown
Greyson Noir Suede - Noir Suede / 30,Other / Unknown,Greyson,Unknown,30
Greyson Distressed Light Vintage - 32,Other / Unknown,Greyson,Unknown,Unknown
Greyson Noir Tigre - 36,Other / Unknown,Greyson,Unknown,Unknown
Greyson Distressed Barcelona - 38,Other / Unknown,Greyson,Unknown,Unknown
Greyson Distressed Stone - 32,Other / Unknown,Greyson,Unknown,Unknown
Greyson Distressed Capri - Distressed Capri / 30,Other / Unknown,Greyson,Unknown,30
Greyson Blanc Python - 31,Other / Unknown,Greyson,Unknown,Unknown
Greyson Distressed Vintage Graphite - Distressed Vintage Graphite / 38,Other / Unknown,Greyson,Unknown,38
Greyson Distressed Sicily - 29,Other / Unknown,Greyson,Unknown,Unknown
Greyson Distressed Ibiza - 31,Other / Unknown,Greyson,Unknown,Unknown
Greyson Soho Capri - 31,Other / Unknown,Greyson,Unknown,Unknown
Greyson Valencia - 29,Other / Unknown,Greyson,Unknown,Unknown
Greyson Distressed Betis - Distressed Betis / 28,Other / Unknown,Greyson,Unknown,28
Greyson Skyfall - 34,Other / Unknown,Greyson,Unknown,Unknown
Greyson Distressed Ibiza - 29,Other / Unknown,Greyson,Unknown,Unknown
Greyson Nile - 38,Other / Unknown,Greyson,Unknown,Unknown
Greyson Distressed  Acid Noir - Distressed Acid Noir / 36,Other / Unknown,Greyson,Unknown,36
Greyson Greencast - Greencast / 29,Other / Unknown,Greyson,Unknown,29
Greyson Distressed Dark Vintage - 28,Other / Unknown,Greyson,Unknown,Unknown
Greyson Distressed Chelsea - Chelsea / 31,Other / Unknown,Greyson,Unknown,31
Greyson Distressed Florence - 33,Other / Unknown,Greyson,Unknown,Unknown
Greyson Blanc - 28,Other / Unknown,Greyson,Unknown,Unknown
Greyson Venice - Venice / 30,Other / Unknown,Greyson,Unknown,30
Greyson Neon Fuschia - Neon Fuschia / 42,Other / Unknown,Greyson,Unknown,42
Greyson Distressed Capri - Distressed Capri / 36,Other / Unknown,Greyson,Unknown,36
Greyson Neon Fuschia - Neon Fuschia / 32,Other / Unknown,Greyson,Unknown,32
Greyson Valencia - 38,Other / Unknown,Greyson,Unknown,Unknown
Greyson Antique Silver - 36,Other / Unknown,Greyson,Unknown,Unknown
Greyson Haze - 33,Other / Unknown,Greyson,Unknown,Unknown
Greyson Slash Rodium - Slash Rodium / 34,Other / Unknown,Greyson,Unknown,34
Greyson Distressed Antique Gold - 29,Other / Unknown,Greyson,Unknown,Unknown
Greyson Rouge - Rouge / 28,Other / Unknown,Greyson,Unknown,28
Greyson Blanc Leopard - Blanc Leopard / 29,Other / Unknown,Greyson,Unknown,29
Greyson Ink - 29,Other / Unknown,Greyson,Unknown,Unknown
Greyson Noir Leopard - 29,Other / Unknown,Greyson,Unknown,Unknown
Greyson Vintage Stone - 32,Other / Unknown,Greyson,Unknown,Unknown
Greyson Neon Green - Neon Green / 32,Other / Unknown,Greyson,Unknown,32
Greyson Neon Fuschia - 32,Other / Unknown,Greyson,Unknown,Unknown
Greyson Distressed Sicily - Distressed Sicily / 30,Other / Unknown,Greyson,Unknown,30
Greyson Florence - 29,Other / Unknown,Greyson,Unknown,Unknown
Greyson Rivoli - Rivoli / 30,Other / Unknown,Greyson,Unknown,30
Greyson Beverly Hills - 29,Other / Unknown,Greyson,Unknown,Unknown
Greyson Distressed Sky - Distressed Sky / 32,Other / Unknown,Greyson,Unknown,32
Greyson Noir - Noir / 33,Other / Unknown,Greyson,Unknown,33
Greyson Topanga - Topanga / 33,Other / Unknown,Greyson,Unknown,33
Greyson Golden Amazon - 28,Other / Unknown,Greyson,Unknown,Unknown
Greyson Liquid Gold - 34,Other / Unknown,Greyson,Unknown,Unknown
Greyson Distressed Capri - 30,Other / Unknown,Greyson,Unknown,Unknown
Greyson Skyfall - 38,Other / Unknown,Greyson,Unknown,Unknown
Greyson Ink - 38,Other / Unknown,Greyson,Unknown,Unknown
Greyson Distressed Prague - 30,Other / Unknown,Greyson,Unknown,Unknown
Greyson Neon Fuschia - 40,Other / Unknown,Greyson,Unknown,Unknown
Greyson Vintage Blanc - 33,Other / Unknown,Greyson,Unknown,Unknown
Greyson Laguna - 30,Other / Unknown,Greyson,Unknown,Unknown
Greyson Distressed Soho Lyon - 36,Other / Unknown,Greyson,Unknown,Unknown
Greyson Aspen - 32,Other / Unknown,Greyson,Unknown,Unknown
Greyson Distressed Puglia - 36,Other / Unknown,Greyson,Unknown,Unknown
Greyson Distressed Puglia - 31,Other / Unknown,Greyson,Unknown,Unknown
Greyson Oakland - Oakland / 36,Other / Unknown,Greyson,Unknown,36
Greyson Mars Galaxy - 32,Other / Unknown,Greyson,Unknown,Unknown
Greyson Montpellier,Other / Unknown,Greyson,Unknown,Unknown
Greyson Distressed Sicily - Distressed Sicily / 34,Other / Unknown,Greyson,Unknown,34
Greyson Nile - 33,Other / Unknown,Greyson,Unknown,Unknown
Greyson Distressed Blanc - Distressed Blanc / 29,Other / Unknown,Greyson,Unknown,29
Greyson Distressed Brooklyn - 33,Other / Unknown,Greyson,Unknown,Unknown
Greyson Soho Capri - 28,Other / Unknown,Greyson,Unknown,Unknown
Greyson Dubai - Dubai / 33,Other / Unknown,Greyson,Unknown,33
Greyson Blanc Leopard - 31,Other / Unknown,Greyson,Unknown,Unknown
Greyson Sorento - 28,Other / Unknown,Greyson,Unknown,Unknown
Greyson Silver Haze - 38,Other / Unknown,Greyson,Unknown,Unknown
Greyson Soho Distressed Noir - 30,Other / Unknown,Greyson,Unknown,Unknown
Greyson Ash - 38,Other / Unknown,Greyson,Unknown,Unknown
Greyson Memphis - 30,Other / Unknown,Greyson,Unknown,Unknown
Greyson Dubai - Dubai / 31,Other / Unknown,Greyson,Unknown,31
Greyson Distressed Blanc - 32,Other / Unknown,Greyson,Unknown,Unknown
Greyson Pluto Galaxy - 34,Other / Unknown,Greyson,Unknown,Unknown
Greyson Distressed Bleeker - 36,Other / Unknown,Greyson,Unknown,Unknown
Greyson Distressed Noir - 32,Other / Unknown,Greyson,Unknown,Unknown
Greyson Soho Distressed Noir - 29,Other / Unknown,Greyson,Unknown,Unknown
Greyson Amalfi - 28,Other / Unknown,Greyson,Unknown,Unknown
Greyson Montpellier - 34,Other / Unknown,Greyson,Unknown,Unknown
Greyson Skyfall - 33,Other / Unknown,Greyson,Unknown,Unknown
Greyson Sorento,Other / Unknown,Greyson,Unknown,Unknown
Greyson Pluto Galaxy - Pluto Galaxy / 28,Other / Unknown,Greyson,Unknown,28
Greyson Distressed Platinum - 31,Other / Unknown,Greyson,Unknown,Unknown
Greyson Distressed Betis - Distressed Betis / 36,Other / Unknown,Greyson,Unknown,36
Greyson Sunset - 33,Other / Unknown,Greyson,Unknown,Unknown
Greyson Distressed  Acid Noir - Distressed Acid Noir / 31,Other / Unknown,Greyson,Unknown,31
Greyson Pluto Galaxy - 32,Other / Unknown,Greyson,Unknown,Unknown
Greyson Vail - 38,Other / Unknown,Greyson,Unknown,Unknown
Greyson Rouge - Rouge / 33,Other / Unknown,Greyson,Unknown,33
Greyson Distressed Florence - 38,Other / Unknown,Greyson,Unknown,Unknown
Greyson Ash - 28,Other / Unknown,Greyson,Unknown,Unknown
Greyson Soho Florence - 34,Other / Unknown,Greyson,Unknown,Unknown
Greyson Delhi - Delhi / 33,Other / Unknown,Greyson,Unknown,33
Greyson Amalfi - 32,Other / Unknown,Greyson,Unknown,Unknown
Greyson Distressed Storm - 32,Other / Unknown,Greyson,Unknown,Unknown
Greyson Distressed Prague - 36,Other / Unknown,Greyson,Unknown,Unknown
Greyson Distressed Brooklyn - 31,Other / Unknown,Greyson,Unknown,Unknown
Greyson Destroyed Blanc - 34,Other / Unknown,Greyson,Unknown,Unknown
Greyson Blanc Leopard - Blanc Leopard / 38,Other / Unknown,Greyson,Unknown,38
Greyson Distressed Ibiza - 32,Other / Unknown,Greyson,Unknown,Unknown
Greyson Distressed Capri,Other / Unknown,Greyson,Unknown,Unknown
Greyson Python - 34,Other / Unknown,Greyson,Unknown,Unknown
Greyson Distressed Capri - 38,Other / Unknown,Greyson,Unknown,Unknown
Greyson Distressed Vintage Graphite - Distressed Vintage Graphite / 36,Other / Unknown,Greyson,Unknown,36
Greyson Aged Grey - 38,Other / Unknown,Greyson,Unknown,Unknown
Greyson Blanc Leopard - 33,Other / Unknown,Greyson,Unknown,Unknown
Greyson Suede Moss - 29,Other / Unknown,Greyson,Unknown,Unknown
Greyson Topanga - Topanga / 36,Other / Unknown,Greyson,Unknown,36
Greyson Noir Tigre - 34,Other / Unknown,Greyson,Unknown,Unknown
Greyson Oakland - 33,Other / Unknown,Greyson,Unknown,Unknown
Greyson Distressed Prague - 29,Other / Unknown,Greyson,Unknown,Unknown
Greyson Distressed Chelsea - 33,Other / Unknown,Greyson,Unknown,Unknown
Greyson Distressed Noir - 36,Other / Unknown,Greyson,Unknown,Unknown
Greyson Slash Rodium - Slash Rodium / 32,Other / Unknown,Greyson,Unknown,32
Greyson Neon Green - Neon Green / 38,Other / Unknown,Greyson,Unknown,38
Greyson Vintage Stone - Vintage Stone / 36,Other / Unknown,Greyson,Unknown,36
Greyson Suede Moss,Other / Unknown,Greyson,Unknown,Unknown
Greyson Distressed Cannes - 28,Other / Unknown,Greyson,Unknown,Unknown
Greyson Distressed Chelsea - Chelsea / 29,Other / Unknown,Greyson,Unknown,29
Greyson Skyfall - Skyfall / 31,Other / Unknown,Greyson,Unknown,31
Greyson Noir Suede - 36,Other / Unknown,Greyson,Unknown,Unknown
Greyson Haze - 29,Other / Unknown,Greyson,Unknown,Unknown
Greyson Distressed Vintage Graphite - 32,Other / Unknown,Greyson,Unknown,Unknown
Greyson Distressed Puglia - 33,Other / Unknown,Greyson,Unknown,Unknown
Greyson Soho Distressed Noir - 40,Other / Unknown,Greyson,Unknown,Unknown
Greyson Distressed Barcelona - 34,Other / Unknown,Greyson,Unknown,Unknown
Greyson Distressed Cheetah - 31,Other / Unknown,Greyson,Unknown,Unknown
Greyson Distressed Storm - 34,Other / Unknown,Greyson,Unknown,Unknown
Greyson Beverly Hills - Beverly hills / 31,Other / Unknown,Greyson,Unknown,31
Greyson Haze Bandana - 34,Other / Unknown,Greyson,Unknown,Unknown
Greyson Memphis - Memphis / 38,Other / Unknown,Greyson,Unknown,38
Greyson Distressed Puglia - 34,Other / Unknown,Greyson,Unknown,Unknown
Greyson Distressed Ibiza - 34,Other / Unknown,Greyson,Unknown,Unknown
Greyson Distressed Sicily - Distressed Sicily / 29,Other / Unknown,Greyson,Unknown,29
Greyson Noir - 31 / Noir,Other / Unknown,Greyson,Unknown,Noir
Greyson Haze - 28,Other / Unknown,Greyson,Unknown,Unknown
Greyson Toulouse - Toulouse / 29,Other / Unknown,Greyson,Unknown,29
Greyson Memphis - 40,Other / Unknown,Greyson,Unknown,Unknown
Greyson Dark Vintage - 29,Other / Unknown,Greyson,Unknown,Unknown
Greyson Nile - 34,Other / Unknown,Greyson,Unknown,Unknown
Greyson Soho Florence - 30,Other / Unknown,Greyson,Unknown,Unknown
Greyson Dubai - Dubai / 30,Other / Unknown,Greyson,Unknown,30
Greyson Distressed Platinum - 34,Other / Unknown,Greyson,Unknown,Unknown
Greyson Memphis - Memphis / 29,Other / Unknown,Greyson,Unknown,29
Greyson Python - 36,Other / Unknown,Greyson,Unknown,Unknown
Greyson Ash - Ash / 34,Other / Unknown,Greyson,Unknown,34
Greyson Distressed Antique Gold - 28,Other / Unknown,Greyson,Unknown,Unknown
Greyson Memphis - Memphis / 40,Other / Unknown,Greyson,Unknown,40
Greyson Distressed Sicily - 36,Other / Unknown,Greyson,Unknown,Unknown
Greyson Rouge - Rouge / 34,Other / Unknown,Greyson,Unknown,34
Greyson Noir Suede - 30,Other / Unknown,Greyson,Unknown,Unknown
Greyson Zipped Dark Vintage - Dark Vintage / 34,Other / Unknown,Greyson,Unknown,34
HOLIDAY GIFT CARD - $25.00 USD,Other / Unknown,HOLIDAY,Unknown,Unknown
HOLIDAY GIFT CARD - $125.00 USD,Other / Unknown,HOLIDAY,Unknown,Unknown
HOLIDAY GIFT CARD - $160.00 USD,Other / Unknown,HOLIDAY,Unknown,Unknown
HOLIDAY GIFT CARD,Other / Unknown,HOLIDAY,Unknown,Unknown
HOLIDAY GIFT CARD - $100.00 USD,Other / Unknown,HOLIDAY,Unknown,Unknown
HOLIDAY GIFT CARD - $300.00 USD,Other / Unknown,HOLIDAY,Unknown,Unknown
HOLIDAY GIFT CARD - $500.00 USD,Other / Unknown,HOLIDAY,Unknown,Unknown
HOLIDAY GIFT CARD - $75.00 USD,Other / Unknown,HOLIDAY,Unknown,Unknown
HOLIDAY GIFT CARD - $50.00 USD,Other / Unknown,HOLIDAY,Unknown,Unknown
HOLIDAY GIFT CARD - $30.00 USD,Other / Unknown,HOLIDAY,Unknown,Unknown
HOLIDAY GIFT CARD - $200.00 USD,Other / Unknown,HOLIDAY,Unknown,Unknown
Hendrix Calabasas - Calabasas / 33,Other / Unknown,Hendrix,Unknown,33
Hendrix Calabasas,Other / Unknown,Hendrix,Unknown,Unknown
Hendrix Calabasas - Calabasas / 32,Other / Unknown,Hendrix,Unknown,32
Hendrix Calabasas - Calabasas / 31,Other / Unknown,Hendrix,Unknown,31
Hendrix Calabasas - Calabasas / 34,Other / Unknown,Hendrix,Unknown,34
Hendrix Calabasas - Calabasas / 36,Other / Unknown,Hendrix,Unknown,36
Hendrix Calabasas - Calabasas / 30,Other / Unknown,Hendrix,Unknown,30
Henley Vintage Stripe - S / Vintage Stripe,Other / Unknown,Henley,Unknown,Vintage Stripe
Henley Vintage Stripe - L,Other / Unknown,Henley,Unknown,Unknown
Henley Vintage Stripe - L / Vintage Stripe,Other / Unknown,Henley,Unknown,Vintage Stripe
Henley Vintage Stripe - S,Other / Unknown,Henley,Unknown,Unknown
Henley Vintage Stripe - Vintage Stripe / M,Other / Unknown,Henley,Unknown,M
Henley Vintage Stripe - Vintage Stripe / S,Other / Unknown,Henley,Unknown,S
Hugh Navy - Navy / 36,Other / Unknown,Hugh,Unknown,36
Hugh Beige - Beige / 29,Other / Unknown,Hugh,Unknown,29
Hugh Beige - Beige / 33,Other / Unknown,Hugh,Unknown,33
Hugh Navy - Navy / 29,Other / Unknown,Hugh,Unknown,29
Hugh Beige - 29,Other / Unknown,Hugh,Unknown,Unknown
Hugh Sky - Sky / 34,Other / Unknown,Hugh,Unknown,34
Hugh Navy - 36,Other / Unknown,Hugh,Unknown,Unknown
Hugh Khaki - Khaki / 28,Other / Unknown,Hugh,Unknown,28
Hugh Khaki - Khaki / 33,Other / Unknown,Hugh,Unknown,33
Hugh Sky - 34,Other / Unknown,Hugh,Unknown,Unknown
Hugh Beige - Beige / 40,Other / Unknown,Hugh,Unknown,40
Hugh Khaki - 34,Other / Unknown,Hugh,Unknown,Unknown
Hugh Navy - Navy / 30,Other / Unknown,Hugh,Unknown,30
Hugh Beige - Beige / 30,Other / Unknown,Hugh,Unknown,30
Hugh Sky - 33,Other / Unknown,Hugh,Unknown,Unknown
Hugh Sky - 29,Other / Unknown,Hugh,Unknown,Unknown
Hugh Navy - 31,Other / Unknown,Hugh,Unknown,Unknown
Hugh Khaki - 40,Other / Unknown,Hugh,Unknown,Unknown
Hugh Khaki,Other / Unknown,Hugh,Unknown,Unknown
Hugh Sky - 38,Other / Unknown,Hugh,Unknown,Unknown
Hugh Khaki - 36,Other / Unknown,Hugh,Unknown,Unknown
Hugh Beige - 33,Other / Unknown,Hugh,Unknown,Unknown
Hugh Beige - 40,Other / Unknown,Hugh,Unknown,Unknown
Hugh Beige - Beige / 31,Other / Unknown,Hugh,Unknown,31
Hugh Navy - 30,Other / Unknown,Hugh,Unknown,Unknown
Hugh Sky - 31,Other / Unknown,Hugh,Unknown,Unknown
Hugh Navy,Other / Unknown,Hugh,Unknown,Unknown
Hugh Beige - 30,Other / Unknown,Hugh,Unknown,Unknown
Hugh Sky - Sky / 30,Other / Unknown,Hugh,Unknown,30
Hugh Khaki - Khaki / 36,Other / Unknown,Hugh,Unknown,36
Hugh Navy - 29,Other / Unknown,Hugh,Unknown,Unknown
Hugh Beige - Beige / 34,Other / Unknown,Hugh,Unknown,34
Hugh Sky - 28,Other / Unknown,Hugh,Unknown,Unknown
Hugh Sky - Sky / 29,Other / Unknown,Hugh,Unknown,29
Hugh Khaki - 33,Other / Unknown,Hugh,Unknown,Unknown
Hugh Beige - 36,Other / Unknown,Hugh,Unknown,Unknown
Hugh Beige - 28,Other / Unknown,Hugh,Unknown,Unknown
Hugh Khaki - 28,Other / Unknown,Hugh,Unknown,Unknown
Hugh Navy - 28,Other / Unknown,Hugh,Unknown,Unknown
Hugh Sky - Sky / 28,Other / Unknown,Hugh,Unknown,28
Hugh Navy - 32,Other / Unknown,Hugh,Unknown,Unknown
Hugh Khaki - 32,Other / Unknown,Hugh,Unknown,Unknown
Hugh Sky,Other / Unknown,Hugh,Unknown,Unknown
Hugh Khaki - 31,Other / Unknown,Hugh,Unknown,Unknown
Hugh Beige - 32,Other / Unknown,Hugh,Unknown,Unknown
Hugh Khaki - Khaki / 30,Other / Unknown,Hugh,Unknown,30
Hugh Navy - Navy / 28,Other / Unknown,Hugh,Unknown,28
Hugh Beige - Beige / 28,Other / Unknown,Hugh,Unknown,28
Hugh Khaki - 29,Other / Unknown,Hugh,Unknown,Unknown
Hugh Navy - Navy / 34,Other / Unknown,Hugh,Unknown,34
Hugh Navy - 34,Other / Unknown,Hugh,Unknown,Unknown
Hugh Navy - 33,Other / Unknown,Hugh,Unknown,Unknown
Hugh Sky - Sky / 38,Other / Unknown,Hugh,Unknown,38
Jagger Distressed Noho Hendrix - Noho Hendrix / 30,Other / Unknown,Jagger,Unknown,30
Jagger Distressed Noho Hendrix - 33,Other / Unknown,Jagger,Unknown,Unknown
Jagger Distressed Noho Hendrix - 36,Other / Unknown,Jagger,Unknown,Unknown
Jagger Distressed Noho Light Vintage - 40,Other / Unknown,Jagger,Unknown,Unknown
Jagger Noho Neon Green - Noho Neon Green / 31,Other / Unknown,Jagger,Unknown,31
Jagger Distressed Noho Noir - Noho Noir / 33,Other / Unknown,Jagger,Unknown,33
Jagger Noho Neon Purple - Noho Neon Purple / 28,Other / Unknown,Jagger,Unknown,28
Jagger Noho Neon Purple - Noho Neon Purple / 31,Other / Unknown,Jagger,Unknown,31
Jagger Distressed Noho Light Vintage - 30,Other / Unknown,Jagger,Unknown,Unknown
Jagger Distressed Noho Hendrix - 38,Other / Unknown,Jagger,Unknown,Unknown
Jagger Noho Neon Green - Noho Neon Green / 33,Other / Unknown,Jagger,Unknown,33
Jagger Noho Neon Green - Noho Neon Green / 28,Other / Unknown,Jagger,Unknown,28
Jagger Distressed Noho Hendrix - 32,Other / Unknown,Jagger,Unknown,Unknown
Jagger Noho Neon Green - Noho Neon Green / 32,Other / Unknown,Jagger,Unknown,32
Jagger Noho Neon Blue - Noho Neon Blue / 30,Other / Unknown,Jagger,Unknown,30
Jagger Distressed Noho Light Vintage - 31,Other / Unknown,Jagger,Unknown,Unknown
Jagger Noho Neon Blue - Noho Neon Blue / 32,Other / Unknown,Jagger,Unknown,32
Jagger Distressed Noho Skyfall - Noho Skyfall / 34,Other / Unknown,Jagger,Unknown,34
Jagger Noho Neon Purple - Noho Neon Purple / 36,Other / Unknown,Jagger,Unknown,36
Jagger Noho Neon Green - Noho Neon Green / 36,Other / Unknown,Jagger,Unknown,36
Jagger Distressed Noho Hendrix - Noho Hendrix / 29,Other / Unknown,Jagger,Unknown,29
Jagger Distressed Noho Skyfall - Noho Skyfall / 28,Other / Unknown,Jagger,Unknown,28
Jagger Distressed Noho Noir - Noho Noir / 32,Other / Unknown,Jagger,Unknown,32
Jagger Distressed Noho Noir - Noho Noir / 29,Other / Unknown,Jagger,Unknown,29
Jagger Noho Neon Green - Noho Neon Green / 30,Other / Unknown,Jagger,Unknown,30
Jagger Distressed Noho Hendrix - Noho Hendrix / 31,Other / Unknown,Jagger,Unknown,31
Jagger Noho Neon Blue - Noho Neon Blue / 38,Other / Unknown,Jagger,Unknown,38
Jagger Distressed Noho Hendrix - Noho Hendrix / 34,Other / Unknown,Jagger,Unknown,34
Jagger Noho Neon Blue - Noho Neon Blue / 31,Other / Unknown,Jagger,Unknown,31
Jagger Noho Neon Blue - Noho Neon Blue / 34,Other / Unknown,Jagger,Unknown,34
Jagger Noho Neon Purple - Noho Neon Purple / 33,Other / Unknown,Jagger,Unknown,33
Jagger Distressed Noho Hendrix - Noho Hendrix / 32,Other / Unknown,Jagger,Unknown,32
Jagger Distressed Noho Light Vintage - 34,Other / Unknown,Jagger,Unknown,Unknown
Jagger Noho Neon Blue - Noho Neon Blue / 28,Other / Unknown,Jagger,Unknown,28
Jagger Distressed Noho Hendrix - Noho Hendrix / 38,Other / Unknown,Jagger,Unknown,38
Jagger Distressed Noho Skyfall - Noho Skyfall / 33,Other / Unknown,Jagger,Unknown,33
Jagger Distressed Noho Hendrix - Noho Hendrix / 28,Other / Unknown,Jagger,Unknown,28
Jagger Noho Neon Green - Noho Neon Green / 38,Other / Unknown,Jagger,Unknown,38
Jagger Noho Neon Purple - Noho Neon Purple / 32,Other / Unknown,Jagger,Unknown,32
Jagger Distressed Noho Hendrix - 28,Other / Unknown,Jagger,Unknown,Unknown
Jagger Distressed Noho Light Vintage - 32,Other / Unknown,Jagger,Unknown,Unknown
Jagger Distressed Noho Skyfall - Noho Skyfall / 36,Other / Unknown,Jagger,Unknown,36
Jagger Distressed Noho Hendrix - 31,Other / Unknown,Jagger,Unknown,Unknown
Jagger Distressed Noho Light Vintage - 38,Other / Unknown,Jagger,Unknown,Unknown
Jagger Distressed Noho Hendrix - 34,Other / Unknown,Jagger,Unknown,Unknown
Jagger Distressed Noho Noir - Noho Noir / 38,Other / Unknown,Jagger,Unknown,38
Jagger Distressed Noho Noir - Noho Noir / 28,Other / Unknown,Jagger,Unknown,28
Jagger Distressed Noho Noir - Noho Noir / 31,Other / Unknown,Jagger,Unknown,31
Jagger Distressed Noho Light Vintage - 36,Other / Unknown,Jagger,Unknown,Unknown
Jagger Distressed Noho Hendrix - Noho Hendrix / 36,Other / Unknown,Jagger,Unknown,36
Jagger Distressed Noho Noir - Noho Noir / 36,Other / Unknown,Jagger,Unknown,36
Jagger Distressed Noho Skyfall - Noho Skyfall / 31,Other / Unknown,Jagger,Unknown,31
Jagger Distressed Noho Skyfall - Noho Skyfall / 40,Other / Unknown,Jagger,Unknown,40
Jagger Distressed Noho Light Vintage - 28,Other / Unknown,Jagger,Unknown,Unknown
Jagger Noho Neon Blue - Noho Neon Blue / 36,Other / Unknown,Jagger,Unknown,36
Jagger Distressed Noho Light Vintage - 33,Other / Unknown,Jagger,Unknown,Unknown
Jagger Distressed Noho Skyfall - Noho Skyfall / 30,Other / Unknown,Jagger,Unknown,30
Jagger Distressed Noho Noir - Noho Noir / 34,Other / Unknown,Jagger,Unknown,34
Jagger Noho Neon Purple - Noho Neon Purple / 34,Other / Unknown,Jagger,Unknown,34
Jagger Distressed Noho Light Vintage - 29,Other / Unknown,Jagger,Unknown,Unknown
Jagger Distressed Noho Skyfall - Noho Skyfall / 32,Other / Unknown,Jagger,Unknown,32
Jagger Noho Neon Blue - Noho Neon Blue / 33,Other / Unknown,Jagger,Unknown,33
Jagger Distressed Noho Skyfall - Noho Skyfall / 38,Other / Unknown,Jagger,Unknown,38
Jagger Distressed Noho Hendrix - 29,Other / Unknown,Jagger,Unknown,Unknown
Jalen Vintage Leopard - Vintage Leopard / S,Other / Unknown,Jalen,Unknown,S
Jalen Vintage Leopard - Vintage Leopard / XXL,Other / Unknown,Jalen,Unknown,XXL
Jalen Vintage Leopard,Other / Unknown,Jalen,Unknown,Unknown
Jalen Vintage Leopard - Vintage Leopard / L,Other / Unknown,Jalen,Unknown,L
Jalen Vintage Leopard - Vintage Leopard / M,Other / Unknown,Jalen,Unknown,M
Jalen Vintage Leopard - Vintage Leopard / XL,Other / Unknown,Jalen,Unknown,XL
Jayden Acid Noir - 40,Other / Unknown,Jayden,Unknown,Unknown
Jayden Blanc - 40,Other / Unknown,Jayden,Unknown,Unknown
Jayden Biscotti - 28,Other / Unknown,Jayden,Unknown,Unknown
Jayden Noir - 32,Other / Unknown,Jayden,Unknown,Unknown
Jayden Sarcelle - 30,Other / Unknown,Jayden,Unknown,Unknown
Jayden Rennes - Rennes / 28,Other / Unknown,Jayden,Unknown,28
Jayden Biscotti - 30,Other / Unknown,Jayden,Unknown,Unknown
Jayden Acid Noir - 38,Other / Unknown,Jayden,Unknown,Unknown
Jayden Acid Noir - 32,Other / Unknown,Jayden,Unknown,Unknown
Jayden Sarcelle - 32,Other / Unknown,Jayden,Unknown,Unknown
Jayden Acid Noir - 28,Other / Unknown,Jayden,Unknown,Unknown
Jayden Rennes - 31,Other / Unknown,Jayden,Unknown,Unknown
Jayden Blanc - 29,Other / Unknown,Jayden,Unknown,Unknown
Jayden Biscotti - 40,Other / Unknown,Jayden,Unknown,Unknown
Jayden Noir - 36,Other / Unknown,Jayden,Unknown,Unknown
Jayden Biscotti - 36,Other / Unknown,Jayden,Unknown,Unknown
Jayden Acid Noir - 36,Other / Unknown,Jayden,Unknown,Unknown
Jayden Acid Noir,Other / Unknown,Jayden,Unknown,Unknown
Jayden Rennes - 30,Other / Unknown,Jayden,Unknown,Unknown
Jayden Distressed Sunset - 38,Other / Unknown,Jayden,Unknown,Unknown
Jayden Sarcelle - 40,Other / Unknown,Jayden,Unknown,Unknown
Jayden Distressed Sunset - 30,Other / Unknown,Jayden,Unknown,Unknown
Jayden Blanc,Other / Unknown,Jayden,Unknown,Unknown
Jayden Sarcelle - 29,Other / Unknown,Jayden,Unknown,Unknown
Jayden Blanc - 36,Other / Unknown,Jayden,Unknown,Unknown
Jayden Sarcelle - 28,Other / Unknown,Jayden,Unknown,Unknown
Jayden Sarcelle - 34,Other / Unknown,Jayden,Unknown,Unknown
Jayden Blanc - 32,Other / Unknown,Jayden,Unknown,Unknown
Jayden Distressed Sunset - 29,Other / Unknown,Jayden,Unknown,Unknown
Jayden Distressed Sunset - 32,Other / Unknown,Jayden,Unknown,Unknown
Jayden Rennes - 38,Other / Unknown,Jayden,Unknown,Unknown
Jayden Noir - 29,Other / Unknown,Jayden,Unknown,Unknown
Jayden Biscotti,Other / Unknown,Jayden,Unknown,Unknown
Jayden Blanc - 38,Other / Unknown,Jayden,Unknown,Unknown
Jayden Biscotti - 31,Other / Unknown,Jayden,Unknown,Unknown
Jayden Distressed Sunset - 36,Other / Unknown,Jayden,Unknown,Unknown
Jayden Sarcelle - 31,Other / Unknown,Jayden,Unknown,Unknown
Jayden Biscotti - 38,Other / Unknown,Jayden,Unknown,Unknown
Jayden Noir - 34,Other / Unknown,Jayden,Unknown,Unknown
Jayden Rennes - 36,Other / Unknown,Jayden,Unknown,Unknown
Jayden Noir,Other / Unknown,Jayden,Unknown,Unknown
Jayden Noir - 38,Other / Unknown,Jayden,Unknown,Unknown
Jayden Blanc - 30,Other / Unknown,Jayden,Unknown,Unknown
Jayden Noir - 40,Other / Unknown,Jayden,Unknown,Unknown
Jayden Rennes,Other / Unknown,Jayden,Unknown,Unknown
Jayden Distressed Sunset - 33,Other / Unknown,Jayden,Unknown,Unknown
Jayden Distressed Sunset - 34,Other / Unknown,Jayden,Unknown,Unknown
Jayden Noir - 30,Other / Unknown,Jayden,Unknown,Unknown
Jayden Rennes - Rennes / 36,Other / Unknown,Jayden,Unknown,36
Jayden Blanc - 34,Other / Unknown,Jayden,Unknown,Unknown
Jayden Sarcelle - 38,Other / Unknown,Jayden,Unknown,Unknown
Jayden Noir - 33,Other / Unknown,Jayden,Unknown,Unknown
Jayden Rennes - 32,Other / Unknown,Jayden,Unknown,Unknown
Jayden Blanc - 33,Other / Unknown,Jayden,Unknown,Unknown
Jayden Biscotti - 29,Other / Unknown,Jayden,Unknown,Unknown
Jayden Acid Noir - 34,Other / Unknown,Jayden,Unknown,Unknown
Jayden Acid Noir - 30,Other / Unknown,Jayden,Unknown,Unknown
Jayden Biscotti - 33,Other / Unknown,Jayden,Unknown,Unknown
Jayden Noir - 31,Other / Unknown,Jayden,Unknown,Unknown
Jayden Noir - 28,Other / Unknown,Jayden,Unknown,Unknown
Jayden Blanc - 28,Other / Unknown,Jayden,Unknown,Unknown
Jayden Distressed Sunset - 31,Other / Unknown,Jayden,Unknown,Unknown
Jayden Rennes - 33,Other / Unknown,Jayden,Unknown,Unknown
Jayden Biscotti - 32,Other / Unknown,Jayden,Unknown,Unknown
Jayden Distressed Sunset - 28,Other / Unknown,Jayden,Unknown,Unknown
Jayden Sarcelle - 33,Other / Unknown,Jayden,Unknown,Unknown
Jayden Rennes - 29,Other / Unknown,Jayden,Unknown,Unknown
Jayden Distressed Sunset,Other / Unknown,Jayden,Unknown,Unknown
Jayden Rennes - 34,Other / Unknown,Jayden,Unknown,Unknown
Jayden Sarcelle,Other / Unknown,Jayden,Unknown,Unknown
Jayden Rennes - 28,Other / Unknown,Jayden,Unknown,Unknown
Jayden Blanc - 31,Other / Unknown,Jayden,Unknown,Unknown
Jayden Acid Noir - 33,Other / Unknown,Jayden,Unknown,Unknown
Jayden Sarcelle - 36,Other / Unknown,Jayden,Unknown,Unknown
Jayden Biscotti - 34,Other / Unknown,Jayden,Unknown,Unknown
Jeter Varsity Suede Carolina - Carolina / S,Other / Unknown,Jeter,Unknown,S
Jeter Varsity Suede Carolina - Carolina / L,Other / Unknown,Jeter,Unknown,L
Jeter Varsity Suede Carolina - Carolina / M,Other / Unknown,Jeter,Unknown,M
Jeter Varsity Suede Carolina - Carolina / XL,Other / Unknown,Jeter,Unknown,XL
Jeter Varsity Suede Carolina,Other / Unknown,Jeter,Unknown,Unknown
Justin Wind - Wind / XXL,Other / Unknown,Justin,Unknown,XXL
Justin Wind - Wind / M,Other / Unknown,Justin,Unknown,M
Justin Malachite - Malachite / S,Other / Unknown,Justin,Unknown,S
Justin Wind - Wind / S,Other / Unknown,Justin,Unknown,S
Justin Earth - Earth / M,Other / Unknown,Justin,Unknown,M
Justin Fire - Fire / XS,Other / Unknown,Justin,Unknown,XS
Justin Noir - Noir / M,Other / Unknown,Justin,Unknown,M
Justin Malachite - Malachite / M,Other / Unknown,Justin,Unknown,M
Justin Wind - Wind / XS,Other / Unknown,Justin,Unknown,XS
Justin Malachite - Malachite / L,Other / Unknown,Justin,Unknown,L
Justin Sandstorm - Sandstorm / XXL,Other / Unknown,Justin,Unknown,XXL
Justin Fire - Fire / L,Other / Unknown,Justin,Unknown,L
Justin Earth - Earth / S,Other / Unknown,Justin,Unknown,S
Justin Noir - Noir / S,Other / Unknown,Justin,Unknown,S
Justin Noir - Noir / XS,Other / Unknown,Justin,Unknown,XS
Justin Wind - Wind / L,Other / Unknown,Justin,Unknown,L
Justin Sandstorm - Sandstorm / S,Other / Unknown,Justin,Unknown,S
Justin Malachite - Malachite / XXL,Other / Unknown,Justin,Unknown,XXL
Justin Noir - Noir / XL,Other / Unknown,Justin,Unknown,XL
Justin Sandstorm - Sandstorm / XL,Other / Unknown,Justin,Unknown,XL
Justin Sandstorm - Sandstorm / XS,Other / Unknown,Justin,Unknown,XS
Justin Malachite - Malachite / XS,Other / Unknown,Justin,Unknown,XS
Justin Sandstorm - Sandstorm / L,Other / Unknown,Justin,Unknown,L
Justin Earth - Earth / XS,Other / Unknown,Justin,Unknown,XS
Justin Malachite - Malachite / XL,Other / Unknown,Justin,Unknown,XL
Justin Fire - Fire / XXL,Other / Unknown,Justin,Unknown,XXL
Justin Sandstorm - Sandstorm / M,Other / Unknown,Justin,Unknown,M
Justin Noir - Noir / XXL,Other / Unknown,Justin,Unknown,XXL
Justin Noir - Noir / L,Other / Unknown,Justin,Unknown,L
Justin Wind - Wind / XL,Other / Unknown,Justin,Unknown,XL
Kobe Short Distressed Soho Light Vintage - 31,Other / Unknown,Kobe,Unknown,Unknown
Kobe Short Distressed Soho Light Vintage - 33,Other / Unknown,Kobe,Unknown,Unknown
Kobe Short Destroyed Blanc - 33,Other / Unknown,Kobe,Unknown,Unknown
Kobe Short Destroyed Blanc - 34,Other / Unknown,Kobe,Unknown,Unknown
Kobe Short Distressed Soho Light Vintage - 34,Other / Unknown,Kobe,Unknown,Unknown
Kobe Short Destroyed Blanc - 36,Other / Unknown,Kobe,Unknown,Unknown
Kobe Short Saint Germain - 34,Other / Unknown,Kobe,Unknown,Unknown
Kobe Short Distressed Soho Light Vintage - 38,Other / Unknown,Kobe,Unknown,Unknown
Kobe Short Saint Germain - 38,Other / Unknown,Kobe,Unknown,Unknown
Kobe Short Saint Germain - 36,Other / Unknown,Kobe,Unknown,Unknown
Kobe Short Saint Germain - 28,Other / Unknown,Kobe,Unknown,Unknown
Kobe Short Distressed Soho Light Vintage - 36,Other / Unknown,Kobe,Unknown,Unknown
Kobe Short Distressed Soho Light Vintage,Other / Unknown,Kobe,Unknown,Unknown
Kobe Short Distressed Soho Light Vintage - 29,Other / Unknown,Kobe,Unknown,Unknown
Kobe Short Saint Germain - 32,Other / Unknown,Kobe,Unknown,Unknown
Kobe Short Saint Germain - Saint Germain / 29,Other / Unknown,Kobe,Unknown,29
Kobe Short Destroyed Blanc - 30,Other / Unknown,Kobe,Unknown,Unknown
Kobe Short Distressed Soho Light Vintage - 32,Other / Unknown,Kobe,Unknown,Unknown
Kobe Short Distressed Soho Light Vintage - 30,Other / Unknown,Kobe,Unknown,Unknown
Kobe Short Saint Germain - 33,Other / Unknown,Kobe,Unknown,Unknown
Kobe Short Destroyed Blanc - 32,Other / Unknown,Kobe,Unknown,Unknown
Kobe Short Saint Germain - 29,Other / Unknown,Kobe,Unknown,Unknown
Kobe Short Distressed Soho Light Vintage - 40,Other / Unknown,Kobe,Unknown,Unknown
Kobe Short Destroyed Blanc - 31,Other / Unknown,Kobe,Unknown,Unknown
Kobe Short Distressed Soho Light Vintage - 28,Other / Unknown,Kobe,Unknown,Unknown
Kobe Short Saint Germain - 40,Other / Unknown,Kobe,Unknown,Unknown
Kobe Short Destroyed Blanc - 28,Other / Unknown,Kobe,Unknown,Unknown
Kobe Short Saint Germain - 30,Other / Unknown,Kobe,Unknown,Unknown
Kobe Short Saint Germain - 31,Other / Unknown,Kobe,Unknown,Unknown
Ledger Cropped Distressed Capri - 29,Other / Unknown,Ledger,Unknown,Unknown
Ledger Cropped Distressed Capri - 31,Other / Unknown,Ledger,Unknown,Unknown
Ledger Cropped Distressed Capri - Cropped Dist Capri / 28,Other / Unknown,Ledger,Unknown,28
Ledger Cropped Distressed Capri - Cropped Dist Capri / 31,Other / Unknown,Ledger,Unknown,31
Ledger Cropped Distressed Capri - Cropped Dist Capri / 29,Other / Unknown,Ledger,Unknown,29
Ledger Cropped Distressed Capri - 32,Other / Unknown,Ledger,Unknown,Unknown
Ledger Cropped Distressed Capri - 28,Other / Unknown,Ledger,Unknown,Unknown
Ledger Cropped Distressed Capri - Cropped Dist Capri / 30,Other / Unknown,Ledger,Unknown,30
Ledger Cropped Distressed Capri - Cropped Dist Capri / 38,Other / Unknown,Ledger,Unknown,38
Ledger Cropped Distressed Capri - 34,Other / Unknown,Ledger,Unknown,Unknown
Ledger Cropped Distressed Capri - Cropped Dist Capri / 36,Other / Unknown,Ledger,Unknown,36
Ledger Cropped Distressed Capri - 36,Other / Unknown,Ledger,Unknown,Unknown
Ledger Cropped Distressed Capri - 30,Other / Unknown,Ledger,Unknown,Unknown
Ledger Cropped Distressed Capri - Cropped Dist Capri / 33,Other / Unknown,Ledger,Unknown,33
Ledger Cropped Distressed Capri - Cropped Dist Capri / 34,Other / Unknown,Ledger,Unknown,34
Ledger Cropped Distressed Capri - 33,Other / Unknown,Ledger,Unknown,Unknown
Ledger Cropped Distressed Capri - Cropped Dist Capri / 32,Other / Unknown,Ledger,Unknown,32
Ledger Cropped Distressed Capri - 38,Other / Unknown,Ledger,Unknown,Unknown
Lenny Opera - Opera / 30,Other / Unknown,Lenny,Unknown,30
Lenny Opera - Opera / 31,Other / Unknown,Lenny,Unknown,31
Lenny Opera - Opera / 38,Other / Unknown,Lenny,Unknown,38
Lenny Wilshire - Wilshire / 30,Other / Unknown,Lenny,Unknown,30
Lenny Opera - Opera / 34,Other / Unknown,Lenny,Unknown,34
Lenny Opera - Opera / 32,Other / Unknown,Lenny,Unknown,32
Lenny Wilshire - Wilshire / 38,Other / Unknown,Lenny,Unknown,38
Lenny Wilshire - Wilshire / 33,Other / Unknown,Lenny,Unknown,33
Lenny Opera - Opera / 33,Other / Unknown,Lenny,Unknown,33
Lenny Opera - Opera / 36,Other / Unknown,Lenny,Unknown,36
Lenny Wilshire - Wilshire / 34,Other / Unknown,Lenny,Unknown,34
Lenny Wilshire,Other / Unknown,Lenny,Unknown,Unknown
Lenny Wilshire - Wilshire / 28,Other / Unknown,Lenny,Unknown,28
Lenny Wilshire - Wilshire / 31,Other / Unknown,Lenny,Unknown,31
Lenny Wilshire - Wilshire / 36,Other / Unknown,Lenny,Unknown,36
Lenny Wilshire - Wilshire / 32,Other / Unknown,Lenny,Unknown,32
Lenny Wilshire - Wilshire / 29,Other / Unknown,Lenny,Unknown,29
MFVLA Fuschia - Fuschia / 33,Other / Unknown,MFVLA,Unknown,33
MFVLA AMBER - 40,Other / Unknown,MFVLA,Unknown,Unknown
MFVLA Fuschia - Fuschia / 34,Other / Unknown,MFVLA,Unknown,34
MFVLA AMBER - 34,Other / Unknown,MFVLA,Unknown,Unknown
MFVLA AMBER,Other / Unknown,MFVLA,Unknown,Unknown
MFVLA NOIR - Noir / 36,Other / Unknown,MFVLA,Unknown,36
MFVLA AMBER - Amber / 31,Other / Unknown,MFVLA,Unknown,31
MFVLA AMBER - Amber / 30,Other / Unknown,MFVLA,Unknown,30
MFVLA Fuschia - Fuschia / 32,Other / Unknown,MFVLA,Unknown,32
MFVLA AMBER - 36,Other / Unknown,MFVLA,Unknown,Unknown
MFVLA BLANC - Blanc / 28,Other / Unknown,MFVLA,Unknown,28
MFVLA Fuschia - Fuschia / 31,Other / Unknown,MFVLA,Unknown,31
MFVLA NOIR - 36,Other / Unknown,MFVLA,Unknown,Unknown
MFVLA Fuschia - Fuschia / 36,Other / Unknown,MFVLA,Unknown,36
MFVLA NOIR - Noir / 28,Other / Unknown,MFVLA,Unknown,28
MFVLA AMBER - Amber / 29,Other / Unknown,MFVLA,Unknown,29
MFVLA AMBER - 38,Other / Unknown,MFVLA,Unknown,Unknown
MFVLA BLANC - Blanc / 36,Other / Unknown,MFVLA,Unknown,36
MFVLA BLANC - Blanc / 30,Other / Unknown,MFVLA,Unknown,30
MFVLA BLANC - Blanc / 38,Other / Unknown,MFVLA,Unknown,38
MFVLA NOIR - Noir / 32,Other / Unknown,MFVLA,Unknown,32
MFVLA Fuschia - Fuschia / 28,Other / Unknown,MFVLA,Unknown,28
MFVLA BLANC - Blanc / 31,Other / Unknown,MFVLA,Unknown,31
MFVLA AMBER - 30,Other / Unknown,MFVLA,Unknown,Unknown
MFVLA BLANC - 30,Other / Unknown,MFVLA,Unknown,Unknown
MFVLA Fuschia,Other / Unknown,MFVLA,Unknown,Unknown
MFVLA NOIR - 28,Other / Unknown,MFVLA,Unknown,Unknown
MFVLA NOIR - Noir / 30,Other / Unknown,MFVLA,Unknown,30
MFVLA Fuschia - Fuschia / 30,Other / Unknown,MFVLA,Unknown,30
MFVLA BLANC - Blanc / 40,Other / Unknown,MFVLA,Unknown,40
MFVLA Fuschia - Fuschia / 40,Other / Unknown,MFVLA,Unknown,40
MFVLA BLANC - 31,Other / Unknown,MFVLA,Unknown,Unknown
MFVLA AMBER - Amber / 40,Other / Unknown,MFVLA,Unknown,40
MFVLA BLANC - 28,Other / Unknown,MFVLA,Unknown,Unknown
MFVLA AMBER - Amber / 32,Other / Unknown,MFVLA,Unknown,32
MFVLA AMBER - 32,Other / Unknown,MFVLA,Unknown,Unknown
MFVLA AMBER - Amber / 28,Other / Unknown,MFVLA,Unknown,28
MFVLA AMBER - 28,Other / Unknown,MFVLA,Unknown,Unknown
MFVLA Fuschia - Fuschia / 38,Other / Unknown,MFVLA,Unknown,38
MFVLA NOIR - 30,Other / Unknown,MFVLA,Unknown,Unknown
MFVLA AMBER - 31,Other / Unknown,MFVLA,Unknown,Unknown
MFVLA NOIR - Noir / 31,Other / Unknown,MFVLA,Unknown,31
MFVLA1 Añil rayado - 38,Other / Unknown,MFVLA1,Unknown,Unknown
MFVLA1 Añil rayado - 31,Other / Unknown,MFVLA1,Unknown,Unknown
MFVLA1 Añil rayado,Other / Unknown,MFVLA1,Unknown,Unknown
Maverick Carbon - S,Other / Unknown,Maverick,Unknown,Unknown
Maverick Silk Steel Blue - Steel Blue / XXL,Other / Unknown,Maverick,Unknown,XXL
Maverick Carbon - XS,Other / Unknown,Maverick,Unknown,Unknown
Maverick Noir - Noir / M,Other / Unknown,Maverick,Unknown,M
Maverick Noir - XL,Other / Unknown,Maverick,Unknown,Unknown
Maverick Noir - S,Other / Unknown,Maverick,Unknown,Unknown
Maverick Carbon - L,Other / Unknown,Maverick,Unknown,Unknown
Maverick Suede Olive - XXL,Other / Unknown,Maverick,Unknown,Unknown
Maverick Suede Olive,Other / Unknown,Maverick,Unknown,Unknown
Maverick Noir - M,Other / Unknown,Maverick,Unknown,Unknown
Maverick Rodeo Drive - XXL,Other / Unknown,Maverick,Unknown,Unknown
Maverick Suede Olive - S,Other / Unknown,Maverick,Unknown,Unknown
Maverick Noir - XXL,Other / Unknown,Maverick,Unknown,Unknown
Maverick Suede Olive - XS,Other / Unknown,Maverick,Unknown,Unknown
Maverick Carbon - XXL,Other / Unknown,Maverick,Unknown,Unknown
Maverick Suede Olive - L,Other / Unknown,Maverick,Unknown,Unknown
Maverick Suede Olive - XXL / Olive,Other / Unknown,Maverick,Unknown,Olive
Maverick Rodeo Drive - S,Other / Unknown,Maverick,Unknown,Unknown
Maverick Rodeo Drive - L,Other / Unknown,Maverick,Unknown,Unknown
Maverick Suede Taupe - S,Other / Unknown,Maverick,Unknown,Unknown
Maverick Suede Olive - Olive / XS,Other / Unknown,Maverick,Unknown,XS
Maverick Rodeo Drive - XL,Other / Unknown,Maverick,Unknown,Unknown
Maverick Noir - Noir / XXL,Other / Unknown,Maverick,Unknown,XXL
Maverick Noir - Noir / XS,Other / Unknown,Maverick,Unknown,XS
Maverick Suede Olive - Olive / XL,Other / Unknown,Maverick,Unknown,XL
Maverick Carbon - XL,Other / Unknown,Maverick,Unknown,Unknown
Maverick Rodeo Drive - M,Other / Unknown,Maverick,Unknown,Unknown
Maverick Suede Taupe - M,Other / Unknown,Maverick,Unknown,Unknown
Maverick Suede Taupe - XL,Other / Unknown,Maverick,Unknown,Unknown
Maverick Suede Olive - L / Olive,Other / Unknown,Maverick,Unknown,Olive
Maverick Ante Taupe - S,Other / Unknown,Maverick,Unknown,Unknown
Maverick Silk Steel Blue,Other / Unknown,Maverick,Unknown,Unknown
Maverick Suede Taupe - XXL,Other / Unknown,Maverick,Unknown,Unknown
Maverick Suede Olive - XS / Olive,Other / Unknown,Maverick,Unknown,Olive
Maverick Ante Taupe,Other / Unknown,Maverick,Unknown,Unknown
Maverick Noir - Noir / S,Other / Unknown,Maverick,Unknown,S
Maverick Noir,Other / Unknown,Maverick,Unknown,Unknown
Maverick Rodeo Drive,Other / Unknown,Maverick,Unknown,Unknown
Maverick Suede Taupe - XS,Other / Unknown,Maverick,Unknown,Unknown
Maverick Suede Olive - S / Olive,Other / Unknown,Maverick,Unknown,Olive
Maverick Suede Olive - XL / Olive,Other / Unknown,Maverick,Unknown,Olive
Maverick Silk Steel Blue - Steel Blue / M,Other / Unknown,Maverick,Unknown,M
Maverick Silk Steel Blue - Steel Blue / S,Other / Unknown,Maverick,Unknown,S
Maverick Noir - Noir / XL,Other / Unknown,Maverick,Unknown,XL
Maverick Suede Olive - Olive / M,Other / Unknown,Maverick,Unknown,M
Maverick Carbon,Other / Unknown,Maverick,Unknown,Unknown
Maverick Noir - XS,Other / Unknown,Maverick,Unknown,Unknown
Maverick Suede Olive - Olive / XXL,Other / Unknown,Maverick,Unknown,XXL
Maverick Silk Steel Blue - Steel Blue / XL,Other / Unknown,Maverick,Unknown,XL
Maverick Noir - L,Other / Unknown,Maverick,Unknown,Unknown
Maverick Carbon - M,Other / Unknown,Maverick,Unknown,Unknown
Maverick Suede Taupe,Other / Unknown,Maverick,Unknown,Unknown
Maverick Suede Olive - M,Other / Unknown,Maverick,Unknown,Unknown
Maverick Suede Taupe - L,Other / Unknown,Maverick,Unknown,Unknown
Milano Noir - Noir / 40,Other / Unknown,Milano,Unknown,40
Milano Noir,Other / Unknown,Milano,Unknown,Unknown
Milano Noir - 40,Other / Unknown,Milano,Unknown,Unknown
Milano Noir - 38,Other / Unknown,Milano,Unknown,Unknown
Milano Noir - 28,Other / Unknown,Milano,Unknown,Unknown
Milano Noir - 30,Other / Unknown,Milano,Unknown,Unknown
Milano Noir - 32,Other / Unknown,Milano,Unknown,Unknown
Milano Noir - 29,Other / Unknown,Milano,Unknown,Unknown
Milano Noir - 36,Other / Unknown,Milano,Unknown,Unknown
Milano Noir - 33,Other / Unknown,Milano,Unknown,Unknown
Milano Noir - 31,Other / Unknown,Milano,Unknown,Unknown
Milano Noir - 34,Other / Unknown,Milano,Unknown,Unknown
Milano Noir - Noir / 28,Other / Unknown,Milano,Unknown,28
Package Protetion  Valid in US. - $4.98,Other / Unknown,Package,Unknown,Unknown
Package Protection Valid in US. - $4.98,Other / Unknown,Package,Unknown,Unknown
Package Protetion  Valid in US. - $2.98,Other / Unknown,Package,Unknown,Unknown
Package Protection Valid in US. - $6.98,Other / Unknown,Package,Unknown,Unknown
Package Protetion  Valid in US. - $3.98,Other / Unknown,Package,Unknown,Unknown
Package Protetion  Valid in US. - $4.48,Other / Unknown,Package,Unknown,Unknown
Package Protetion  Valid in US. - $7.98,Other / Unknown,Package,Unknown,Unknown
Package Protetion  Valid in US. - $6.98,Other / Unknown,Package,Unknown,Unknown
Package Protetion  Valid in US. - $7.48,Other / Unknown,Package,Unknown,Unknown
Package Protetion  Valid in US. - $8.48,Other / Unknown,Package,Unknown,Unknown
Package Protetion  Valid in US. - $5.98,Other / Unknown,Package,Unknown,Unknown
Package Protetion  Valid in US. - $6.48,Other / Unknown,Package,Unknown,Unknown
Package Protection Valid in US. - $4.48,Other / Unknown,Package,Unknown,Unknown
Package Protetion  Valid in US. - $5.48,Other / Unknown,Package,Unknown,Unknown
Pierce Towel Terry Noir - Noir / XL,Other / Unknown,Pierce,Unknown,XL
Pierce Towel Terry Light Grey - S / Light Grey,Other / Unknown,Pierce,Unknown,Light Grey
Pierce Blanc - M,Other / Unknown,Pierce,Unknown,Unknown
Pierce Blanc - S,Other / Unknown,Pierce,Unknown,Unknown
Pierce Olive - L,Other / Unknown,Pierce,Unknown,Unknown
Pierce Towel Terry Light Grey - Light Grey / XXL,Other / Unknown,Pierce,Unknown,XXL
Pierce Towel Terry Noir - Noir / XXL,Other / Unknown,Pierce,Unknown,XXL
Pierce Blanc - XS,Other / Unknown,Pierce,Unknown,Unknown
Pierce Noir - XL,Other / Unknown,Pierce,Unknown,Unknown
Pierce Towel Terry Light Grey - XL,Other / Unknown,Pierce,Unknown,Unknown
Pierce Long Noir - Noir / L,Other / Unknown,Pierce,Unknown,L
Pierce Long Light Grey - Light Grey / XXL,Other / Unknown,Pierce,Unknown,XXL
Pierce Olive - XS,Other / Unknown,Pierce,Unknown,Unknown
Pierce Long Noir - Noir / S,Other / Unknown,Pierce,Unknown,S
Pierce Towel Terry Noir - Noir / S,Other / Unknown,Pierce,Unknown,S
Pierce Towel Terry Light Grey - Light Grey / XL,Other / Unknown,Pierce,Unknown,XL
Pierce Noir - XS,Other / Unknown,Pierce,Unknown,Unknown
Pierce Noir - S,Other / Unknown,Pierce,Unknown,Unknown
Pierce Blanc - XL,Other / Unknown,Pierce,Unknown,Unknown
Pierce Noir,Other / Unknown,Pierce,Unknown,Unknown
Pierce Towel Terry Noir - M / Noir,Other / Unknown,Pierce,Unknown,Noir
Pierce Towel Terry Light Grey - S,Other / Unknown,Pierce,Unknown,Unknown
Pierce Olive - M,Other / Unknown,Pierce,Unknown,Unknown
Pierce Blanc - L,Other / Unknown,Pierce,Unknown,Unknown
Pierce Towel Terry Noir - S / Noir,Other / Unknown,Pierce,Unknown,Noir
Pierce Towel Terry Noir - M,Other / Unknown,Pierce,Unknown,Unknown
Pierce Towel Terry Noir - L / Noir,Other / Unknown,Pierce,Unknown,Noir
Pierce Long Light Grey - Light Grey / M,Other / Unknown,Pierce,Unknown,M
Pierce Towel Terry Noir - XL,Other / Unknown,Pierce,Unknown,Unknown
Pierce Blanc,Other / Unknown,Pierce,Unknown,Unknown
Pierce Towel Terry Light Grey - L / Light Grey,Other / Unknown,Pierce,Unknown,Light Grey
Pierce Towel Terry Light Grey - Light Grey / M,Other / Unknown,Pierce,Unknown,M
Pierce Olive - S,Other / Unknown,Pierce,Unknown,Unknown
Pierce Noir - M,Other / Unknown,Pierce,Unknown,Unknown
Pierce Towel Terry Light Grey - Light Grey / L,Other / Unknown,Pierce,Unknown,L
Pierce Olive,Other / Unknown,Pierce,Unknown,Unknown
Pierce Olive - XL,Other / Unknown,Pierce,Unknown,Unknown
Pierce Towel Terry Noir - L,Other / Unknown,Pierce,Unknown,Unknown
Pierce Long Noir - Noir / XXL,Other / Unknown,Pierce,Unknown,XXL
Pierce Noir - L,Other / Unknown,Pierce,Unknown,Unknown
Pierce Long Noir - Noir / M,Other / Unknown,Pierce,Unknown,M
Pierce Noir - XXL,Other / Unknown,Pierce,Unknown,Unknown
Pierce Towel Terry Noir - Noir / M,Other / Unknown,Pierce,Unknown,M
Pierce Towel Terry Noir,Other / Unknown,Pierce,Unknown,Unknown
Pierce Towel Terry Light Grey - Light Grey / S,Other / Unknown,Pierce,Unknown,S
Pierce Olive - XXL,Other / Unknown,Pierce,Unknown,Unknown
Pierce Towel Terry Noir - XXL,Other / Unknown,Pierce,Unknown,Unknown
Pierce Towel Terry Noir - Noir / L,Other / Unknown,Pierce,Unknown,L
Pierce Towel Terry Light Grey - M,Other / Unknown,Pierce,Unknown,Unknown
Pierce Towel Terry Noir - S,Other / Unknown,Pierce,Unknown,Unknown
Preston Bordeaux - Bordeaux / 40,Other / Unknown,Preston,Unknown,40
Preston Light Grey - Light Grey / 29,Other / Unknown,Preston,Unknown,29
Preston Linen Sand - Sand / 36,Other / Unknown,Preston,Unknown,36
Preston Nantes - Nantes / 38,Other / Unknown,Preston,Unknown,38
Preston Verdant - 30,Other / Unknown,Preston,Unknown,Unknown
Preston Blanc - Blanc / 34,Other / Unknown,Preston,Unknown,34
Preston Blanc - 40,Other / Unknown,Preston,Unknown,Unknown
Preston Olympique - Olympique / 36,Other / Unknown,Preston,Unknown,36
Preston Aberdeen - 36,Other / Unknown,Preston,Unknown,Unknown
Preston Noir - Noir / 36,Other / Unknown,Preston,Unknown,36
Preston Linen Light Grey - Light Grey / 34,Other / Unknown,Preston,Unknown,34
Preston Malachite - Malachite / 38,Other / Unknown,Preston,Unknown,38
Preston Noir Flare,Other / Unknown,Preston,Unknown,Unknown
Preston Verdant - 33,Other / Unknown,Preston,Unknown,Unknown
Preston Verdant - 29,Other / Unknown,Preston,Unknown,Unknown
Preston Mallorca - 38,Other / Unknown,Preston,Unknown,Unknown
Preston Mallorca - Mallorca / 28,Other / Unknown,Preston,Unknown,28
Preston Malachite - 38,Other / Unknown,Preston,Unknown,Unknown
Preston Mallorca - Mallorca / 31,Other / Unknown,Preston,Unknown,31
Preston Light Grey - Light Grey / 36,Other / Unknown,Preston,Unknown,36
Preston Light Grey - Light Grey / 33,Other / Unknown,Preston,Unknown,33
Preston Mallorca - 34,Other / Unknown,Preston,Unknown,Unknown
Preston Sand - Sand / 38,Other / Unknown,Preston,Unknown,38
Preston Linen Sand - Sand / 34,Other / Unknown,Preston,Unknown,34
Preston Linen Nantes - Nantes / 34,Other / Unknown,Preston,Unknown,34
Preston Blanc - 42,Other / Unknown,Preston,Unknown,Unknown
Preston Linen Nantes - Nantes / 31,Other / Unknown,Preston,Unknown,31
Preston Malachite - 31,Other / Unknown,Preston,Unknown,Unknown
Preston Sandstorm - Sandstorm / 33,Other / Unknown,Preston,Unknown,33
Preston Rodium - Rodium / 31,Other / Unknown,Preston,Unknown,31
Preston Linen Light Grey - Light Grey / 30,Other / Unknown,Preston,Unknown,30
Preston Bordeaux - Bordeaux / 36,Other / Unknown,Preston,Unknown,36
Preston Noir Flare - 40,Other / Unknown,Preston,Unknown,Unknown
Preston Beige Bandana,Other / Unknown,Preston,Unknown,Unknown
Preston Beige Bandana - 28,Other / Unknown,Preston,Unknown,Unknown
Preston Blanc - Blanc / 36,Other / Unknown,Preston,Unknown,36
Preston Mallorca - 36,Other / Unknown,Preston,Unknown,Unknown
Preston Sandstorm - Sandstorm / 34,Other / Unknown,Preston,Unknown,34
Preston Noir - Noir / 31,Other / Unknown,Preston,Unknown,31
Preston Sandstorm - Sandstorm / 40,Other / Unknown,Preston,Unknown,40
Preston Verdant - 34,Other / Unknown,Preston,Unknown,Unknown
Preston Aberdeen - 30,Other / Unknown,Preston,Unknown,Unknown
Preston Sandstorm - Sandstorm / 38,Other / Unknown,Preston,Unknown,38
Preston Blanc - 30,Other / Unknown,Preston,Unknown,Unknown
Preston Sandstorm,Other / Unknown,Preston,Unknown,Unknown
Preston Linen Light Grey - Light Grey / 36,Other / Unknown,Preston,Unknown,36
Preston Linen Olympique - Olympique / 36,Other / Unknown,Preston,Unknown,36
Preston Nantes - Nantes / 34,Other / Unknown,Preston,Unknown,34
Preston Army - Army / 29,Other / Unknown,Preston,Unknown,29
Preston Mallorca - 32,Other / Unknown,Preston,Unknown,Unknown
Preston Noir Flare - 29,Other / Unknown,Preston,Unknown,Unknown
Preston Mallorca - 33,Other / Unknown,Preston,Unknown,Unknown
Preston Malachite - 36,Other / Unknown,Preston,Unknown,Unknown
Preston Linen Light Grey - Light Grey / 32,Other / Unknown,Preston,Unknown,32
Preston Nantes - Nantes / 36,Other / Unknown,Preston,Unknown,36
Preston Malachite - 34,Other / Unknown,Preston,Unknown,Unknown
Preston Sand - Sand / 30,Other / Unknown,Preston,Unknown,30
Preston Sandstorm - Sandstorm / 30,Other / Unknown,Preston,Unknown,30
Preston Sandstorm - Sandstorm / 29,Other / Unknown,Preston,Unknown,29
Preston Linen Army - Army / 36,Other / Unknown,Preston,Unknown,36
Preston Malachite - Malachite / 28,Other / Unknown,Preston,Unknown,28
Preston Linen Light Grey - Light Grey / 29,Other / Unknown,Preston,Unknown,29
Preston Noir - Noir / 33,Other / Unknown,Preston,Unknown,33
Preston Mallorca - Mallorca / 32,Other / Unknown,Preston,Unknown,32
Preston Nantes - Nantes / 29,Other / Unknown,Preston,Unknown,29
Preston Bordeaux - Bordeaux / 33,Other / Unknown,Preston,Unknown,33
Preston Noir Flare - 36,Other / Unknown,Preston,Unknown,Unknown
Preston Light Grey - Light Grey / 28,Other / Unknown,Preston,Unknown,28
Preston Beige Bandana - 36,Other / Unknown,Preston,Unknown,Unknown
Preston Linen Light Grey - Light Grey / 28,Other / Unknown,Preston,Unknown,28
Preston Aberdeen - 33,Other / Unknown,Preston,Unknown,Unknown
Preston Light Grey - Light Grey / 30,Other / Unknown,Preston,Unknown,30
Preston Beige Bandana - 31,Other / Unknown,Preston,Unknown,Unknown
Preston Bordeaux - Bordeaux / 31,Other / Unknown,Preston,Unknown,31
Preston Army - Army / 30,Other / Unknown,Preston,Unknown,30
Preston Noir Flare - Noir Flare / 30,Other / Unknown,Preston,Unknown,30
Preston Nantes - Nantes / 33,Other / Unknown,Preston,Unknown,33
Preston Malachite - Malachite / 34,Other / Unknown,Preston,Unknown,34
Preston Sand - Sand / 29,Other / Unknown,Preston,Unknown,29
Preston Blanc,Other / Unknown,Preston,Unknown,Unknown
Preston Aberdeen - 32,Other / Unknown,Preston,Unknown,Unknown
Preston Linen Sand - Sand / 38,Other / Unknown,Preston,Unknown,38
Preston Bordeaux - Bordeaux / 38,Other / Unknown,Preston,Unknown,38
Preston Light Grey - 36,Other / Unknown,Preston,Unknown,Unknown
Preston Light Grey - Light Grey / 34,Other / Unknown,Preston,Unknown,34
Preston Rodium - Rodium / 34,Other / Unknown,Preston,Unknown,34
Preston Light Grey - 32,Other / Unknown,Preston,Unknown,Unknown
Preston Blanc - 36,Other / Unknown,Preston,Unknown,Unknown
Preston Beige Bandana - Beige Bandana / 33,Other / Unknown,Preston,Unknown,33
Preston Bordeaux - Bordeaux / 28,Other / Unknown,Preston,Unknown,28
Preston Olympique - Olympique / 28,Other / Unknown,Preston,Unknown,28
Preston Verdant - 36,Other / Unknown,Preston,Unknown,Unknown
Preston Olympique - Olympique / 29,Other / Unknown,Preston,Unknown,29
Preston Noir - Noir / 32,Other / Unknown,Preston,Unknown,32
Preston Olympique - Olympique / 30,Other / Unknown,Preston,Unknown,30
Preston Blanc - Blanc / 32,Other / Unknown,Preston,Unknown,32
Preston Linen Nantes - Nantes / 28,Other / Unknown,Preston,Unknown,28
Preston Noir - Noir / 30,Other / Unknown,Preston,Unknown,30
Preston Blanc - 29,Other / Unknown,Preston,Unknown,Unknown
Preston Noir Flare - 38,Other / Unknown,Preston,Unknown,Unknown
Preston Sandstorm - Sandstorm / 31,Other / Unknown,Preston,Unknown,31
Preston Noir Flare - 32,Other / Unknown,Preston,Unknown,Unknown
Preston Rodium - Rodium / 32,Other / Unknown,Preston,Unknown,32
Preston Verdant - 28,Other / Unknown,Preston,Unknown,Unknown
Preston Linen Army - Army / 28,Other / Unknown,Preston,Unknown,28
Preston Mallorca - 28,Other / Unknown,Preston,Unknown,Unknown
Preston Blanc - Blanc / 40,Other / Unknown,Preston,Unknown,40
Preston Linen Army - Army / 31,Other / Unknown,Preston,Unknown,31
Preston Beige Bandana - 32,Other / Unknown,Preston,Unknown,Unknown
Preston Beige Bandana - Beige Bandana / 32,Other / Unknown,Preston,Unknown,32
Preston Mallorca - Mallorca / 30,Other / Unknown,Preston,Unknown,30
Preston Bordeaux - Bordeaux / 34,Other / Unknown,Preston,Unknown,34
Preston Rodium - Rodium / 38,Other / Unknown,Preston,Unknown,38
Preston Sandstorm - Sandstorm / 36,Other / Unknown,Preston,Unknown,36
Preston Noir - Noir / 28,Other / Unknown,Preston,Unknown,28
Preston Beige Bandana - Beige Bandana / 38,Other / Unknown,Preston,Unknown,38
Preston Mallorca - Mallorca / 38,Other / Unknown,Preston,Unknown,38
Preston Malachite - 30,Other / Unknown,Preston,Unknown,Unknown
Preston Blanc - 33,Other / Unknown,Preston,Unknown,Unknown
Preston Noir Flare - Noir Flare / 31,Other / Unknown,Preston,Unknown,31
Preston Aberdeen - 34,Other / Unknown,Preston,Unknown,Unknown
Preston Noir Flare - 30,Other / Unknown,Preston,Unknown,Unknown
Preston Linen Sand - Sand / 28,Other / Unknown,Preston,Unknown,28
Preston Mallorca - 31,Other / Unknown,Preston,Unknown,Unknown
Preston Rodium - Rodium / 33,Other / Unknown,Preston,Unknown,33
Preston Sand - Sand / 28,Other / Unknown,Preston,Unknown,28
Preston Blanc - Blanc / 28,Other / Unknown,Preston,Unknown,28
Preston Noir - Noir / 34,Other / Unknown,Preston,Unknown,34
Preston Nantes - Nantes / 32,Other / Unknown,Preston,Unknown,32
Preston Army - Army / 28,Other / Unknown,Preston,Unknown,28
Preston Aberdeen - Aberdeen / 28,Other / Unknown,Preston,Unknown,28
Preston Noir Flare - 33,Other / Unknown,Preston,Unknown,Unknown
Preston Mallorca - Mallorca / 34,Other / Unknown,Preston,Unknown,34
Preston Army - Army / 40,Other / Unknown,Preston,Unknown,40
Preston Nantes,Other / Unknown,Preston,Unknown,Unknown
Preston Mallorca - 30,Other / Unknown,Preston,Unknown,Unknown
Preston Linen Sand - Sand / 31,Other / Unknown,Preston,Unknown,31
Preston Beige Bandana - Beige Bandana / 31,Other / Unknown,Preston,Unknown,31
Preston Rodium - Rodium / 28,Other / Unknown,Preston,Unknown,28
Preston Aberdeen - 38,Other / Unknown,Preston,Unknown,Unknown
Preston Beige Bandana - Beige Bandana / 28,Other / Unknown,Preston,Unknown,28
Preston Olympique - Olympique / 33,Other / Unknown,Preston,Unknown,33
Preston Light Grey - Light Grey / 32,Other / Unknown,Preston,Unknown,32
Preston Verdant,Other / Unknown,Preston,Unknown,Unknown
Preston Malachite - Malachite / 32,Other / Unknown,Preston,Unknown,32
Preston Noir Flare - Noir Flare / 32,Other / Unknown,Preston,Unknown,32
Preston Beige Bandana - Beige Bandana / 29,Other / Unknown,Preston,Unknown,29
Preston Olympique - Olympique / 34,Other / Unknown,Preston,Unknown,34
Preston Malachite - Malachite / 36,Other / Unknown,Preston,Unknown,36
Preston Beige Bandana - Beige Bandana / 34,Other / Unknown,Preston,Unknown,34
Preston Linen Sand - Sand / 30,Other / Unknown,Preston,Unknown,30
Preston Beige Bandana - 38,Other / Unknown,Preston,Unknown,Unknown
Preston Rodium - Rodium / 30,Other / Unknown,Preston,Unknown,30
Preston Linen Olympique - Olympique / 33,Other / Unknown,Preston,Unknown,33
Preston Linen Olympique - Olympique / 30,Other / Unknown,Preston,Unknown,30
Preston Linen Army - Army / 32,Other / Unknown,Preston,Unknown,32
Preston Nantes - Nantes / 30,Other / Unknown,Preston,Unknown,30
Preston Noir - Noir / 29,Other / Unknown,Preston,Unknown,29
Preston Beige Bandana - Beige Bandana / 30,Other / Unknown,Preston,Unknown,30
Preston Noir Flare - 31,Other / Unknown,Preston,Unknown,Unknown
Preston Olympique - Olympique / 38,Other / Unknown,Preston,Unknown,38
Preston Linen Army - Army / 33,Other / Unknown,Preston,Unknown,33
Preston Noir Flare - 28,Other / Unknown,Preston,Unknown,Unknown
Preston Rodium - Rodium / 36,Other / Unknown,Preston,Unknown,36
Preston Linen Light Grey - Light Grey / 33,Other / Unknown,Preston,Unknown,33
Preston Sandstorm - Sandstorm / 32,Other / Unknown,Preston,Unknown,32
Preston Aberdeen - 29,Other / Unknown,Preston,Unknown,Unknown
Preston Linen Light Grey - Light Grey / 31,Other / Unknown,Preston,Unknown,31
Preston Mallorca - Mallorca / 36,Other / Unknown,Preston,Unknown,36
Preston Noir Flare - Noir Flare / 28,Other / Unknown,Preston,Unknown,28
Preston Light Grey - Light Grey / 38,Other / Unknown,Preston,Unknown,38
Preston Nantes - Nantes / 31,Other / Unknown,Preston,Unknown,31
Preston Linen Army - Army / 38,Other / Unknown,Preston,Unknown,38
Preston Blanc - 34,Other / Unknown,Preston,Unknown,Unknown
Preston Malachite - 28,Other / Unknown,Preston,Unknown,Unknown
Preston Malachite - Malachite / 30,Other / Unknown,Preston,Unknown,30
Preston Aberdeen - Aberdeen / 38,Other / Unknown,Preston,Unknown,38
Preston Verdant - 32,Other / Unknown,Preston,Unknown,Unknown
Preston Bordeaux - Bordeaux / 29,Other / Unknown,Preston,Unknown,29
Preston Olympique - Olympique / 32,Other / Unknown,Preston,Unknown,32
Preston Noir - Noir / 38,Other / Unknown,Preston,Unknown,38
Preston Bordeaux - Bordeaux / 32,Other / Unknown,Preston,Unknown,32
Preston Verdant - 31,Other / Unknown,Preston,Unknown,Unknown
Preston Malachite - Malachite / 40,Other / Unknown,Preston,Unknown,40
Preston Rodium - Rodium / 29,Other / Unknown,Preston,Unknown,29
Preston Nantes - Nantes / 28,Other / Unknown,Preston,Unknown,28
Preston Sandstorm - Sandstorm / 28,Other / Unknown,Preston,Unknown,28
Preston Beige Bandana - 29,Other / Unknown,Preston,Unknown,Unknown
Preston Linen Olympique - Olympique / 28,Other / Unknown,Preston,Unknown,28
Preston Linen Army - Army / 34,Other / Unknown,Preston,Unknown,34
Preston Bordeaux - Bordeaux / 30,Other / Unknown,Preston,Unknown,30
Preston Blanc - 28,Other / Unknown,Preston,Unknown,Unknown
Preston Blanc - 31,Other / Unknown,Preston,Unknown,Unknown
Preston Linen Sand - Sand / 32,Other / Unknown,Preston,Unknown,32
Preston Light Grey - 28,Other / Unknown,Preston,Unknown,Unknown
Preston Linen Army - Army / 29,Other / Unknown,Preston,Unknown,29
Preston Light Grey - 31,Other / Unknown,Preston,Unknown,Unknown
Preston Blanc - 32,Other / Unknown,Preston,Unknown,Unknown
Preston Blanc - 38,Other / Unknown,Preston,Unknown,Unknown
Preston Linen Light Grey - Light Grey / 38,Other / Unknown,Preston,Unknown,38
Preston Beige Bandana - 34,Other / Unknown,Preston,Unknown,Unknown
Preston Aberdeen - 31,Other / Unknown,Preston,Unknown,Unknown
Preston Blanc - Blanc / 38,Other / Unknown,Preston,Unknown,38
Preston Noir Flare - 34,Other / Unknown,Preston,Unknown,Unknown
Raya decano,Other / Unknown,Raya,Unknown,Unknown
Raya decano - L,Other / Unknown,Raya,Unknown,Unknown
Route Package Protection - $6.55,Other / Unknown,Route,Unknown,Unknown
Route Package Protection - $3.35,Other / Unknown,Route,Unknown,Unknown
Route Package Protection - $5.55,Other / Unknown,Route,Unknown,Unknown
Route Package Protection - $19.78,Other / Unknown,Route,Unknown,Unknown
Route Package Protection - $11.98,Other / Unknown,Route,Unknown,Unknown
Route Package Protection - $2.95,Other / Unknown,Route,Unknown,Unknown
Route Package Protection - $0.98,Other / Unknown,Route,Unknown,Unknown
Route Package Protection - $2.75,Other / Unknown,Route,Unknown,Unknown
Route Package Protection - $14.58,Other / Unknown,Route,Unknown,Unknown
Route Package Protection - $9.38,Other / Unknown,Route,Unknown,Unknown
Route Package Protection - $12.63,Other / Unknown,Route,Unknown,Unknown
Route Package Protection - $2.55,Other / Unknown,Route,Unknown,Unknown
Route Package Protection - $10.68,Other / Unknown,Route,Unknown,Unknown
Route Package Protection - $5.75,Other / Unknown,Route,Unknown,Unknown
Route Package Protection - $15.23,Other / Unknown,Route,Unknown,Unknown
Route Package Protection - $4.55,Other / Unknown,Route,Unknown,Unknown
Route Package Protection - $5.35,Other / Unknown,Route,Unknown,Unknown
Route Package Protection - $6.75,Other / Unknown,Route,Unknown,Unknown
Route Package Protection - $17.83,Other / Unknown,Route,Unknown,Unknown
Route Package Protection - $4.35,Other / Unknown,Route,Unknown,Unknown
Route Package Protection - $13.93,Other / Unknown,Route,Unknown,Unknown
Route Package Protection - $4.75,Other / Unknown,Route,Unknown,Unknown
Route Package Protection - $1.95,Other / Unknown,Route,Unknown,Unknown
Route Package Protection - $3.55,Other / Unknown,Route,Unknown,Unknown
Route Package Protection - $5.15,Other / Unknown,Route,Unknown,Unknown
Route Package Protection - $8.35,Other / Unknown,Route,Unknown,Unknown
Route Package Protection - $7.35,Other / Unknown,Route,Unknown,Unknown
Route Package Protection - $31.63,Other / Unknown,Route,Unknown,Unknown
Route Package Protection - $19.13,Other / Unknown,Route,Unknown,Unknown
Route Package Protection - $11.33,Other / Unknown,Route,Unknown,Unknown
Route Package Protection - $8.55,Other / Unknown,Route,Unknown,Unknown
Route Package Protection - $5.95,Other / Unknown,Route,Unknown,Unknown
Route Package Protection - $4.95,Other / Unknown,Route,Unknown,Unknown
Route Package Protection - $6.35,Other / Unknown,Route,Unknown,Unknown
Route Package Protection - $7.55,Other / Unknown,Route,Unknown,Unknown
Route Package Protection - $10.03,Other / Unknown,Route,Unknown,Unknown
Route Package Protection - $3.15,Other / Unknown,Route,Unknown,Unknown
Route Package Protection - $38.88,Other / Unknown,Route,Unknown,Unknown
Route Package Protection - $15.88,Other / Unknown,Route,Unknown,Unknown
Route Package Protection - $24.38,Other / Unknown,Route,Unknown,Unknown
Route Package Protection - $3.95,Other / Unknown,Route,Unknown,Unknown
Ryder Sequin Noir - Sequin Noir / XL,Other / Unknown,Ryder,Unknown,XL
Ryder Sequin Noir - Sequin Noir / S,Other / Unknown,Ryder,Unknown,S
Ryder Sequin Noir - Sequin Noir / M,Other / Unknown,Ryder,Unknown,M
Ryder Sequin Noir - Sequin Noir / XXL,Other / Unknown,Ryder,Unknown,XXL
Ryder Sequin Noir - Sequin Noir / L,Other / Unknown,Ryder,Unknown,L
Ryder Sequin Noir,Other / Unknown,Ryder,Unknown,Unknown
Shipping Protection by Route - $4.35,Other / Unknown,Shipping,Unknown,Unknown
Shipping Protection by Route - $1.95,Other / Unknown,Shipping,Unknown,Unknown
Super Flare Amalfi - 32,Other / Unknown,Super,Unknown,Unknown
Super Flare Amalfi - 34,Other / Unknown,Super,Unknown,Unknown
Super Flare Amalfi - 40,Other / Unknown,Super,Unknown,Unknown
Super Flare Amalfi - 31,Other / Unknown,Super,Unknown,Unknown
Super Flare Vintage Blanc - 28,Other / Unknown,Super,Unknown,Unknown
Super Flare Amalfi - 36,Other / Unknown,Super,Unknown,Unknown
Super Flare Amalfi,Other / Unknown,Super,Unknown,Unknown
Super Flare Amalfi - 30,Other / Unknown,Super,Unknown,Unknown
Super Flare Amalfi - 33,Other / Unknown,Super,Unknown,Unknown
Super Flare Vintage Blanc - 33,Other / Unknown,Super,Unknown,Unknown
Super Flare Amalfi - 29,Other / Unknown,Super,Unknown,Unknown
Super Flare Vintage Blanc - 31,Other / Unknown,Super,Unknown,Unknown
Super Flare Vintage Blanc,Other / Unknown,Super,Unknown,Unknown
Super Flare Amalfi - 28,Other / Unknown,Super,Unknown,Unknown
Tactical Noir,Other / Unknown,Tactical,Unknown,Unknown
Tactical Army - Army / 38,Other / Unknown,Tactical,Unknown,38
Tactical Jade - 32,Other / Unknown,Tactical,Unknown,Unknown
Tactical Mocha - Mocha / 30,Other / Unknown,Tactical,Unknown,30
Tactical Mocha - 32,Other / Unknown,Tactical,Unknown,Unknown
Tactical Army - 29 / Army,Other / Unknown,Tactical,Unknown,Army
Tactical Mocha - 34 / Mocha,Other / Unknown,Tactical,Unknown,Mocha
Tactical Jade - 31,Other / Unknown,Tactical,Unknown,Unknown
Tactical Needle Cord Noir - Noir / 34,Other / Unknown,Tactical,Unknown,34
Tactical Needle Cord Noir - Noir / 36,Other / Unknown,Tactical,Unknown,36
Tactical Mocha - 36,Other / Unknown,Tactical,Unknown,Unknown
Tactical Army - 34 / Army,Other / Unknown,Tactical,Unknown,Army
Tactical Jade - 36,Other / Unknown,Tactical,Unknown,Unknown
Tactical Needle Cord Noir - Noir / 40,Other / Unknown,Tactical,Unknown,40
Tactical Army - Army / 32,Other / Unknown,Tactical,Unknown,32
Tactical Jade - 38,Other / Unknown,Tactical,Unknown,Unknown
Tactical Mocha - Mocha / 29,Other / Unknown,Tactical,Unknown,29
Tactical Army - 32,Other / Unknown,Tactical,Unknown,Unknown
Tactical Mocha - 31,Other / Unknown,Tactical,Unknown,Unknown
Tactical Army - 31,Other / Unknown,Tactical,Unknown,Unknown
Tactical Jade - 33,Other / Unknown,Tactical,Unknown,Unknown
Tactical Mocha - 33,Other / Unknown,Tactical,Unknown,Unknown
Tactical Mocha - 31 / Mocha,Other / Unknown,Tactical,Unknown,Mocha
Tactical Noir - 29,Other / Unknown,Tactical,Unknown,Unknown
Tactical Needle Cord Noir - Noir / 30,Other / Unknown,Tactical,Unknown,30
Tactical Mocha - 40,Other / Unknown,Tactical,Unknown,Unknown
Tactical Noir - 40,Other / Unknown,Tactical,Unknown,Unknown
Tactical Noir - 31,Other / Unknown,Tactical,Unknown,Unknown
Tactical Noir - 38,Other / Unknown,Tactical,Unknown,Unknown
Tactical Army - 38,Other / Unknown,Tactical,Unknown,Unknown
Tactical Needle Cord Noir - Noir / 32,Other / Unknown,Tactical,Unknown,32
Tactical Army - Army / 29,Other / Unknown,Tactical,Unknown,29
Tactical Noir - 33,Other / Unknown,Tactical,Unknown,Unknown
Tactical Mocha - Mocha / 33,Other / Unknown,Tactical,Unknown,33
Tactical Noir - 28,Other / Unknown,Tactical,Unknown,Unknown
Tactical Mocha,Other / Unknown,Tactical,Unknown,Unknown
Tactical Army - 29,Other / Unknown,Tactical,Unknown,Unknown
Tactical Mocha - Mocha / 34,Other / Unknown,Tactical,Unknown,34
Tactical Army - Army / 31,Other / Unknown,Tactical,Unknown,31
Tactical Army - 36 / Army,Other / Unknown,Tactical,Unknown,Army
Tactical Noir - 30,Other / Unknown,Tactical,Unknown,Unknown
Tactical Army - Army / 33,Other / Unknown,Tactical,Unknown,33
Tactical Jade,Other / Unknown,Tactical,Unknown,Unknown
Tactical Jade - 34,Other / Unknown,Tactical,Unknown,Unknown
Tactical Army - 31 / Army,Other / Unknown,Tactical,Unknown,Army
Tactical Mocha - 28,Other / Unknown,Tactical,Unknown,Unknown
Tactical Army - Army / 36,Other / Unknown,Tactical,Unknown,36
Tactical Army - 30,Other / Unknown,Tactical,Unknown,Unknown
Tactical Noir - 36,Other / Unknown,Tactical,Unknown,Unknown
Tactical Army - Army / 40,Other / Unknown,Tactical,Unknown,40
Tactical Mocha - Mocha / 28,Other / Unknown,Tactical,Unknown,28
Tactical Army - Army / 34,Other / Unknown,Tactical,Unknown,34
Tactical Jade - 30,Other / Unknown,Tactical,Unknown,Unknown
Tactical Army,Other / Unknown,Tactical,Unknown,Unknown
Tactical Needle Cord Noir,Other / Unknown,Tactical,Unknown,Unknown
Tactical Noir - 34,Other / Unknown,Tactical,Unknown,Unknown
Tactical Mocha - 30,Other / Unknown,Tactical,Unknown,Unknown
Tactical Noir - 32,Other / Unknown,Tactical,Unknown,Unknown
Tactical Mocha - Mocha / 32,Other / Unknown,Tactical,Unknown,32
Tactical Mocha - 34,Other / Unknown,Tactical,Unknown,Unknown
Tactical Mocha - 28 / Mocha,Other / Unknown,Tactical,Unknown,Mocha
Tactical Army - Army / 30,Other / Unknown,Tactical,Unknown,30
Tactical Needle Cord Noir - Noir / 38,Other / Unknown,Tactical,Unknown,38
Tactical Jade - 28,Other / Unknown,Tactical,Unknown,Unknown
Travis terciopelo negro,Other / Unknown,Travis,Unknown,Unknown
Travis Blanc - L / Blanc,Other / Unknown,Travis,Unknown,Blanc
Travis Blanc - Blanc / S,Other / Unknown,Travis,Unknown,S
Travis Light Grey - Light Grey / M,Other / Unknown,Travis,Unknown,M
Travis Blanc - XL / Blanc,Other / Unknown,Travis,Unknown,Blanc
Travis Sage - XS,Other / Unknown,Travis,Unknown,Unknown
Travis Grey - S,Other / Unknown,Travis,Unknown,Unknown
Travis Noir - S,Other / Unknown,Travis,Unknown,Unknown
Travis Light Grey,Other / Unknown,Travis,Unknown,Unknown
Travis Grey - XL,Other / Unknown,Travis,Unknown,Unknown
Travis Sage - XL,Other / Unknown,Travis,Unknown,Unknown
Travis Noir - XL / Noir,Other / Unknown,Travis,Unknown,Noir
Travis Grey - XXL,Other / Unknown,Travis,Unknown,Unknown
Travis Sage,Other / Unknown,Travis,Unknown,Unknown
Travis Noir,Other / Unknown,Travis,Unknown,Unknown
Travis Noir - M,Other / Unknown,Travis,Unknown,Unknown
Travis Blanc - M,Other / Unknown,Travis,Unknown,Unknown
Travis Blanc - Blanc / M,Other / Unknown,Travis,Unknown,M
Travis Blanc - XS / Blanc,Other / Unknown,Travis,Unknown,Blanc
Travis Noir - L,Other / Unknown,Travis,Unknown,Unknown
Travis Blanc - XS,Other / Unknown,Travis,Unknown,Unknown
Travis Blanc - M / Blanc,Other / Unknown,Travis,Unknown,Blanc
Travis Light Grey - L / Light Grey,Other / Unknown,Travis,Unknown,Light Grey
Travis Blanc - Blanc / XS,Other / Unknown,Travis,Unknown,XS
Travis Blanc - Blanc / XL,Other / Unknown,Travis,Unknown,XL
Travis Sage - XXL,Other / Unknown,Travis,Unknown,Unknown
Travis Blanc - XL,Other / Unknown,Travis,Unknown,Unknown
Travis Grey - M,Other / Unknown,Travis,Unknown,Unknown
Travis Grey - L,Other / Unknown,Travis,Unknown,Unknown
Travis Light Grey - Light Grey / XL,Other / Unknown,Travis,Unknown,XL
Travis Sage - M,Other / Unknown,Travis,Unknown,Unknown
Travis Sage - L,Other / Unknown,Travis,Unknown,Unknown
Travis Light Grey - S,Other / Unknown,Travis,Unknown,Unknown
Travis Blanc - S,Other / Unknown,Travis,Unknown,Unknown
Travis Light Grey - M,Other / Unknown,Travis,Unknown,Unknown
Travis Blanc,Other / Unknown,Travis,Unknown,Unknown
Travis Noir - XL,Other / Unknown,Travis,Unknown,Unknown
Travis Blanc - L,Other / Unknown,Travis,Unknown,Unknown
Travis Grey - XS,Other / Unknown,Travis,Unknown,Unknown
Travis Light Grey - L,Other / Unknown,Travis,Unknown,Unknown
Travis Light Grey - Light Grey / L,Other / Unknown,Travis,Unknown,L
Travis Grey,Other / Unknown,Travis,Unknown,Unknown
Travis Noir - XS,Other / Unknown,Travis,Unknown,Unknown
Trooper Army - 33,Other / Unknown,Trooper,Unknown,Unknown
Trooper Army - 28,Other / Unknown,Trooper,Unknown,Unknown
Trooper Army - 31,Other / Unknown,Trooper,Unknown,Unknown
Trooper Army - 32 / Army,Other / Unknown,Trooper,Unknown,Army
Trooper Army,Other / Unknown,Trooper,Unknown,Unknown
Trooper Army - Army / 36,Other / Unknown,Trooper,Unknown,36
Trooper Army - Army / 33,Other / Unknown,Trooper,Unknown,33
Trooper Army - Army / 32,Other / Unknown,Trooper,Unknown,32
Trooper Plum - Plum / 33,Other / Unknown,Trooper,Unknown,33
Trooper Plum - Plum / 32,Other / Unknown,Trooper,Unknown,32
Trooper Plum - Plum / 30,Other / Unknown,Trooper,Unknown,30
Trooper Army - Army / 28,Other / Unknown,Trooper,Unknown,28
Trooper Army - 36 / Army,Other / Unknown,Trooper,Unknown,Army
Trooper Plum - Plum / 38,Other / Unknown,Trooper,Unknown,38
Trooper Army - 32,Other / Unknown,Trooper,Unknown,Unknown
Trooper Army - Army / 34,Other / Unknown,Trooper,Unknown,34
Trooper Army - 38,Other / Unknown,Trooper,Unknown,Unknown
Trooper Army - 33 / Army,Other / Unknown,Trooper,Unknown,Army
Trooper Plum - Plum / 31,Other / Unknown,Trooper,Unknown,31
Trooper Army - 29,Other / Unknown,Trooper,Unknown,Unknown
Trooper Army - 40,Other / Unknown,Trooper,Unknown,Unknown
Trooper Army - Army / 30,Other / Unknown,Trooper,Unknown,30
Trooper Army - Army / 38,Other / Unknown,Trooper,Unknown,38
Trooper Army - 34,Other / Unknown,Trooper,Unknown,Unknown
Trooper Plum - Plum / 36,Other / Unknown,Trooper,Unknown,36
Trooper Plum - Plum / 34,Other / Unknown,Trooper,Unknown,34
Trooper Army - 30,Other / Unknown,Trooper,Unknown,Unknown
Trooper Army - 36,Other / Unknown,Trooper,Unknown,Unknown
Trooper Army - 28 / Army,Other / Unknown,Trooper,Unknown,Army
Trooper Army - Army / 31,Other / Unknown,Trooper,Unknown,31
V Polo Taupe - XS,Other / Unknown,V,Unknown,Unknown
V Polo Taupe - Taupe / L,Other / Unknown,V,Unknown,L
V Polo Taupe - M,Other / Unknown,V,Unknown,Unknown
V Polo Taupe - Taupe / S,Other / Unknown,V,Unknown,S
V Polo Taupe - Taupe / M,Other / Unknown,V,Unknown,M
V Polo Taupe - L,Other / Unknown,V,Unknown,Unknown
V Polo Taupe - Taupe / XS,Other / Unknown,V,Unknown,XS
V Polo Taupe - Taupe / XL,Other / Unknown,V,Unknown,XL
V Polo Taupe,Other / Unknown,V,Unknown,Unknown
V Polo Taupe - XL,Other / Unknown,V,Unknown,Unknown
V Polo Taupe - XXL,Other / Unknown,V,Unknown,Unknown
Walker Fire - Fire / XS,Other / Unknown,Walker,Unknown,XS
Walker Fire - Fire / S,Other / Unknown,Walker,Unknown,S
Walker Fire - Fire / L,Other / Unknown,Walker,Unknown,L
Walker Wind - Wind / M,Other / Unknown,Walker,Unknown,M
Walker Noir,Other / Unknown,Walker,Unknown,Unknown
Walker Wind - Wind / S,Other / Unknown,Walker,Unknown,S
Walker Earth - Earth / XS,Other / Unknown,Walker,Unknown,XS
Walker Noir - Noir / S,Other / Unknown,Walker,Unknown,S
Walker Earth - Earth / M,Other / Unknown,Walker,Unknown,M
Walker Earth - Earth / XL,Other / Unknown,Walker,Unknown,XL
Walker Fire - Fire / XL,Other / Unknown,Walker,Unknown,XL
Walker Wind - Wind / XS,Other / Unknown,Walker,Unknown,XS
Walker Wind - Wind / L,Other / Unknown,Walker,Unknown,L
Walker Earth - Earth / S,Other / Unknown,Walker,Unknown,S
Walker Noir - Noir / XL,Other / Unknown,Walker,Unknown,XL
Walker Fire - Fire / XXL,Other / Unknown,Walker,Unknown,XXL
Walker Wind - Wind / XXL,Other / Unknown,Walker,Unknown,XXL
Walker Noir - Noir / M,Other / Unknown,Walker,Unknown,M
Walker Wind - Wind / XL,Other / Unknown,Walker,Unknown,XL
Wayne Needle Cord Plum - Plum / M,Other / Unknown,Wayne,Unknown,M
Wayne Vest Needle Cord Noir - Noir / M,Other / Unknown,Wayne,Unknown,M
Wayne Vest Needle Cord Noir - Noir / L,Other / Unknown,Wayne,Unknown,L
Wayne Vest Needle Cord Noir - Noir / XL,Other / Unknown,Wayne,Unknown,XL
Wayne Needle Cord Plum - Plum / L,Other / Unknown,Wayne,Unknown,L
Wayne Vest Needle Cord Noir - Noir / S,Other / Unknown,Wayne,Unknown,S
Wayne Needle Cord Plum - Plum / S,Other / Unknown,Wayne,Unknown,S
Wayne Needle Cord Plum - Plum / XL,Other / Unknown,Wayne,Unknown,XL
Brando Parisian Luxe Malachite - 32,Parisian Luxe,Brando,Malachite,Unknown
Brando Parisian Luxe Pastel Pink - Pastel Pink / 28,Parisian Luxe,Brando,Pastel Pink,28
Brando Parisian Luxe Cafe - 38,Parisian Luxe,Brando,Cafe,Unknown
Brando Parisian Luxe Twilight - Twilight / 32,Parisian Luxe,Brando,Twilight,32
Brando Parisian Luxe Fiji - 40,Parisian Luxe,Brando,Fiji,Unknown
Brando Parisian Luxe Champagne - 38,Parisian Luxe,Brando,Champagne,Unknown
Brando Parisian Luxe Malachite - Malachite / 28,Parisian Luxe,Brando,Malachite,28
Brando Parisian Luxe Army - 30,Parisian Luxe,Brando,Army,Unknown
Brando Parisian Luxe Khaki - Khaki / 36,Parisian Luxe,Brando,Khaki,36
Brando Parisian Luxe Khaki - Khaki / 38,Parisian Luxe,Brando,Khaki,38
Brando Parisian Luxe Dune - Dune / 33,Parisian Luxe,Brando,Dune,33
Brando Parisian Luxe Pastel Pink - 34,Parisian Luxe,Brando,Pastel Pink,Unknown
Brando Parisian Luxe Jade,Parisian Luxe,Brando,Jade,Unknown
Brando Parisian Luxe Verdant - 30,Parisian Luxe,Brando,Verdant,Unknown
Brando Parisian Luxe Fiji - 38,Parisian Luxe,Brando,Fiji,Unknown
Brando Parisian Luxe Noir - 28,Parisian Luxe,Brando,Noir,Unknown
Brando Parisian Luxe Twilight - 28,Parisian Luxe,Brando,Twilight,Unknown
Brando Parisian Luxe Cafe - Cafe / 38,Parisian Luxe,Brando,Cafe,38
Brando Parisian Luxe Toffee - 34,Parisian Luxe,Brando,Toffee,Unknown
Brando Parisian Luxe Light Grey - 40,Parisian Luxe,Brando,Light Grey,Unknown
Brando Parisian Luxe Twilight - 34,Parisian Luxe,Brando,Twilight,Unknown
Brando Parisian Luxe Bordeaux - Bordeaux / 29,Parisian Luxe,Brando,Bordeaux,29
Brando Parisian Luxe Pastel Blue - Pastel Blue / 40,Parisian Luxe,Brando,Pastel Blue,40
Brando Parisian Luxe Vert - Vert / 40,Parisian Luxe,Brando,Vert,40
Brando Parisian Luxe Eiffel Tower - 31,Parisian Luxe,Brando,Eiffel Tower,Unknown
Brando Parisian Luxe Teak,Parisian Luxe,Brando,Teak,Unknown
Brando Parisian Luxe Navy - 33 / Navy,Parisian Luxe,Brando,Navy,Navy
Brando Parisian Luxe Malachite - Malachite / 32,Parisian Luxe,Brando,Malachite,32
Brando Parisian Luxe Dune - Dune / 30,Parisian Luxe,Brando,Dune,30
Brando Parisian Luxe Khaki,Parisian Luxe,Brando,Khaki,Unknown
Brando Parisian Luxe Jade - 30,Parisian Luxe,Brando,Jade,Unknown
Brando Parisian Luxe Malachite - Malachite / 30,Parisian Luxe,Brando,Malachite,30
Brando Parisian Luxe Cairo - 36,Parisian Luxe,Brando,Cairo,Unknown
Brando Parisian Luxe Noir - Noir / 33,Parisian Luxe,Brando,Noir,33
Brando Parisian Luxe Navy - 32 / Navy,Parisian Luxe,Brando,Navy,Navy
Brando Parisian Luxe Cairo,Parisian Luxe,Brando,Cairo,Unknown
Brando Parisian Luxe Twilight - 33,Parisian Luxe,Brando,Twilight,Unknown
Brando Parisian Luxe Verdant - 34,Parisian Luxe,Brando,Verdant,Unknown
Brando Parisian Luxe Malachite - Malachite / 31,Parisian Luxe,Brando,Malachite,31
Brando Parisian Luxe Champagne - 29,Parisian Luxe,Brando,Champagne,Unknown
Brando Parisian Luxe Malachite - Malachite / 34,Parisian Luxe,Brando,Malachite,34
Brando Parisian Luxe Noir - 34,Parisian Luxe,Brando,Noir,Unknown
Brando Parisian Luxe Eiffel Tower,Parisian Luxe,Brando,Eiffel Tower,Unknown
Brando Parisian Luxe Tobacco - 32,Parisian Luxe,Brando,Tobacco,Unknown
Brando Parisian Luxe Bordeaux - 40,Parisian Luxe,Brando,Bordeaux,Unknown
Brando Parisian Luxe Verdant - 33,Parisian Luxe,Brando,Verdant,Unknown
Brando Parisian Luxe Moon Rock - 38,Parisian Luxe,Brando,Moon Rock,Unknown
Brando Parisian Luxe Verdant,Parisian Luxe,Brando,Verdant,Unknown
Brando Parisian Luxe Navy - 30,Parisian Luxe,Brando,Navy,Unknown
Brando Parisian Luxe Eiffel Tower - Eiffel Tower / 32,Parisian Luxe,Brando,Eiffel Tower,32
Brando Parisian Luxe Pastel Pink - 32,Parisian Luxe,Brando,Pastel Pink,Unknown
Brando Parisian Luxe Mocha - 38,Parisian Luxe,Brando,Mocha,Unknown
Brando Parisian Luxe Army - Army / 34,Parisian Luxe,Brando,Army,34
Brando Parisian Luxe Navy - 38,Parisian Luxe,Brando,Navy,Unknown
Brando Parisian Luxe Noir - 34 / Noir,Parisian Luxe,Brando,Noir,Noir
Brando Parisian Luxe Lagoon - 29,Parisian Luxe,Brando,Lagoon,Unknown
Brando Parisian Luxe Light Grey - Light Grey / 36,Parisian Luxe,Brando,Light Grey,36
Brando Parisian Luxe Bordeaux - 34,Parisian Luxe,Brando,Bordeaux,Unknown
Brando Parisian Luxe Vert - Vert / 36,Parisian Luxe,Brando,Vert,36
Brando Parisian Luxe Fiji - 33,Parisian Luxe,Brando,Fiji,Unknown
Brando Parisian Luxe Army - Army / 29,Parisian Luxe,Brando,Army,29
Brando Parisian Luxe Espresso - 30,Parisian Luxe,Brando,Espresso,Unknown
Brando Parisian Luxe Verdant - 29,Parisian Luxe,Brando,Verdant,Unknown
Brando Parisian Luxe Pastel Blue - 40,Parisian Luxe,Brando,Pastel Blue,Unknown
Brando Parisian Luxe Navy - Navy / 30,Parisian Luxe,Brando,Navy,30
Brando Parisian Luxe Verdant - 32,Parisian Luxe,Brando,Verdant,Unknown
Brando Parisian Luxe Army,Parisian Luxe,Brando,Army,Unknown
Brando Parisian Luxe Light Grey,Parisian Luxe,Brando,Light Grey,Unknown
Brando Parisian Luxe Faded Blue - 33,Parisian Luxe,Brando,Faded Blue,Unknown
Brando Parisian Luxe Navy - 36 / Navy,Parisian Luxe,Brando,Navy,Navy
Brando Parisian Luxe Merlot - Merlot / 28,Parisian Luxe,Brando,Merlot,28
Brando Parisian Luxe Moon Rock - 28,Parisian Luxe,Brando,Moon Rock,Unknown
Brando Parisian Luxe Navy - Navy / 34,Parisian Luxe,Brando,Navy,34
Brando Parisian Luxe Navy - Navy / 38,Parisian Luxe,Brando,Navy,38
Brando Parisian Luxe Noir - 32 / Noir,Parisian Luxe,Brando,Noir,Noir
Brando Parisian Luxe Fiji - 32,Parisian Luxe,Brando,Fiji,Unknown
Brando Parisian Luxe Vert,Parisian Luxe,Brando,Vert,Unknown
Brando Parisian Luxe Khaki - 33,Parisian Luxe,Brando,Khaki,Unknown
Brando Parisian Luxe Khaki - 31,Parisian Luxe,Brando,Khaki,Unknown
Brando Parisian Luxe Khaki - 34,Parisian Luxe,Brando,Khaki,Unknown
Brando Parisian Luxe Khaki - Khaki / 31,Parisian Luxe,Brando,Khaki,31
Brando Parisian Luxe Champagne,Parisian Luxe,Brando,Champagne,Unknown
Brando Parisian Luxe Navy,Parisian Luxe,Brando,Navy,Unknown
Brando Parisian Luxe Eiffel Tower - Eiffel Tower / 33,Parisian Luxe,Brando,Eiffel Tower,33
Brando Parisian Luxe Teak - 29,Parisian Luxe,Brando,Teak,Unknown
Brando Parisian Luxe Vert - Vert / 28,Parisian Luxe,Brando,Vert,28
Brando Parisian Luxe Khaki - 36 / Khaki,Parisian Luxe,Brando,Khaki,Khaki
Brando Parisian Luxe Eiffel Tower - 38,Parisian Luxe,Brando,Eiffel Tower,Unknown
Brando Parisian Luxe Juniper - Juniper / 28,Parisian Luxe,Brando,Juniper,28
Brando Parisian Luxe Twilight - Twilight / 36,Parisian Luxe,Brando,Twilight,36
Brando Parisian Luxe Light Grey - 32 / Light Grey,Parisian Luxe,Brando,Light Grey,Light Grey
Brando Parisian Luxe Champagne - 31,Parisian Luxe,Brando,Champagne,Unknown
Brando Parisian Luxe Juniper - Juniper / 34,Parisian Luxe,Brando,Juniper,34
Brando Parisian Luxe Khaki - 32 / Khaki,Parisian Luxe,Brando,Khaki,Khaki
Brando Parisian Luxe Khaki - 28 / Khaki,Parisian Luxe,Brando,Khaki,Khaki
Brando Parisian Luxe Light Grey - 38,Parisian Luxe,Brando,Light Grey,Unknown
Brando Parisian Luxe Fiji - Fiji / 33,Parisian Luxe,Brando,Fiji,33
Brando Parisian Luxe Malachite - Malachite / 38,Parisian Luxe,Brando,Malachite,38
Brando Parisian Luxe Pastel Pink - 30,Parisian Luxe,Brando,Pastel Pink,Unknown
Brando Parisian Luxe Cafe - 36,Parisian Luxe,Brando,Cafe,Unknown
Brando Parisian Luxe Vert - 28,Parisian Luxe,Brando,Vert,Unknown
Brando Parisian Luxe Bordeaux - Bordeaux / 33,Parisian Luxe,Brando,Bordeaux,33
Brando Parisian Luxe Faded Blue - 29,Parisian Luxe,Brando,Faded Blue,Unknown
Brando Parisian Luxe Pastel Pink - 33,Parisian Luxe,Brando,Pastel Pink,Unknown
Brando Parisian Luxe Khaki - Khaki / 30,Parisian Luxe,Brando,Khaki,30
Brando Parisian Luxe Navy - 28,Parisian Luxe,Brando,Navy,Unknown
Brando Parisian Luxe Pastel Blue - 31,Parisian Luxe,Brando,Pastel Blue,Unknown
Brando Parisian Luxe Twilight - 30,Parisian Luxe,Brando,Twilight,Unknown
Brando Parisian Luxe Faded Blue - 32,Parisian Luxe,Brando,Faded Blue,Unknown
Brando Parisian Luxe Jade - 31,Parisian Luxe,Brando,Jade,Unknown
Brando Parisian Luxe Twilight - 36,Parisian Luxe,Brando,Twilight,Unknown
Brando Parisian Luxe Navy - Navy / 33,Parisian Luxe,Brando,Navy,33
Brando Parisian Luxe Bordeaux - Bordeaux / 31,Parisian Luxe,Brando,Bordeaux,31
Brando Parisian Luxe Twilight - Twilight / 31,Parisian Luxe,Brando,Twilight,31
Brando Parisian Luxe Bordeaux - Bordeaux / 34,Parisian Luxe,Brando,Bordeaux,34
Brando Parisian Luxe Fiji - Fiji / 31,Parisian Luxe,Brando,Fiji,31
Brando Parisian Luxe Merlot - Merlot / 32,Parisian Luxe,Brando,Merlot,32
Brando Parisian Luxe Army - Army / 28,Parisian Luxe,Brando,Army,28
Brando Parisian Luxe Fiji - 28,Parisian Luxe,Brando,Fiji,Unknown
Brando Parisian Luxe Mocha - 36,Parisian Luxe,Brando,Mocha,Unknown
Brando Parisian Luxe Lagoon - 32,Parisian Luxe,Brando,Lagoon,Unknown
Brando Parisian Luxe Navy - 31,Parisian Luxe,Brando,Navy,Unknown
Brando Parisian Luxe Dune - Dune / 31,Parisian Luxe,Brando,Dune,31
Brando Parisian Luxe Gris Claro - 38,Parisian Luxe,Brando,Gris Claro,Unknown
Brando Parisian Luxe Khaki - Khaki / 34,Parisian Luxe,Brando,Khaki,34
Brando Parisian Luxe Mocha - 31,Parisian Luxe,Brando,Mocha,Unknown
Brando Parisian Luxe Malachite - 31,Parisian Luxe,Brando,Malachite,Unknown
Brando Parisian Luxe Noir - Noir / 28,Parisian Luxe,Brando,Noir,28
Brando Parisian Luxe Navy - 33,Parisian Luxe,Brando,Navy,Unknown
Brando Parisian Luxe Army - 38,Parisian Luxe,Brando,Army,Unknown
Brando Parisian Luxe Light Grey - 28,Parisian Luxe,Brando,Light Grey,Unknown
Brando Parisian Luxe Espresso - 32,Parisian Luxe,Brando,Espresso,Unknown
Brando Parisian Luxe Noir - 31,Parisian Luxe,Brando,Noir,Unknown
Brando Parisian Luxe Vert - Vert / 32,Parisian Luxe,Brando,Vert,32
Brando Parisian Luxe Light Grey - 29 / Light Grey,Parisian Luxe,Brando,Light Grey,Light Grey
Brando Parisian Luxe Cairo - 32,Parisian Luxe,Brando,Cairo,Unknown
Brando Parisian Luxe Vert - 31,Parisian Luxe,Brando,Vert,Unknown
Brando Parisian Luxe Malachite - Malachite / 40,Parisian Luxe,Brando,Malachite,40
Brando Parisian Luxe Tobacco - 38,Parisian Luxe,Brando,Tobacco,Unknown
Brando Parisian Luxe Jade - 29,Parisian Luxe,Brando,Jade,Unknown
Brando Parisian Luxe Eiffel Tower - 33,Parisian Luxe,Brando,Eiffel Tower,Unknown
Brando Parisian Luxe Faded Blue - 28,Parisian Luxe,Brando,Faded Blue,Unknown
Brando Parisian Luxe Merlot - Merlot / 34,Parisian Luxe,Brando,Merlot,34
Brando Parisian Luxe Verdant - 38,Parisian Luxe,Brando,Verdant,Unknown
Brando Parisian Luxe Pastel Blue - 36,Parisian Luxe,Brando,Pastel Blue,Unknown
Brando Parisian Luxe Pastel Pink - Pastel Pink / 34,Parisian Luxe,Brando,Pastel Pink,34
Brando Parisian Luxe Light Grey - Light Grey / 32,Parisian Luxe,Brando,Light Grey,32
Brando Parisian Luxe Fiji,Parisian Luxe,Brando,Fiji,Unknown
Brando Parisian Luxe Twilight - Twilight / 33,Parisian Luxe,Brando,Twilight,33
Brando Parisian Luxe Cairo - 34,Parisian Luxe,Brando,Cairo,Unknown
Brando Parisian Luxe Dune - Dune / 36,Parisian Luxe,Brando,Dune,36
Brando Parisian Luxe Espresso - 38,Parisian Luxe,Brando,Espresso,Unknown
Brando Parisian Luxe Pastel Blue - Pastel Blue / 30,Parisian Luxe,Brando,Pastel Blue,30
Brando Parisian Luxe Merlot - Merlot / 33,Parisian Luxe,Brando,Merlot,33
Brando Parisian Luxe Fiji - 30,Parisian Luxe,Brando,Fiji,Unknown
Brando Parisian Luxe Espresso - 28,Parisian Luxe,Brando,Espresso,Unknown
Brando Parisian Luxe Lagoon - 28,Parisian Luxe,Brando,Lagoon,Unknown
Brando Parisian Luxe Malachite - 34,Parisian Luxe,Brando,Malachite,Unknown
Brando Parisian Luxe Army - Army / 30,Parisian Luxe,Brando,Army,30
Brando Parisian Luxe Espresso - 34,Parisian Luxe,Brando,Espresso,Unknown
Brando Parisian Luxe Bordeaux - 32,Parisian Luxe,Brando,Bordeaux,Unknown
Brando Parisian Luxe Khaki - 38 / Khaki,Parisian Luxe,Brando,Khaki,Khaki
Brando Parisian Luxe Pastel Blue - Pastel Blue / 28,Parisian Luxe,Brando,Pastel Blue,28
Brando Parisian Luxe Navy - 28 / Navy,Parisian Luxe,Brando,Navy,Navy
Brando Parisian Luxe Vert - Vert / 34,Parisian Luxe,Brando,Vert,34
Brando Parisian Luxe Cafe - Cafe / 33,Parisian Luxe,Brando,Cafe,33
Brando Parisian Luxe Pastel Pink - 38,Parisian Luxe,Brando,Pastel Pink,Unknown
Brando Parisian Luxe Jade - 28,Parisian Luxe,Brando,Jade,Unknown
Brando Parisian Luxe Pastel Pink - Pastel Pink / 30,Parisian Luxe,Brando,Pastel Pink,30
Brando Parisian Luxe Cafe - Cafe / 28,Parisian Luxe,Brando,Cafe,28
Brando Parisian Luxe Toffee - 33,Parisian Luxe,Brando,Toffee,Unknown
Brando Parisian Luxe Lagoon - 36,Parisian Luxe,Brando,Lagoon,Unknown
Brando Parisian Luxe Tobacco - 36,Parisian Luxe,Brando,Tobacco,Unknown
Brando Parisian Luxe Pastel Blue - Pastel Blue / 36,Parisian Luxe,Brando,Pastel Blue,36
Brando Parisian Luxe Pastel Blue - Pastel Blue / 38,Parisian Luxe,Brando,Pastel Blue,38
Brando Parisian Luxe Pastel Pink - Pastel Pink / 32,Parisian Luxe,Brando,Pastel Pink,32
Brando Parisian Luxe Vert - 29,Parisian Luxe,Brando,Vert,Unknown
Brando Parisian Luxe Navy - 31 / Navy,Parisian Luxe,Brando,Navy,Navy
Brando Parisian Luxe Jade - 38,Parisian Luxe,Brando,Jade,Unknown
Brando Parisian Luxe Pastel Blue - 32,Parisian Luxe,Brando,Pastel Blue,Unknown
Brando Parisian Luxe Bordeaux - 28,Parisian Luxe,Brando,Bordeaux,Unknown
Brando Parisian Luxe Army - 31,Parisian Luxe,Brando,Army,Unknown
Brando Parisian Luxe Toffee - 36,Parisian Luxe,Brando,Toffee,Unknown
Brando Parisian Luxe Espresso - 36,Parisian Luxe,Brando,Espresso,Unknown
Brando Parisian Luxe Light Grey - Light Grey / 38,Parisian Luxe,Brando,Light Grey,38
Brando Parisian Luxe Khaki - Khaki / 29,Parisian Luxe,Brando,Khaki,29
Brando Parisian Luxe Light Grey - Light Grey / 29,Parisian Luxe,Brando,Light Grey,29
Brando Parisian Luxe Light Grey - Light Grey / 31,Parisian Luxe,Brando,Light Grey,31
Brando Parisian Luxe Fiji - Fiji / 29,Parisian Luxe,Brando,Fiji,29
Brando Parisian Luxe Pastel Blue - 28,Parisian Luxe,Brando,Pastel Blue,Unknown
Brando Parisian Luxe Noir,Parisian Luxe,Brando,Noir,Unknown
Brando Parisian Luxe Lagoon,Parisian Luxe,Brando,Lagoon,Unknown
Brando Parisian Luxe Cafe - 34,Parisian Luxe,Brando,Cafe,Unknown
Brando Parisian Luxe Teak - 31,Parisian Luxe,Brando,Teak,Unknown
Brando Parisian Luxe Khaki - 32,Parisian Luxe,Brando,Khaki,Unknown
Brando Parisian Luxe Noir - Noir / 40,Parisian Luxe,Brando,Noir,40
Brando Parisian Luxe Fiji - 36,Parisian Luxe,Brando,Fiji,Unknown
Brando Parisian Luxe Pastel Pink - Pastel Pink / 38,Parisian Luxe,Brando,Pastel Pink,38
Brando Parisian Luxe Tobacco - 31,Parisian Luxe,Brando,Tobacco,Unknown
Brando Parisian Luxe Noir - 29 / Noir,Parisian Luxe,Brando,Noir,Noir
Brando Parisian Luxe Pastel Blue - Pastel Blue / 31,Parisian Luxe,Brando,Pastel Blue,31
Brando Parisian Luxe Twilight - Twilight / 34,Parisian Luxe,Brando,Twilight,34
Brando Parisian Luxe Army - Army / 36,Parisian Luxe,Brando,Army,36
Brando Parisian Luxe Faded Blue - 31,Parisian Luxe,Brando,Faded Blue,Unknown
Brando Parisian Luxe Malachite - 36,Parisian Luxe,Brando,Malachite,Unknown
Brando Parisian Luxe Champagne - 36,Parisian Luxe,Brando,Champagne,Unknown
Brando Parisian Luxe Espresso - 33,Parisian Luxe,Brando,Espresso,Unknown
Brando Parisian Luxe Noir - 40,Parisian Luxe,Brando,Noir,Unknown
Brando Parisian Luxe Espresso - 31,Parisian Luxe,Brando,Espresso,Unknown
Brando Parisian Luxe Pastel Blue - 29,Parisian Luxe,Brando,Pastel Blue,Unknown
Brando Parisian Luxe Faded Blue,Parisian Luxe,Brando,Faded Blue,Unknown
Brando Parisian Luxe Verdant - 28,Parisian Luxe,Brando,Verdant,Unknown
Brando Parisian Luxe Navy - 40,Parisian Luxe,Brando,Navy,Unknown
Brando Parisian Luxe Pastel Blue,Parisian Luxe,Brando,Pastel Blue,Unknown
Brando Parisian Luxe Twilight - 38,Parisian Luxe,Brando,Twilight,Unknown
Brando Parisian Luxe Army - Army / 38,Parisian Luxe,Brando,Army,38
Brando Parisian Luxe Lagoon - 40,Parisian Luxe,Brando,Lagoon,Unknown
Brando Parisian Luxe Tobacco - 34,Parisian Luxe,Brando,Tobacco,Unknown
Brando Parisian Luxe Pastel Blue - Pastel Blue / 33,Parisian Luxe,Brando,Pastel Blue,33
Brando Parisian Luxe Bordeaux - Bordeaux / 36,Parisian Luxe,Brando,Bordeaux,36
Brando Parisian Luxe Lagoon - 38,Parisian Luxe,Brando,Lagoon,Unknown
Brando Parisian Luxe Pastel Blue - Pastel Blue / 29,Parisian Luxe,Brando,Pastel Blue,29
Brando Parisian Luxe Juniper - Juniper / 33,Parisian Luxe,Brando,Juniper,33
Brando Parisian Luxe Jade - 32,Parisian Luxe,Brando,Jade,Unknown
Brando Parisian Luxe Fiji - Fiji / 32,Parisian Luxe,Brando,Fiji,32
Brando Parisian Luxe Eiffel Tower - 28,Parisian Luxe,Brando,Eiffel Tower,Unknown
Brando Parisian Luxe Light Grey - 31 / Light Grey,Parisian Luxe,Brando,Light Grey,Light Grey
Brando Parisian Luxe Light Grey - 33,Parisian Luxe,Brando,Light Grey,Unknown
Brando Parisian Luxe Navy - Navy / 28,Parisian Luxe,Brando,Navy,28
Brando Parisian Luxe Toffee - 28,Parisian Luxe,Brando,Toffee,Unknown
Brando Parisian Luxe Army - 29,Parisian Luxe,Brando,Army,Unknown
Brando Parisian Luxe Teak - 38,Parisian Luxe,Brando,Teak,Unknown
Brando Parisian Luxe Light Grey - 32,Parisian Luxe,Brando,Light Grey,Unknown
Brando Parisian Luxe Navy - 34,Parisian Luxe,Brando,Navy,Unknown
Brando Parisian Luxe Fiji - Fiji / 28,Parisian Luxe,Brando,Fiji,28
Brando Parisian Luxe Tobacco - 40,Parisian Luxe,Brando,Tobacco,Unknown
Brando Parisian Luxe Jade - 34,Parisian Luxe,Brando,Jade,Unknown
Brando Parisian Luxe Khaki - 28,Parisian Luxe,Brando,Khaki,Unknown
Brando Parisian Luxe Navy - 32,Parisian Luxe,Brando,Navy,Unknown
Brando Parisian Luxe Army - 34,Parisian Luxe,Brando,Army,Unknown
Brando Parisian Luxe Moon Rock,Parisian Luxe,Brando,Moon Rock,Unknown
Brando Parisian Luxe Pastel Blue - 33,Parisian Luxe,Brando,Pastel Blue,Unknown
Brando Parisian Luxe Faded Blue - 34,Parisian Luxe,Brando,Faded Blue,Unknown
Brando Parisian Luxe Twilight - Twilight / 29,Parisian Luxe,Brando,Twilight,29
Brando Parisian Luxe Bordeaux - 30,Parisian Luxe,Brando,Bordeaux,Unknown
Brando Parisian Luxe Merlot - Merlot / 31,Parisian Luxe,Brando,Merlot,31
Brando Parisian Luxe Moon Rock - 29,Parisian Luxe,Brando,Moon Rock,Unknown
Brando Parisian Luxe Fiji - Fiji / 36,Parisian Luxe,Brando,Fiji,36
Brando Parisian Luxe Light Grey - 36,Parisian Luxe,Brando,Light Grey,Unknown
Brando Parisian Luxe Bordeaux - 31,Parisian Luxe,Brando,Bordeaux,Unknown
Brando Parisian Luxe Noir - 33,Parisian Luxe,Brando,Noir,Unknown
Brando Parisian Luxe Light Grey - Light Grey / 30,Parisian Luxe,Brando,Light Grey,30
Brando Parisian Luxe Dune - Dune / 32,Parisian Luxe,Brando,Dune,32
Brando Parisian Luxe Faded Blue - 40,Parisian Luxe,Brando,Faded Blue,Unknown
Brando Parisian Luxe Moon Rock - 32,Parisian Luxe,Brando,Moon Rock,Unknown
Brando Parisian Luxe Army - 28,Parisian Luxe,Brando,Army,Unknown
Brando Parisian Luxe Faded Blue - 30,Parisian Luxe,Brando,Faded Blue,Unknown
Brando Parisian Luxe Mocha - 28,Parisian Luxe,Brando,Mocha,Unknown
Brando Parisian Luxe Pastel Pink - 31,Parisian Luxe,Brando,Pastel Pink,Unknown
Brando Parisian Luxe Moon Rock - 36,Parisian Luxe,Brando,Moon Rock,Unknown
Brando Parisian Luxe Navy - Navy / 40,Parisian Luxe,Brando,Navy,40
Brando Parisian Luxe Noir - Noir / 38,Parisian Luxe,Brando,Noir,38
Brando Parisian Luxe Merlot - Merlot / 38,Parisian Luxe,Brando,Merlot,38
Brando Parisian Luxe Malachite - 29,Parisian Luxe,Brando,Malachite,Unknown
Brando Parisian Luxe Moon Rock - 31,Parisian Luxe,Brando,Moon Rock,Unknown
Brando Parisian Luxe Light Grey - 30,Parisian Luxe,Brando,Light Grey,Unknown
Brando Parisian Luxe Cairo - 30,Parisian Luxe,Brando,Cairo,Unknown
Brando Parisian Luxe Faded Blue - 36,Parisian Luxe,Brando,Faded Blue,Unknown
Brando Parisian Luxe Cairo - 33,Parisian Luxe,Brando,Cairo,Unknown
Brando Parisian Luxe Pastel Pink,Parisian Luxe,Brando,Pastel Pink,Unknown
Brando Parisian Luxe Vert - Vert / 42,Parisian Luxe,Brando,Vert,42
Brando Parisian Luxe Teak - 32,Parisian Luxe,Brando,Teak,Unknown
Brando Parisian Luxe Navy - Navy / 29,Parisian Luxe,Brando,Navy,29
Brando Parisian Luxe Toffee - 29,Parisian Luxe,Brando,Toffee,Unknown
Brando Parisian Luxe Verdant - 31,Parisian Luxe,Brando,Verdant,Unknown
Brando Parisian Luxe Fiji - 34,Parisian Luxe,Brando,Fiji,Unknown
Brando Parisian Luxe Pastel Pink - 36,Parisian Luxe,Brando,Pastel Pink,Unknown
Brando Parisian Luxe Juniper - Juniper / 38,Parisian Luxe,Brando,Juniper,38
Brando Parisian Luxe Fiji - Fiji / 30,Parisian Luxe,Brando,Fiji,30
Brando Parisian Luxe Army - 33,Parisian Luxe,Brando,Army,Unknown
Brando Parisian Luxe Khaki - 36,Parisian Luxe,Brando,Khaki,Unknown
Brando Parisian Luxe Khaki - 29,Parisian Luxe,Brando,Khaki,Unknown
Brando Parisian Luxe Noir - Noir / 30,Parisian Luxe,Brando,Noir,30
Brando Parisian Luxe Teak - 36,Parisian Luxe,Brando,Teak,Unknown
Brando Parisian Luxe Army - 40,Parisian Luxe,Brando,Army,Unknown
Brando Parisian Luxe Twilight - Twilight / 30,Parisian Luxe,Brando,Twilight,30
Brando Parisian Luxe Cafe - Cafe / 32,Parisian Luxe,Brando,Cafe,32
Brando Parisian Luxe Army - Army / 32,Parisian Luxe,Brando,Army,32
Brando Parisian Luxe Malachite - 33,Parisian Luxe,Brando,Malachite,Unknown
Brando Parisian Luxe Cairo - 29,Parisian Luxe,Brando,Cairo,Unknown
Brando Parisian Luxe Twilight - Twilight / 28,Parisian Luxe,Brando,Twilight,28
Brando Parisian Luxe Eiffel Tower - 30,Parisian Luxe,Brando,Eiffel Tower,Unknown
Brando Parisian Luxe Mocha - 34,Parisian Luxe,Brando,Mocha,Unknown
Brando Parisian Luxe Bordeaux,Parisian Luxe,Brando,Bordeaux,Unknown
Brando Parisian Luxe Mocha - 40,Parisian Luxe,Brando,Mocha,Unknown
Brando Parisian Luxe Noir - Noir / 34,Parisian Luxe,Brando,Noir,34
Brando Parisian Luxe Espresso - 40,Parisian Luxe,Brando,Espresso,Unknown
Brando Parisian Luxe Light Grey - 28 / Light Grey,Parisian Luxe,Brando,Light Grey,Light Grey
Brando Parisian Luxe Noir - Noir / 31,Parisian Luxe,Brando,Noir,31
Brando Parisian Luxe Fiji - 31,Parisian Luxe,Brando,Fiji,Unknown
Brando Parisian Luxe Khaki - 38,Parisian Luxe,Brando,Khaki,Unknown
Brando Parisian Luxe Toffee - 40,Parisian Luxe,Brando,Toffee,Unknown
Brando Parisian Luxe Bordeaux - Bordeaux / 38,Parisian Luxe,Brando,Bordeaux,38
Brando Parisian Luxe Fiji - 29,Parisian Luxe,Brando,Fiji,Unknown
Brando Parisian Luxe Cafe - Cafe / 34,Parisian Luxe,Brando,Cafe,34
Brando Parisian Luxe Juniper - Juniper / 30,Parisian Luxe,Brando,Juniper,30
Brando Parisian Luxe Mocha - 32,Parisian Luxe,Brando,Mocha,Unknown
Brando Parisian Luxe Army - Army / 33,Parisian Luxe,Brando,Army,33
Brando Parisian Luxe Eiffel Tower - 36,Parisian Luxe,Brando,Eiffel Tower,Unknown
Brando Parisian Luxe Twilight - 31,Parisian Luxe,Brando,Twilight,Unknown
Brando Parisian Luxe Light Grey - 34,Parisian Luxe,Brando,Light Grey,Unknown
Brando Parisian Luxe Champagne - 32,Parisian Luxe,Brando,Champagne,Unknown
Brando Parisian Luxe Cafe - 42,Parisian Luxe,Brando,Cafe,Unknown
Brando Parisian Luxe Noir - Noir / 36,Parisian Luxe,Brando,Noir,36
Brando Parisian Luxe Verdant - 36,Parisian Luxe,Brando,Verdant,Unknown
Brando Parisian Luxe Bordeaux - 38,Parisian Luxe,Brando,Bordeaux,Unknown
Brando Parisian Luxe Khaki - Khaki / 40,Parisian Luxe,Brando,Khaki,40
Brando Parisian Luxe Mocha,Parisian Luxe,Brando,Mocha,Unknown
Brando Parisian Luxe Fiji - Fiji / 34,Parisian Luxe,Brando,Fiji,34
Brando Parisian Luxe Moon Rock - 33,Parisian Luxe,Brando,Moon Rock,Unknown
Brando Parisian Luxe Pastel Pink - 28,Parisian Luxe,Brando,Pastel Pink,Unknown
Brando Parisian Luxe Tobacco - 30,Parisian Luxe,Brando,Tobacco,Unknown
Brando Parisian Luxe Noir - Noir / 29,Parisian Luxe,Brando,Noir,29
Brando Parisian Luxe Espresso,Parisian Luxe,Brando,Espresso,Unknown
Brando Parisian Luxe Jade - 33,Parisian Luxe,Brando,Jade,Unknown
Brando Parisian Luxe Navy - 36,Parisian Luxe,Brando,Navy,Unknown
Brando Parisian Luxe Lagoon - 30,Parisian Luxe,Brando,Lagoon,Unknown
Brando Parisian Luxe Eiffel Tower - 32,Parisian Luxe,Brando,Eiffel Tower,Unknown
Brando Parisian Luxe Navy - 29,Parisian Luxe,Brando,Navy,Unknown
Brando Parisian Luxe Army - 42,Parisian Luxe,Brando,Army,Unknown
Brando Parisian Luxe Light Grey - 31,Parisian Luxe,Brando,Light Grey,Unknown
Brando Parisian Luxe Malachite - Malachite / 33,Parisian Luxe,Brando,Malachite,33
Brando Parisian Luxe Merlot - Merlot / 36,Parisian Luxe,Brando,Merlot,36
Brando Parisian Luxe Pastel Pink - Pastel Pink / 36,Parisian Luxe,Brando,Pastel Pink,36
Brando Parisian Luxe Pastel Pink - 29,Parisian Luxe,Brando,Pastel Pink,Unknown
Brando Parisian Luxe Pastel Pink - Pastel Pink / 29,Parisian Luxe,Brando,Pastel Pink,29
Brando Parisian Luxe Light Grey - Light Grey / 33,Parisian Luxe,Brando,Light Grey,33
Brando Parisian Luxe Noir - 38,Parisian Luxe,Brando,Noir,Unknown
Brando Parisian Luxe Khaki - Khaki / 28,Parisian Luxe,Brando,Khaki,28
Brando Parisian Luxe Navy - Navy / 36,Parisian Luxe,Brando,Navy,36
Brando Parisian Luxe Navy - 38 / Navy,Parisian Luxe,Brando,Navy,Navy
Brando Parisian Luxe Vert - 33,Parisian Luxe,Brando,Vert,Unknown
Brando Parisian Luxe Merlot - Merlot / 30,Parisian Luxe,Brando,Merlot,30
Brando Parisian Luxe Army - Army / 42,Parisian Luxe,Brando,Army,42
Brando Parisian Luxe Noir - 30,Parisian Luxe,Brando,Noir,Unknown
Brando Parisian Luxe Vert - Vert / 31,Parisian Luxe,Brando,Vert,31
Brando Parisian Luxe Champagne - 34,Parisian Luxe,Brando,Champagne,Unknown
Brando Parisian Luxe Cairo - 40,Parisian Luxe,Brando,Cairo,Unknown
Brando Parisian Luxe Noir - 32,Parisian Luxe,Brando,Noir,Unknown
Brando Parisian Luxe Toffee - 38,Parisian Luxe,Brando,Toffee,Unknown
Brando Parisian Luxe Khaki - 30,Parisian Luxe,Brando,Khaki,Unknown
Brando Parisian Luxe Teak - 33,Parisian Luxe,Brando,Teak,Unknown
Brando Parisian Luxe Khaki - Khaki / 32,Parisian Luxe,Brando,Khaki,32
Brando Parisian Luxe Champagne - 30,Parisian Luxe,Brando,Champagne,Unknown
Brando Parisian Luxe Vert - Vert / 30,Parisian Luxe,Brando,Vert,30
Brando Parisian Luxe Malachite,Parisian Luxe,Brando,Malachite,Unknown
Brando Parisian Luxe Vert - Vert / 33,Parisian Luxe,Brando,Vert,33
Brando Parisian Luxe Juniper - Juniper / 36,Parisian Luxe,Brando,Juniper,36
Brando Parisian Luxe Juniper,Parisian Luxe,Brando,Juniper,Unknown
Brando Parisian Luxe Bordeaux - Bordeaux / 28,Parisian Luxe,Brando,Bordeaux,28
Brando Parisian Luxe Fiji - Fiji / 38,Parisian Luxe,Brando,Fiji,38
Brando Parisian Luxe Eiffel Tower - 29,Parisian Luxe,Brando,Eiffel Tower,Unknown
Brando Parisian Luxe Noir - Noir / 32,Parisian Luxe,Brando,Noir,32
Brando Parisian Luxe Mocha - 33,Parisian Luxe,Brando,Mocha,Unknown
Brando Parisian Luxe Teak - 30,Parisian Luxe,Brando,Teak,Unknown
Brando Parisian Luxe Noir - 36,Parisian Luxe,Brando,Noir,Unknown
Brando Parisian Luxe Juniper - Juniper / 32,Parisian Luxe,Brando,Juniper,32
Brando Parisian Luxe Twilight - 32,Parisian Luxe,Brando,Twilight,Unknown
Brando Parisian Luxe Light Grey - 29,Parisian Luxe,Brando,Light Grey,Unknown
Brando Parisian Luxe Vert - Vert / 29,Parisian Luxe,Brando,Vert,29
Brando Parisian Luxe Pastel Blue - 30,Parisian Luxe,Brando,Pastel Blue,Unknown
Brando Parisian Luxe Pastel Blue - Pastel Blue / 32,Parisian Luxe,Brando,Pastel Blue,32
Brando Parisian Luxe Eiffel Tower - 34,Parisian Luxe,Brando,Eiffel Tower,Unknown
Brando Parisian Luxe Faded Blue - 38,Parisian Luxe,Brando,Faded Blue,Unknown
Brando Parisian Luxe Light Grey - Light Grey / 28,Parisian Luxe,Brando,Light Grey,28
Brando Parisian Luxe Dune - Dune / 34,Parisian Luxe,Brando,Dune,34
Brando Parisian Luxe Lagoon - 34,Parisian Luxe,Brando,Lagoon,Unknown
Brando Parisian Luxe Champagne - 33,Parisian Luxe,Brando,Champagne,Unknown
Brando Parisian Luxe Teak - 34,Parisian Luxe,Brando,Teak,Unknown
Brando Parisian Luxe Lagoon - 33,Parisian Luxe,Brando,Lagoon,Unknown
Brando Parisian Luxe Eiffel Tower - Eiffel Tower / 34,Parisian Luxe,Brando,Eiffel Tower,34
Brando Parisian Luxe Cafe - 29,Parisian Luxe,Brando,Cafe,Unknown
Brando Parisian Luxe Pastel Blue - 38,Parisian Luxe,Brando,Pastel Blue,Unknown
Brando Parisian Luxe Pastel Pink - Pastel Pink / 33,Parisian Luxe,Brando,Pastel Pink,33
Brando Parisian Luxe Juniper - Juniper / 31,Parisian Luxe,Brando,Juniper,31
Brando Parisian Luxe Noir - 29,Parisian Luxe,Brando,Noir,Unknown
Brando Parisian Luxe Navy - Navy / 31,Parisian Luxe,Brando,Navy,31
Brando Parisian Luxe Khaki - Khaki / 33,Parisian Luxe,Brando,Khaki,33
Brando Parisian Luxe Eiffel Tower - Eiffel Tower / 36,Parisian Luxe,Brando,Eiffel Tower,36
Brando Parisian Luxe Army - 36,Parisian Luxe,Brando,Army,Unknown
Brando Parisian Luxe Cafe - 28,Parisian Luxe,Brando,Cafe,Unknown
Brando Parisian Luxe Khaki - 40,Parisian Luxe,Brando,Khaki,Unknown
Brando Parisian Luxe Malachite - 28,Parisian Luxe,Brando,Malachite,Unknown
Brando Parisian Luxe Malachite - Malachite / 36,Parisian Luxe,Brando,Malachite,36
Brando Parisian Luxe Dune - Dune / 38,Parisian Luxe,Brando,Dune,38
Brando Parisian Luxe Toffee - 32,Parisian Luxe,Brando,Toffee,Unknown
Brando Parisian Luxe Verdant - 40,Parisian Luxe,Brando,Verdant,Unknown
Brando Parisian Luxe Lagoon - 31,Parisian Luxe,Brando,Lagoon,Unknown
Brando Parisian Luxe Toffee - 30,Parisian Luxe,Brando,Toffee,Unknown
Brando Parisian Luxe Light Grey - Light Grey / 34,Parisian Luxe,Brando,Light Grey,34
Brando Parisian Luxe Gris Claro,Parisian Luxe,Brando,Gris Claro,Unknown
Brando Parisian Luxe Malachite - 30,Parisian Luxe,Brando,Malachite,Unknown
Brando Parisian Luxe Army - 32,Parisian Luxe,Brando,Army,Unknown
Brando Parisian Luxe Khaki - 31 / Khaki,Parisian Luxe,Brando,Khaki,Khaki
Brando Parisian Luxe Moon Rock - 34,Parisian Luxe,Brando,Moon Rock,Unknown
Brando Parisian Luxe Jade - 36,Parisian Luxe,Brando,Jade,Unknown
Brando Parisian Luxe Navy - Navy / 32,Parisian Luxe,Brando,Navy,32
Brando Parisian Luxe Twilight,Parisian Luxe,Brando,Twilight,Unknown
Brando Parisian Luxe Pastel Blue - Pastel Blue / 34,Parisian Luxe,Brando,Pastel Blue,34
Brando Parisian Luxe Cafe - Cafe / 29,Parisian Luxe,Brando,Cafe,29
Brando Parisian Luxe Bordeaux - 36,Parisian Luxe,Brando,Bordeaux,Unknown
Brando Parisian Luxe Twilight - 29,Parisian Luxe,Brando,Twilight,Unknown
Brando Parisian Luxe Vert - 36,Parisian Luxe,Brando,Vert,Unknown
Brando Parisian Luxe Mocha - 30,Parisian Luxe,Brando,Mocha,Unknown
Brando Parisian Luxe Moon Rock - 30,Parisian Luxe,Brando,Moon Rock,Unknown
Brando Parisian Luxe Toffee,Parisian Luxe,Brando,Toffee,Unknown
Brando Parisian Luxe Pastel Pink - Pastel Pink / 40,Parisian Luxe,Brando,Pastel Pink,40
Brando Parisian Luxe Eiffel Tower - 40,Parisian Luxe,Brando,Eiffel Tower,Unknown
Brando Parisian Luxe Pastel Blue - 34,Parisian Luxe,Brando,Pastel Blue,Unknown
Brando Parisian Luxe Mocha - 29,Parisian Luxe,Brando,Mocha,Unknown
Brando Parisian Luxe Champagne - 28,Parisian Luxe,Brando,Champagne,Unknown
Brando Parisian Luxe Cafe - Cafe / 31,Parisian Luxe,Brando,Cafe,31
Brando Parisian Luxe Noir - 38 / Noir,Parisian Luxe,Brando,Noir,Noir
Brando Velvet Oak - 33,Velvet,Brando,Oak,Unknown
Brando Velvet Atlantic - 33,Velvet,Brando,Atlantic,Unknown
Brando Velvet Bleu - 33,Velvet,Brando,Bleu,Unknown
Brando Velvet Burgundy - 33,Velvet,Brando,Burgundy,Unknown
Brando Velvet Noir - Noir / 28,Velvet,Brando,Noir,28
Brando Velvet Moon Rock - 40,Velvet,Brando,Moon Rock,Unknown
Brando Velvet Verdant - 36,Velvet,Brando,Verdant,Unknown
Brando Velvet Oak - 31,Velvet,Brando,Oak,Unknown
Brando Velvet Dusk - Velvet Dusk / 38,Velvet,Brando,Dusk,38
Brando Velvet Cafe - Velvet Café / 34,Velvet,Brando,Cafe,34
Brando Velvet Moon Rock,Velvet,Brando,Moon Rock,Unknown
Brando Velvet Malachite - 28,Velvet,Brando,Malachite,Unknown
Brando Velvet Asphalt - 29,Velvet,Brando,Asphalt,Unknown
Brando Velvet Saddle - Saddle / 34,Velvet,Brando,Saddle,34
Brando Velvet Moon Rock - 31,Velvet,Brando,Moon Rock,Unknown
Brando Velvet Aberdeen - 34,Velvet,Brando,Aberdeen,Unknown
Brando Velvet Moon Rock - 38,Velvet,Brando,Moon Rock,Unknown
Brando Velvet Asphalt - 38,Velvet,Brando,Asphalt,Unknown
Brando Velvet Toffee - 34,Velvet,Brando,Toffee,Unknown
Brando Velvet Cork - 36,Velvet,Brando,Cork,Unknown
Brando Velvet Malachite - Malachite / 28,Velvet,Brando,Malachite,28
Brando Velvet Aberdeen - 30,Velvet,Brando,Aberdeen,Unknown
Brando Velvet Stirling - 33,Velvet,Brando,Stirling,Unknown
Brando Velvet Verdant - 28,Velvet,Brando,Verdant,Unknown
Brando Velvet Chestnut - Velvet Chestnut / 36,Velvet,Brando,Chestnut,36
Brando Velvet Carbon - Velvet Carbon / 33,Velvet,Brando,Carbon,33
Brando Velvet Asphalt - 33,Velvet,Brando,Asphalt,Unknown
Brando Velvet Stirling - 38,Velvet,Brando,Stirling,Unknown
Brando Velvet Stirling - Stirling / 31,Velvet,Brando,Stirling,31
Brando Velvet Chocolate - 30,Velvet,Brando,Chocolate,Unknown
Brando Velvet Teak - 38,Velvet,Brando,Teak,Unknown
Brando Velvet Noir - 32,Velvet,Brando,Noir,Unknown
Brando Velvet Malachite,Velvet,Brando,Malachite,Unknown
Brando Velvet Atlantic - 34,Velvet,Brando,Atlantic,Unknown
Brando Velvet Espresso - 30,Velvet,Brando,Espresso,Unknown
Brando Velvet Chestnut - Velvet Chestnut / 33,Velvet,Brando,Chestnut,33
Brando Velvet Merlot - 29,Velvet,Brando,Merlot,Unknown
Brando Velvet Dusk - Velvet Dusk / 30,Velvet,Brando,Dusk,30
Brando Velvet Teak - 28,Velvet,Brando,Teak,Unknown
Brando Velvet Carbon - Velvet Carbon / 34,Velvet,Brando,Carbon,34
Brando Velvet Chestnut - Velvet Chestnut / 38,Velvet,Brando,Chestnut,38
Brando Velvet Bleu - 29,Velvet,Brando,Bleu,Unknown
Brando Velvet Stirling - 30,Velvet,Brando,Stirling,Unknown
Brando Velvet Toffee - 32,Velvet,Brando,Toffee,Unknown
Brando Velvet Asphalt,Velvet,Brando,Asphalt,Unknown
Brando Velvet Burgundy - 38,Velvet,Brando,Burgundy,Unknown
Brando Velvet Carbon - Velvet Carbon / 36,Velvet,Brando,Carbon,36
Brando Velvet Steel - 30,Velvet,Brando,Steel,Unknown
Brando Velvet Cafe - Velvet Café / 38,Velvet,Brando,Cafe,38
Brando Velvet Toffee,Velvet,Brando,Toffee,Unknown
Brando Velvet Malachite - 31,Velvet,Brando,Malachite,Unknown
Brando Velvet Oak - 30,Velvet,Brando,Oak,Unknown
Brando Velvet Dusk - 30,Velvet,Brando,Dusk,Unknown
Brando Velvet Aberdeen - 31,Velvet,Brando,Aberdeen,Unknown
Brando Velvet Moon Rock - 34,Velvet,Brando,Moon Rock,Unknown
Brando Velvet Chestnut,Velvet,Brando,Chestnut,Unknown
Brando Velvet Noir - 33,Velvet,Brando,Noir,Unknown
Brando Velvet Noir - Noir / 30,Velvet,Brando,Noir,30
Brando Velvet Malachite - 30,Velvet,Brando,Malachite,Unknown
Brando Velvet Noir - Noir / 36,Velvet,Brando,Noir,36
Brando Velvet Cafe - Velvet Café / 36,Velvet,Brando,Cafe,36
Brando Velvet Malachite - 36,Velvet,Brando,Malachite,Unknown
Brando Velvet Bleu,Velvet,Brando,Bleu,Unknown
Brando Velvet Dusk - Velvet Dusk / 32,Velvet,Brando,Dusk,32
Brando Velvet Cork - 31,Velvet,Brando,Cork,Unknown
Brando Velvet Chocolate - 29,Velvet,Brando,Chocolate,Unknown
Brando Velvet Teak - 32,Velvet,Brando,Teak,Unknown
Brando Velvet Mocha - 33,Velvet,Brando,Mocha,Unknown
Brando Velvet Verdant - 38,Velvet,Brando,Verdant,Unknown
Brando Velvet Aberdeen - 32 / Aberdeen,Velvet,Brando,Aberdeen,Aberdeen
Brando Velvet Teak - 40,Velvet,Brando,Teak,Unknown
Brando Velvet Moon Rock - 36,Velvet,Brando,Moon Rock,Unknown
Brando Velvet Atlantic - 31,Velvet,Brando,Atlantic,Unknown
Brando Velvet Espresso - 40,Velvet,Brando,Espresso,Unknown
Brando Velvet Teak - 33,Velvet,Brando,Teak,Unknown
Brando Velvet Noir - 28 / Noir,Velvet,Brando,Noir,Noir
Brando Velvet Chestnut - Velvet Chestnut / 32,Velvet,Brando,Chestnut,32
Brando Velvet Midnight - 36,Velvet,Brando,Midnight,Unknown
Brando Velvet Stirling - 28,Velvet,Brando,Stirling,Unknown
Brando Velvet Malachite - Malachite / 29,Velvet,Brando,Malachite,29
Brando Velvet Espresso - 33,Velvet,Brando,Espresso,Unknown
Brando Velvet Chocolate - 40,Velvet,Brando,Chocolate,Unknown
Brando Velvet Malachite - 32,Velvet,Brando,Malachite,Unknown
Brando Velvet Dusk - Velvet Dusk / 33,Velvet,Brando,Dusk,33
Brando Velvet Mocha - 34,Velvet,Brando,Mocha,Unknown
Brando Velvet Merlot - 30,Velvet,Brando,Merlot,Unknown
Brando Velvet Burgundy - 31,Velvet,Brando,Burgundy,Unknown
Brando Velvet Toffee - 38,Velvet,Brando,Toffee,Unknown
Brando Velvet Noir - 28,Velvet,Brando,Noir,Unknown
Brando Velvet Toffee - 36,Velvet,Brando,Toffee,Unknown
Brando Velvet Mocha - 28,Velvet,Brando,Mocha,Unknown
Brando Velvet Burgundy - 36,Velvet,Brando,Burgundy,Unknown
Brando Velvet Noir - Noir / 32,Velvet,Brando,Noir,32
Brando Velvet Noir - Noir / 29,Velvet,Brando,Noir,29
Brando Velvet Toffee - 40,Velvet,Brando,Toffee,Unknown
Brando Velvet Burgundy - 30,Velvet,Brando,Burgundy,Unknown
Brando Velvet Cork - 33,Velvet,Brando,Cork,Unknown
Brando Velvet Noir - Noir / 31,Velvet,Brando,Noir,31
Brando Velvet Cork - 32,Velvet,Brando,Cork,Unknown
Brando Velvet Noir - 36,Velvet,Brando,Noir,Unknown
Brando Velvet Teak - 29,Velvet,Brando,Teak,Unknown
Brando Velvet Malachite - Malachite / 38,Velvet,Brando,Malachite,38
Brando Velvet Verdant - 40,Velvet,Brando,Verdant,Unknown
Brando Velvet Steel - 29,Velvet,Brando,Steel,Unknown
Brando Velvet Dusk - Velvet Dusk / 31,Velvet,Brando,Dusk,31
Brando Velvet Noir - 38 / Noir,Velvet,Brando,Noir,Noir
Brando Velvet Oak - 29,Velvet,Brando,Oak,Unknown
Brando Velvet Steel - 34,Velvet,Brando,Steel,Unknown
Brando Velvet Bleu - 28,Velvet,Brando,Bleu,Unknown
Brando Velvet Espresso - 28,Velvet,Brando,Espresso,Unknown
Brando Velvet Malachite - 33,Velvet,Brando,Malachite,Unknown
Brando Velvet Noir - Noir / 34,Velvet,Brando,Noir,34
Brando Velvet Asphalt - 28,Velvet,Brando,Asphalt,Unknown
Brando Velvet Malachite - 38,Velvet,Brando,Malachite,Unknown
Brando Velvet Asphalt - 40,Velvet,Brando,Asphalt,Unknown
Brando Velvet Aberdeen - 32,Velvet,Brando,Aberdeen,Unknown
Brando Velvet Chocolate - 31,Velvet,Brando,Chocolate,Unknown
Brando Velvet Verdant,Velvet,Brando,Verdant,Unknown
Brando Velvet Merlot - 31,Velvet,Brando,Merlot,Unknown
Brando Velvet Merlot - 34,Velvet,Brando,Merlot,Unknown
Brando Velvet Cafe - Velvet Café / 32,Velvet,Brando,Cafe,32
Brando Velvet Toffee - 28,Velvet,Brando,Toffee,Unknown
Brando Velvet Noir - Noir / 38,Velvet,Brando,Noir,38
Brando Velvet Malachite - Malachite / 33,Velvet,Brando,Malachite,33
Brando Velvet Aberdeen - 38,Velvet,Brando,Aberdeen,Unknown
Brando Velvet Stirling - 36,Velvet,Brando,Stirling,Unknown
Brando Velvet Espresso - 34,Velvet,Brando,Espresso,Unknown
Brando Velvet Mocha - 32,Velvet,Brando,Mocha,Unknown
Brando Velvet Merlot - 32,Velvet,Brando,Merlot,Unknown
Brando Velvet Cork - 34,Velvet,Brando,Cork,Unknown
Brando Velvet Steel - 40,Velvet,Brando,Steel,Unknown
Brando Velvet Verdant - 30,Velvet,Brando,Verdant,Unknown
Brando Velvet Burgundy - 32,Velvet,Brando,Burgundy,Unknown
Brando Velvet Dusk - Velvet Dusk / 29,Velvet,Brando,Dusk,29
Brando Velvet Malachite - Malachite / 36,Velvet,Brando,Malachite,36
Brando Velvet Mocha - 36,Velvet,Brando,Mocha,Unknown
Brando Velvet Chocolate - 28,Velvet,Brando,Chocolate,Unknown
Brando Velvet Espresso - 36,Velvet,Brando,Espresso,Unknown
Brando Velvet Steel - 36,Velvet,Brando,Steel,Unknown
Brando Velvet Noir,Velvet,Brando,Noir,Unknown
Brando Velvet Oak - 34,Velvet,Brando,Oak,Unknown
Brando Velvet Malachite - Malachite / 34,Velvet,Brando,Malachite,34
Brando Velvet Aberdeen - 29,Velvet,Brando,Aberdeen,Unknown
Brando Velvet Stirling - Stirling / 33,Velvet,Brando,Stirling,33
Brando Velvet Espresso - 38,Velvet,Brando,Espresso,Unknown
Brando Velvet Steel - 32,Velvet,Brando,Steel,Unknown
Brando Velvet Noir - 29,Velvet,Brando,Noir,Unknown
Brando Velvet Verdant - 33,Velvet,Brando,Verdant,Unknown
Brando Velvet Chestnut - Velvet Chestnut / 28,Velvet,Brando,Chestnut,28
Brando Velvet Noir - Noir / 33,Velvet,Brando,Noir,33
Brando Velvet Cafe - 30,Velvet,Brando,Cafe,Unknown
Brando Velvet Asphalt - 32,Velvet,Brando,Asphalt,Unknown
Brando Velvet Carbon - Velvet Carbon / 40,Velvet,Brando,Carbon,40
Brando Velvet Espresso - 31,Velvet,Brando,Espresso,Unknown
Brando Velvet Espresso,Velvet,Brando,Espresso,Unknown
Brando Velvet Teak,Velvet,Brando,Teak,Unknown
Brando Velvet Cafe - Velvet Café / 28,Velvet,Brando,Cafe,28
Brando Velvet Saddle,Velvet,Brando,Saddle,Unknown
Brando Velvet Bleu - 30,Velvet,Brando,Bleu,Unknown
Brando Velvet Teak - 36,Velvet,Brando,Teak,Unknown
Brando Velvet Bleu - 34,Velvet,Brando,Bleu,Unknown
Brando Velvet Espresso - 32,Velvet,Brando,Espresso,Unknown
Brando Velvet Cork - 30,Velvet,Brando,Cork,Unknown
Brando Velvet Midnight - 30,Velvet,Brando,Midnight,Unknown
Brando Velvet Stirling - 31,Velvet,Brando,Stirling,Unknown
Brando Velvet Noir - 34,Velvet,Brando,Noir,Unknown
Brando Velvet Verdant - 32,Velvet,Brando,Verdant,Unknown
Brando Velvet Bleu - 40,Velvet,Brando,Bleu,Unknown
Brando Velvet Mocha - 30,Velvet,Brando,Mocha,Unknown
Brando Velvet Noir - 32 / Noir,Velvet,Brando,Noir,Noir
Brando Velvet Oak - 38,Velvet,Brando,Oak,Unknown
Brando Velvet Asphalt - 36,Velvet,Brando,Asphalt,Unknown
Brando Velvet Midnight - 31,Velvet,Brando,Midnight,Unknown
Brando Velvet Teak - 31,Velvet,Brando,Teak,Unknown
Brando Velvet Dusk - Velvet Dusk / 36,Velvet,Brando,Dusk,36
Brando Velvet Noir - 31,Velvet,Brando,Noir,Unknown
Brando Velvet Verdant - 31,Velvet,Brando,Verdant,Unknown
Brando Velvet Toffee - 29,Velvet,Brando,Toffee,Unknown
Brando Velvet Moon Rock - 28,Velvet,Brando,Moon Rock,Unknown
Brando Velvet Burgundy - 34,Velvet,Brando,Burgundy,Unknown
Brando Velvet Steel - 38,Velvet,Brando,Steel,Unknown
Brando Velvet Toffee - 30,Velvet,Brando,Toffee,Unknown
Brando Velvet Aberdeen - 36,Velvet,Brando,Aberdeen,Unknown
Brando Velvet Steel - 31,Velvet,Brando,Steel,Unknown
Brando Velvet Moon Rock - 30,Velvet,Brando,Moon Rock,Unknown
Brando Velvet Saddle - Saddle / 32,Velvet,Brando,Saddle,32
Brando Velvet Atlantic - 30,Velvet,Brando,Atlantic,Unknown
Brando Velvet Mocha - 31,Velvet,Brando,Mocha,Unknown
Brando Velvet Mocha - 38,Velvet,Brando,Mocha,Unknown
Brando Velvet Noir - 30,Velvet,Brando,Noir,Unknown
Brando Velvet Midnight - 28,Velvet,Brando,Midnight,Unknown
Brando Velvet Malachite - 34,Velvet,Brando,Malachite,Unknown
Brando Velvet Noir - 38,Velvet,Brando,Noir,Unknown
Brando Velvet Saddle - Saddle / 33,Velvet,Brando,Saddle,33
Brando Velvet Chocolate - 34,Velvet,Brando,Chocolate,Unknown
Brando Velvet Teak - 34,Velvet,Brando,Teak,Unknown
Brando Velvet Oak - 32,Velvet,Brando,Oak,Unknown
Brando Velvet Stirling - Stirling / 34,Velvet,Brando,Stirling,34
Brando Velvet Bleu - 31,Velvet,Brando,Bleu,Unknown
Brando Velvet Moon Rock - 33,Velvet,Brando,Moon Rock,Unknown
Brando Velvet Espresso - 29,Velvet,Brando,Espresso,Unknown
Brando Velvet Atlantic - 32,Velvet,Brando,Atlantic,Unknown
Brando Velvet Bleu - 38,Velvet,Brando,Bleu,Unknown
Brando Velvet Saddle - Saddle / 30,Velvet,Brando,Saddle,30
Brando Velvet Midnight - 34,Velvet,Brando,Midnight,Unknown
Brando Velvet Chestnut - Velvet Chestnut / 31,Velvet,Brando,Chestnut,31
Brando Velvet Stirling - 34,Velvet,Brando,Stirling,Unknown
Brando Velvet Carbon - Velvet Carbon / 32,Velvet,Brando,Carbon,32
Brando Velvet Chestnut - Velvet Chestnut / 34,Velvet,Brando,Chestnut,34
Brando Velvet Bleu - 32,Velvet,Brando,Bleu,Unknown
Brando Velvet Aberdeen - 28,Velvet,Brando,Aberdeen,Unknown
Brando Velvet Carbon - Velvet Carbon / 38,Velvet,Brando,Carbon,38
Brando Velvet Bleu - 36,Velvet,Brando,Bleu,Unknown
Brando Velvet Noir - 40,Velvet,Brando,Noir,Unknown
Brando Velvet Atlantic - 29,Velvet,Brando,Atlantic,Unknown
Brando Velvet Dusk - Velvet Dusk / 34,Velvet,Brando,Dusk,34
Brando Velvet Cafe - Velvet Café / 33,Velvet,Brando,Cafe,33
Brando Velvet Merlot - 28,Velvet,Brando,Merlot,Unknown
Brando Velvet Carbon,Velvet,Brando,Carbon,Unknown
Brando Velvet Teak - Teak / 32,Velvet,Brando,Teak,32
Brando Velvet Saddle - Saddle / 36,Velvet,Brando,Saddle,36
Brando Velvet Teak - 30,Velvet,Brando,Teak,Unknown
Brando Velvet Moon Rock - 29,Velvet,Brando,Moon Rock,Unknown
Brando Velvet Stirling - 29,Velvet,Brando,Stirling,Unknown
Brando Velvet Chestnut - Velvet Chestnut / 30,Velvet,Brando,Chestnut,30
Brando Velvet Chocolate - 32,Velvet,Brando,Chocolate,Unknown
Brando Velvet Asphalt - 31,Velvet,Brando,Asphalt,Unknown
Brando Velvet Toffee - 31,Velvet,Brando,Toffee,Unknown
Brando Velvet Stirling - 32,Velvet,Brando,Stirling,Unknown
Brando Velvet Verdant - 29,Velvet,Brando,Verdant,Unknown
Brando Velvet Steel - Steel / 28,Velvet,Brando,Steel,28
Brando Velvet Chocolate - 36,Velvet,Brando,Chocolate,Unknown
Brando Velvet Moon Rock - 32,Velvet,Brando,Moon Rock,Unknown
Brando Velvet Dusk - Velvet Dusk / 28,Velvet,Brando,Dusk,28
Brando Velvet Toffee - 33,Velvet,Brando,Toffee,Unknown
Brando Velvet Midnight - 38,Velvet,Brando,Midnight,Unknown
Brando Velvet Dusk,Velvet,Brando,Dusk,Unknown
Brando Velvet Malachite - 40,Velvet,Brando,Malachite,Unknown
Brando Velvet Carbon - Velvet Carbon / 30,Velvet,Brando,Carbon,30
Brando Velvet Steel - 33,Velvet,Brando,Steel,Unknown
Brando Velvet Carbon - Velvet Carbon / 29,Velvet,Brando,Carbon,29
Brando Velvet Asphalt - 34,Velvet,Brando,Asphalt,Unknown
Brando Velvet Malachite - Malachite / 30,Velvet,Brando,Malachite,30
Brando Velvet Cafe - Velvet Café / 30,Velvet,Brando,Cafe,30
Brando Velvet Cafe - Velvet Café / 31,Velvet,Brando,Cafe,31
Brando Velvet Merlot - 38,Velvet,Brando,Merlot,Unknown
Brando Velvet Saddle - Saddle / 38,Velvet,Brando,Saddle,38
Brando Velvet Chocolate - 33,Velvet,Brando,Chocolate,Unknown
Brando Velvet Cork - 29,Velvet,Brando,Cork,Unknown
Brando Velvet Midnight - 33,Velvet,Brando,Midnight,Unknown
Brando Velvet Aberdeen - 33,Velvet,Brando,Aberdeen,Unknown
Brando Velvet Asphalt - 30,Velvet,Brando,Asphalt,Unknown
Brando Velvet Verdant - 34,Velvet,Brando,Verdant,Unknown
Brando Velvet Chocolate - 38,Velvet,Brando,Chocolate,Unknown
Brando Velvet Midnight - 32,Velvet,Brando,Midnight,Unknown
Brando Velvet Mocha - 29,Velvet,Brando,Mocha,Unknown
Cooper Velvet Noir - Velvet Noir / S,Velvet,Cooper,Noir,S
Cooper Velvet Noir - Velvet Noir / M,Velvet,Cooper,Noir,M
Cooper Velvet Noir,Velvet,Cooper,Noir,Unknown
Dann Relaxed T Velvet Noir - M,Velvet,Dann Relaxed T,Noir,Unknown
Dann Relaxed T Velvet Noir - XL,Velvet,Dann Relaxed T,Noir,Unknown
Dann Relaxed T Velvet Noir - L,Velvet,Dann Relaxed T,Noir,Unknown
Dann Relaxed T Velvet Noir - XXL,Velvet,Dann Relaxed T,Noir,Unknown
Dann Relaxed T Velvet Noir,Velvet,Dann Relaxed T,Noir,Unknown
Dann Relaxed T Velvet Noir - S,Velvet,Dann Relaxed T,Noir,Unknown
Dean Velvet Vintage Carbon - Vintage Carbon / S,Velvet,Dean,Vintage Carbon,S
Dean Velvet Vintage Carbon - Vintage Carbon / L,Velvet,Dean,Vintage Carbon,L
Dean Velvet Bleu - XL,Velvet,Dean,Bleu,Unknown
Dean Velvet Teak - XL,Velvet,Dean,Teak,Unknown
Dean Velvet Teak - XS,Velvet,Dean,Teak,Unknown
Dean Velvet Bleu,Velvet,Dean,Bleu,Unknown
Dean Velvet Vintage Carbon,Velvet,Dean,Vintage Carbon,Unknown
Dean Velvet Bleu - M,Velvet,Dean,Bleu,Unknown
Dean Velvet Asphalt - XS,Velvet,Dean,Asphalt,Unknown
Dean Velvet Teak - M,Velvet,Dean,Teak,Unknown
Dean Velvet Asphalt - XL,Velvet,Dean,Asphalt,Unknown
Dean Velvet Asphalt - XXL,Velvet,Dean,Asphalt,Unknown
Dean Velvet Teak - L,Velvet,Dean,Teak,Unknown
Dean Velvet Vintage Carbon - Vintage Carbon / M,Velvet,Dean,Vintage Carbon,M
Dean Velvet Vintage Carbon - Vintage Carbon / XL,Velvet,Dean,Vintage Carbon,XL
Dean Velvet Teak,Velvet,Dean,Teak,Unknown
Dean Velvet Noir - Velvet Noir / S,Velvet,Dean,Noir,S
Dean Velvet Teak - XXL,Velvet,Dean,Teak,Unknown
Dean Velvet Teak - S,Velvet,Dean,Teak,Unknown
Dean Velvet Asphalt,Velvet,Dean,Asphalt,Unknown
Dean Velvet Asphalt - L,Velvet,Dean,Asphalt,Unknown
Dean Velvet Asphalt - M,Velvet,Dean,Asphalt,Unknown
Dean Velvet Asphalt - S,Velvet,Dean,Asphalt,Unknown
Dean Velvet Vintage Carbon - Vintage Carbon / XXL,Velvet,Dean,Vintage Carbon,XXL
Dean Jacket Velvet Gold - Velvet Gold / XXL,Velvet,Dean Jacket,Gold,XXL
Dean Jacket Velvet Bleu - S,Velvet,Dean Jacket,Bleu,Unknown
Dean Jacket Velvet Bleu - XS,Velvet,Dean Jacket,Bleu,Unknown
Dean Jacket Velvet Bleu - M,Velvet,Dean Jacket,Bleu,Unknown
Dean Jacket Velvet Noir - Velvet Noir / L,Velvet,Dean Jacket,Noir,L
Dean Jacket Velvet Bleu - L,Velvet,Dean Jacket,Bleu,Unknown
Dean Jacket Velvet Biscotti - S,Velvet,Dean Jacket,Biscotti,Unknown
Dean Jacket Velvet Bleu - XXL,Velvet,Dean Jacket,Bleu,Unknown
Dean Jacket Velvet Malachite - Velvet Malachite / XS,Velvet,Dean Jacket,Malachite,XS
Dean Jacket Velvet Noir - L,Velvet,Dean Jacket,Noir,Unknown
Dean Jacket Velvet Gold,Velvet,Dean Jacket,Gold,Unknown
Dean Jacket Velvet Malachite - Velvet Malachite / M,Velvet,Dean Jacket,Malachite,M
Dean Jacket Velvet Biscotti - L,Velvet,Dean Jacket,Biscotti,Unknown
Dean Jacket Velvet Gold - Velvet Gold / L,Velvet,Dean Jacket,Gold,L
Dean Jacket Velvet Biscotti,Velvet,Dean Jacket,Biscotti,Unknown
Dean Jacket Velvet Gold - Velvet Gold / XS,Velvet,Dean Jacket,Gold,XS
Dean Jacket Velvet Noir - Velvet Noir / XXL,Velvet,Dean Jacket,Noir,XXL
Dean Jacket Velvet Noir - XL,Velvet,Dean Jacket,Noir,Unknown
Dean Jacket Velvet Malachite - Velvet Malachite / L,Velvet,Dean Jacket,Malachite,L
Dean Jacket Velvet Bleu - XL,Velvet,Dean Jacket,Bleu,Unknown
Dean Jacket Velvet Gold - Velvet Gold / M,Velvet,Dean Jacket,Gold,M
Dean Jacket Velvet Noir - Velvet Noir / XL,Velvet,Dean Jacket,Noir,XL
Dean Jacket Velvet Bleu,Velvet,Dean Jacket,Bleu,Unknown
Dean Jacket Velvet Noir - Velvet Noir / XS,Velvet,Dean Jacket,Noir,XS
Dean Jacket Velvet Noir - Velvet Noir / M,Velvet,Dean Jacket,Noir,M
Dean Jacket Velvet Biscotti - M,Velvet,Dean Jacket,Biscotti,Unknown
Dean Jacket Velvet Gold - Velvet Gold / S,Velvet,Dean Jacket,Gold,S
Dean Jacket Velvet Noir - Velvet Noir / S,Velvet,Dean Jacket,Noir,S
Dean Jacket Velvet Malachite - Velvet Malachite / XXL,Velvet,Dean Jacket,Malachite,XXL
Dean Jacket Velvet Noir - XS,Velvet,Dean Jacket,Noir,Unknown
Dean Jacket Velvet Biscotti - XXL,Velvet,Dean Jacket,Biscotti,Unknown
Dean Jacket Velvet Malachite - Velvet Malachite / S,Velvet,Dean Jacket,Malachite,S
Dean Jacket Velvet Noir - M,Velvet,Dean Jacket,Noir,Unknown
Dean Jacket Velvet Gold - Velvet Gold / XL,Velvet,Dean Jacket,Gold,XL
Dean Jacket Velvet Malachite - Velvet Malachite / XL,Velvet,Dean Jacket,Malachite,XL
Dean Jacket Velvet Biscotti - XL,Velvet,Dean Jacket,Biscotti,Unknown
Dean Jacket Velvet Biscotti - XS,Velvet,Dean Jacket,Biscotti,Unknown
Dean Jacket Velvet Noir,Velvet,Dean Jacket,Noir,Unknown
Dean Jacket Velvet Noir - XXL,Velvet,Dean Jacket,Noir,Unknown
Dean Jacket Velvet Noir - S,Velvet,Dean Jacket,Noir,Unknown
Eastwood Velvet Noir - L,Velvet,Eastwood,Noir,Unknown
Eastwood Velvet Violet - XS,Velvet,Eastwood,Violet,Unknown
Eastwood Velvet Noir - M,Velvet,Eastwood,Noir,Unknown
Eastwood Velvet Noir - Velvet Noir / S,Velvet,Eastwood,Noir,S
Eastwood Velvet Noir - S,Velvet,Eastwood,Noir,Unknown
Eastwood Velvet Violet - XL,Velvet,Eastwood,Violet,Unknown
Eastwood Velvet Noir - XXL,Velvet,Eastwood,Noir,Unknown
Eastwood Velvet Violet - L,Velvet,Eastwood,Violet,Unknown
Eastwood Velvet Noir - Velvet Noir / L,Velvet,Eastwood,Noir,L
Eastwood Velvet Violet - S,Velvet,Eastwood,Violet,Unknown
Eastwood Velvet Noir - XL,Velvet,Eastwood,Noir,Unknown
Eastwood Velvet Noir,Velvet,Eastwood,Noir,Unknown
Eastwood Velvet Violet - M,Velvet,Eastwood,Violet,Unknown
Eastwood Velvet Noir - Velvet Noir / M,Velvet,Eastwood,Noir,M
Eastwood Velvet Violet - XXL,Velvet,Eastwood,Violet,Unknown
Eastwood Velvet Violet,Velvet,Eastwood,Violet,Unknown
Eastwood Velvet Noir - XS,Velvet,Eastwood,Noir,Unknown
Ford Velvet Leopard Noir - XL,Velvet,Ford,Leopard Noir,Unknown
Ford Velvet Leopard Noir - S,Velvet,Ford,Leopard Noir,Unknown
Ford Velvet Noir - Velvet Noir / XS,Velvet,Ford,Noir,XS
Ford Velvet Leopard Noir - XXL,Velvet,Ford,Leopard Noir,Unknown
Ford Velvet Leopard Noir,Velvet,Ford,Leopard Noir,Unknown
Ford Velvet Leopard Noir - M,Velvet,Ford,Leopard Noir,Unknown
Ford Velvet Noir - Velvet Noir / M,Velvet,Ford,Noir,M
Ford Velvet Leopard Noir - L,Velvet,Ford,Leopard Noir,Unknown
Ford Velvet Noir - Velvet Noir / L,Velvet,Ford,Noir,L
Ford Velvet Noir - Velvet Noir / S,Velvet,Ford,Noir,S
Ford Velvet Leopard Noir - XS,Velvet,Ford,Leopard Noir,Unknown
Ford Velvet Noir - Velvet Noir / XXL,Velvet,Ford,Noir,XXL
Ford Velvet Noir - Velvet Noir / XL,Velvet,Ford,Noir,XL
Grant Velvet Black - 40,Velvet,Grant,Black,Unknown
Grant Velvet Black - 30,Velvet,Grant,Black,Unknown
Grant Velvet Black - Velvet Black / 33,Velvet,Grant,Black,33
Grant Velvet Black - Velvet Black / 32,Velvet,Grant,Black,32
Grant Velvet Black - 29,Velvet,Grant,Black,Unknown
Grant Velvet Black - 34,Velvet,Grant,Black,Unknown
Grant Velvet Black - 33,Velvet,Grant,Black,Unknown
Grant Velvet Black - 32,Velvet,Grant,Black,Unknown
Grant Velvet Black,Velvet,Grant,Black,Unknown
Grant Velvet Black - 38,Velvet,Grant,Black,Unknown
Grant Velvet Black - 28,Velvet,Grant,Black,Unknown
Grant Velvet Black - 36,Velvet,Grant,Black,Unknown
Grant Velvet Black - 31,Velvet,Grant,Black,Unknown
Greyson Velvet Noir - 38,Velvet,Greyson,Noir,Unknown
Greyson Velvet Burgundy - 34,Velvet,Greyson,Burgundy,Unknown
Greyson Velvet Vintage Carbon - Vintage Velvet Carbon / 30,Velvet,Greyson,Vintage Carbon,30
Greyson Velvet Bleu - 28,Velvet,Greyson,Bleu,Unknown
Greyson Velvet Tortoise - Tortoise / 31,Velvet,Greyson,Tortoise,31
Greyson Velvet Merlot - 36,Velvet,Greyson,Merlot,Unknown
Greyson Velvet Bleu - 31,Velvet,Greyson,Bleu,Unknown
Greyson Velvet Cork - 28,Velvet,Greyson,Cork,Unknown
Greyson Velvet Noir - 40,Velvet,Greyson,Noir,Unknown
Greyson Velvet Burgundy - Burgundy / 34,Velvet,Greyson,Burgundy,34
Greyson Velvet Stirling - 33,Velvet,Greyson,Stirling,Unknown
Greyson Velvet Burgundy - Burgundy / 28,Velvet,Greyson,Burgundy,28
Greyson Velvet Gold - Velvet Gold / 30,Velvet,Greyson,Gold,30
Greyson Velvet Burgundy - 30,Velvet,Greyson,Burgundy,Unknown
Greyson Velvet Malachite - Malachite / 28,Velvet,Greyson,Malachite,28
Greyson Velvet  Teak - 33,Velvet,Greyson,Teak,Unknown
Greyson Velvet  Teak - 32,Velvet,Greyson,Teak,Unknown
Greyson Velvet  Teak - 40,Velvet,Greyson,Teak,Unknown
Greyson Velvet Mocha - 28,Velvet,Greyson,Mocha,Unknown
Greyson Velvet Galaxy - Galaxy / 38,Velvet,Greyson,Galaxy,38
Greyson Velvet Cork - 32,Velvet,Greyson,Cork,Unknown
Greyson Velvet Malachite - 29,Velvet,Greyson,Malachite,Unknown
Greyson Velvet Tortoise - 34,Velvet,Greyson,Tortoise,Unknown
Greyson Velvet Stirling - 31,Velvet,Greyson,Stirling,Unknown
Greyson Velvet Oak - 36,Velvet,Greyson,Oak,Unknown
Greyson Velvet Midnight - 33,Velvet,Greyson,Midnight,Unknown
Greyson Velvet Gold - Velvet Gold / 40,Velvet,Greyson,Gold,40
Greyson Velvet Burgundy - Burgundy / 40,Velvet,Greyson,Burgundy,40
Greyson Velvet Nightfall - Velvet Nightfall / 34,Velvet,Greyson,Nightfall,34
Greyson Velvet Tortoise - Tortoise / 29,Velvet,Greyson,Tortoise,29
Greyson Velvet Noir - Noir / 40,Velvet,Greyson,Noir,40
Greyson Velvet Galaxy - 33,Velvet,Greyson,Galaxy,Unknown
Greyson Velvet Cork - 29,Velvet,Greyson,Cork,Unknown
Greyson Velvet Oak - 32,Velvet,Greyson,Oak,Unknown
Greyson Velvet Bleu - 34,Velvet,Greyson,Bleu,Unknown
Greyson Velvet Aberdeen - 33,Velvet,Greyson,Aberdeen,Unknown
Greyson Velvet Asphalt - 31,Velvet,Greyson,Asphalt,Unknown
Greyson Velvet Galaxy - 36,Velvet,Greyson,Galaxy,Unknown
Greyson Velvet Asphalt - 33,Velvet,Greyson,Asphalt,Unknown
Greyson Velvet Noir - Noir / 29,Velvet,Greyson,Noir,29
Greyson Velvet Tortoise - 32,Velvet,Greyson,Tortoise,Unknown
Greyson Velvet Stirling - 30,Velvet,Greyson,Stirling,Unknown
Greyson Velvet Noir - 32,Velvet,Greyson,Noir,Unknown
Greyson Velvet Burgundy - Burgundy / 32,Velvet,Greyson,Burgundy,32
Greyson Velvet Merlot - 31,Velvet,Greyson,Merlot,Unknown
Greyson Velvet Burgundy - 38,Velvet,Greyson,Burgundy,Unknown
Greyson Velvet Tortoise - Tortoise / 28,Velvet,Greyson,Tortoise,28
Greyson Velvet Noir - 34,Velvet,Greyson,Noir,Unknown
Greyson Velvet Asphalt - 34,Velvet,Greyson,Asphalt,Unknown
Greyson Velvet Burgundy - 29,Velvet,Greyson,Burgundy,Unknown
Greyson Velvet Noir - Noir / 28,Velvet,Greyson,Noir,28
Greyson Velvet Galaxy - 32,Velvet,Greyson,Galaxy,Unknown
Greyson Velvet Burgundy - 33,Velvet,Greyson,Burgundy,Unknown
Greyson Velvet Nightfall - Velvet Nightfall / 33,Velvet,Greyson,Nightfall,33
Greyson Velvet Noir - Noir / 33,Velvet,Greyson,Noir,33
Greyson Velvet Gold - Velvet Gold / 34,Velvet,Greyson,Gold,34
Greyson Velvet  Teak - 34,Velvet,Greyson,Teak,Unknown
Greyson Velvet Nightfall - 30,Velvet,Greyson,Nightfall,Unknown
Greyson Velvet Bleu - 33,Velvet,Greyson,Bleu,Unknown
Greyson Velvet Tortoise - 30,Velvet,Greyson,Tortoise,Unknown
Greyson Velvet Gold - Velvet Gold / 32,Velvet,Greyson,Gold,32
Greyson Velvet Aberdeen - 34,Velvet,Greyson,Aberdeen,Unknown
Greyson Velvet Bleu - 30,Velvet,Greyson,Bleu,Unknown
Greyson Velvet Midnight - 32,Velvet,Greyson,Midnight,Unknown
Greyson Velvet  Teak,Velvet,Greyson,Teak,Unknown
Greyson Velvet Malachite - 30,Velvet,Greyson,Malachite,Unknown
Greyson Velvet Burgundy - 28,Velvet,Greyson,Burgundy,Unknown
Greyson Velvet Burgundy - 32,Velvet,Greyson,Burgundy,Unknown
Greyson Velvet Nightfall - 34,Velvet,Greyson,Nightfall,Unknown
Greyson Velvet Mocha - 38 / Mocha,Velvet,Greyson,Mocha,Mocha
Greyson Velvet Asphalt - 36,Velvet,Greyson,Asphalt,Unknown
Greyson Velvet Nightfall - Velvet Nightfall / 32,Velvet,Greyson,Nightfall,32
Greyson Velvet Noir,Velvet,Greyson,Noir,Unknown
Greyson Velvet Cork - 34,Velvet,Greyson,Cork,Unknown
Greyson Velvet Noir - 30,Velvet,Greyson,Noir,Unknown
Greyson Velvet Tortoise - 36,Velvet,Greyson,Tortoise,Unknown
Greyson Velvet Mocha - 36,Velvet,Greyson,Mocha,Unknown
Greyson Velvet Amethyst - 32,Velvet,Greyson,Amethyst,Unknown
Greyson Velvet Vintage Carbon - Vintage Velvet Carbon / 32,Velvet,Greyson,Vintage Carbon,32
Greyson Velvet Stirling - 36,Velvet,Greyson,Stirling,Unknown
Greyson Velvet Malachite - Malachite / 38,Velvet,Greyson,Malachite,38
Greyson Velvet Vintage Carbon - Vintage Velvet Carbon / 36,Velvet,Greyson,Vintage Carbon,36
Greyson Velvet Nightfall - 38,Velvet,Greyson,Nightfall,Unknown
Greyson Velvet Noir - 36,Velvet,Greyson,Noir,Unknown
Greyson Velvet Cork - 30,Velvet,Greyson,Cork,Unknown
Greyson Velvet Bleu - 36,Velvet,Greyson,Bleu,Unknown
Greyson Velvet Malachite - Malachite / 40,Velvet,Greyson,Malachite,40
Greyson Velvet Tortoise - Tortoise / 30,Velvet,Greyson,Tortoise,30
Greyson Velvet Cork - 36,Velvet,Greyson,Cork,Unknown
Greyson Velvet Gold,Velvet,Greyson,Gold,Unknown
Greyson Velvet Nightfall - 28,Velvet,Greyson,Nightfall,Unknown
Greyson Velvet Vintage Carbon - Vintage Velvet Carbon / 33,Velvet,Greyson,Vintage Carbon,33
Greyson Velvet Tortoise - 28,Velvet,Greyson,Tortoise,Unknown
Greyson Velvet Midnight - 31,Velvet,Greyson,Midnight,Unknown
Greyson Velvet Noir - Noir / 31,Velvet,Greyson,Noir,31
Greyson Velvet Merlot - 29,Velvet,Greyson,Merlot,Unknown
Greyson Velvet Tortoise - 31,Velvet,Greyson,Tortoise,Unknown
Greyson Velvet Bleu,Velvet,Greyson,Bleu,Unknown
Greyson Velvet Cork - 33,Velvet,Greyson,Cork,Unknown
Greyson Velvet Noir - Noir / 32,Velvet,Greyson,Noir,32
Greyson Velvet Burgundy - 40,Velvet,Greyson,Burgundy,Unknown
Greyson Velvet Noir - 31,Velvet,Greyson,Noir,Unknown
Greyson Velvet Tortoise,Velvet,Greyson,Tortoise,Unknown
Greyson Velvet Tortoise - Tortoise / 36,Velvet,Greyson,Tortoise,36
Greyson Velvet Oak - 28,Velvet,Greyson,Oak,Unknown
Greyson Velvet Asphalt - 30,Velvet,Greyson,Asphalt,Unknown
Greyson Velvet Merlot - 28,Velvet,Greyson,Merlot,Unknown
Greyson Velvet Nightfall - 36,Velvet,Greyson,Nightfall,Unknown
Greyson Velvet Nightfall - Velvet Nightfall / 36,Velvet,Greyson,Nightfall,36
Greyson Velvet Noir - Noir / 38,Velvet,Greyson,Noir,38
Greyson Velvet Amethyst - 40,Velvet,Greyson,Amethyst,Unknown
Greyson Velvet Nightfall - Velvet Nightfall / 38,Velvet,Greyson,Nightfall,38
Greyson Velvet Tortoise - Tortoise / 38,Velvet,Greyson,Tortoise,38
Greyson Velvet Nightfall - Velvet Nightfall / 31,Velvet,Greyson,Nightfall,31
Greyson Velvet Asphalt - 38,Velvet,Greyson,Asphalt,Unknown
Greyson Velvet Gold - Velvet Gold / 38,Velvet,Greyson,Gold,38
Greyson Velvet Mocha - 34,Velvet,Greyson,Mocha,Unknown
Greyson Velvet Malachite - 31,Velvet,Greyson,Malachite,Unknown
Greyson Velvet Gold - Velvet Gold / 31,Velvet,Greyson,Gold,31
Greyson Velvet Cork - 31,Velvet,Greyson,Cork,Unknown
Greyson Velvet Aberdeen - 31,Velvet,Greyson,Aberdeen,Unknown
Greyson Velvet Mocha - 33,Velvet,Greyson,Mocha,Unknown
Greyson Velvet Gold - Velvet Gold / 33,Velvet,Greyson,Gold,33
Greyson Velvet  Teak - 36,Velvet,Greyson,Teak,Unknown
Greyson Velvet Stirling - 32,Velvet,Greyson,Stirling,Unknown
Greyson Velvet Bleu - 32,Velvet,Greyson,Bleu,Unknown
Greyson Velvet Asphalt - 29,Velvet,Greyson,Asphalt,Unknown
Greyson Velvet Nightfall - Velvet Nightfall / 29,Velvet,Greyson,Nightfall,29
Greyson Velvet Amethyst - 30,Velvet,Greyson,Amethyst,Unknown
Greyson Velvet Merlot - 40,Velvet,Greyson,Merlot,Unknown
Greyson Velvet Merlot - 30,Velvet,Greyson,Merlot,Unknown
Greyson Velvet Galaxy - 40,Velvet,Greyson,Galaxy,Unknown
Greyson Velvet Mocha - 32,Velvet,Greyson,Mocha,Unknown
Greyson Velvet Nightfall - Velvet Nightfall / 28,Velvet,Greyson,Nightfall,28
Greyson Velvet Gold - Velvet Gold / 29,Velvet,Greyson,Gold,29
Greyson Velvet Asphalt - 28,Velvet,Greyson,Asphalt,Unknown
Greyson Velvet Burgundy - Burgundy / 38,Velvet,Greyson,Burgundy,38
Greyson Velvet Tortoise - Tortoise / 40,Velvet,Greyson,Tortoise,40
Greyson Velvet Nightfall - 33,Velvet,Greyson,Nightfall,Unknown
Greyson Velvet Tortoise - 29,Velvet,Greyson,Tortoise,Unknown
Greyson Velvet Amethyst - 29,Velvet,Greyson,Amethyst,Unknown
Greyson Velvet Burgundy - 31,Velvet,Greyson,Burgundy,Unknown
Greyson Velvet Nightfall - Velvet Nightfall / 30,Velvet,Greyson,Nightfall,30
Greyson Velvet Merlot - 38,Velvet,Greyson,Merlot,Unknown
Greyson Velvet Noir - Noir / 30,Velvet,Greyson,Noir,30
Greyson Velvet Aberdeen - 28,Velvet,Greyson,Aberdeen,Unknown
Greyson Velvet Oak - 38,Velvet,Greyson,Oak,Unknown
Greyson Velvet Oak - 29,Velvet,Greyson,Oak,Unknown
Greyson Velvet Vintage Carbon - Vintage Velvet Carbon / 34,Velvet,Greyson,Vintage Carbon,34
Greyson Velvet Oak - 30,Velvet,Greyson,Oak,Unknown
Greyson Velvet Asphalt - 32,Velvet,Greyson,Asphalt,Unknown
Greyson Velvet Malachite - Malachite / 34,Velvet,Greyson,Malachite,34
Greyson Velvet Stirling - 29,Velvet,Greyson,Stirling,Unknown
Greyson Velvet Amethyst - 31,Velvet,Greyson,Amethyst,Unknown
Greyson Velvet Galaxy - 29,Velvet,Greyson,Galaxy,Unknown
Greyson Velvet Oak - 31,Velvet,Greyson,Oak,Unknown
Greyson Velvet Noir - 29,Velvet,Greyson,Noir,Unknown
Greyson Velvet Amethyst - 33,Velvet,Greyson,Amethyst,Unknown
Greyson Velvet Cork - 38,Velvet,Greyson,Cork,Unknown
Greyson Velvet Amethyst - 36,Velvet,Greyson,Amethyst,Unknown
Greyson Velvet Vintage Carbon - Vintage Velvet Carbon / 29,Velvet,Greyson,Vintage Carbon,29
Greyson Velvet Nightfall - 29,Velvet,Greyson,Nightfall,Unknown
Greyson Velvet Noir - 33,Velvet,Greyson,Noir,Unknown
Greyson Velvet Midnight - 29,Velvet,Greyson,Midnight,Unknown
Greyson Velvet Galaxy - 38,Velvet,Greyson,Galaxy,Unknown
Greyson Velvet  Teak - 29,Velvet,Greyson,Teak,Unknown
Greyson Velvet Stirling - 34,Velvet,Greyson,Stirling,Unknown
Greyson Velvet Aberdeen - 30,Velvet,Greyson,Aberdeen,Unknown
Greyson Velvet Bleu - 38,Velvet,Greyson,Bleu,Unknown
Greyson Velvet Noir - Noir / 34,Velvet,Greyson,Noir,34
Greyson Velvet Tortoise - Tortoise / 34,Velvet,Greyson,Tortoise,34
Greyson Velvet Noir - 28,Velvet,Greyson,Noir,Unknown
Greyson Velvet Teak,Velvet,Greyson,Teak,Unknown
Greyson Velvet Malachite - Malachite / 32,Velvet,Greyson,Malachite,32
Greyson Velvet  Teak - 38,Velvet,Greyson,Teak,Unknown
Greyson Velvet Vintage Carbon - Vintage Velvet Carbon / 31,Velvet,Greyson,Vintage Carbon,31
Greyson Velvet Tortoise - 33,Velvet,Greyson,Tortoise,Unknown
Greyson Velvet  Teak - 28,Velvet,Greyson,Teak,Unknown
Greyson Velvet Aberdeen - 29,Velvet,Greyson,Aberdeen,Unknown
Greyson Velvet Tortoise - Tortoise / 33,Velvet,Greyson,Tortoise,33
Greyson Velvet Midnight - 28,Velvet,Greyson,Midnight,Unknown
Greyson Velvet Burgundy - 36,Velvet,Greyson,Burgundy,Unknown
Greyson Velvet Merlot - 32,Velvet,Greyson,Merlot,Unknown
Greyson Velvet Nightfall - 32,Velvet,Greyson,Nightfall,Unknown
Greyson Velvet Amethyst - 38,Velvet,Greyson,Amethyst,Unknown
Greyson Velvet Malachite - 36,Velvet,Greyson,Malachite,Unknown
Greyson Velvet Burgundy - Burgundy / 36,Velvet,Greyson,Burgundy,36
Greyson Velvet Malachite - 38,Velvet,Greyson,Malachite,Unknown
Greyson Velvet Nightfall - 40,Velvet,Greyson,Nightfall,Unknown
Greyson Velvet Asphalt,Velvet,Greyson,Asphalt,Unknown
Greyson Velvet Malachite - Malachite / 36,Velvet,Greyson,Malachite,36
Greyson Velvet  Teak - 30,Velvet,Greyson,Teak,Unknown
Greyson Velvet Galaxy - 34,Velvet,Greyson,Galaxy,Unknown
Greyson Velvet Aberdeen - 33 / Aberdeen,Velvet,Greyson,Aberdeen,Aberdeen
Greyson Velvet Noir - Noir / 36,Velvet,Greyson,Noir,36
Greyson Velvet Galaxy - Galaxy / 40,Velvet,Greyson,Galaxy,40
Greyson Velvet Bleu - 29,Velvet,Greyson,Bleu,Unknown
Greyson Velvet Merlot - 33,Velvet,Greyson,Merlot,Unknown
Greyson Velvet Malachite - 34,Velvet,Greyson,Malachite,Unknown
Greyson Velvet Malachite - 28,Velvet,Greyson,Malachite,Unknown
Greyson Velvet Aberdeen - 32,Velvet,Greyson,Aberdeen,Unknown
Greyson Velvet Midnight - 34,Velvet,Greyson,Midnight,Unknown
Greyson Velvet Galaxy - 31,Velvet,Greyson,Galaxy,Unknown
Greyson Velvet Malachite - 32,Velvet,Greyson,Malachite,Unknown
Greyson Velvet Amethyst - 34,Velvet,Greyson,Amethyst,Unknown
Greyson Velvet Tortoise - Tortoise / 32,Velvet,Greyson,Tortoise,32
Greyson Velvet Tortoise - 38,Velvet,Greyson,Tortoise,Unknown
Greyson Velvet Merlot - 34,Velvet,Greyson,Merlot,Unknown
Greyson Velvet Malachite - Malachite / 30,Velvet,Greyson,Malachite,30
Greyson Velvet Malachite - 33,Velvet,Greyson,Malachite,Unknown
Greyson Velvet Oak - 33,Velvet,Greyson,Oak,Unknown
Greyson Velvet Galaxy - 30,Velvet,Greyson,Galaxy,Unknown
Greyson Velvet Nightfall - 31,Velvet,Greyson,Nightfall,Unknown
Greyson Velvet Vintage Carbon,Velvet,Greyson,Vintage Carbon,Unknown
Greyson Velvet Galaxy - Galaxy / 32,Velvet,Greyson,Galaxy,32
Greyson Velvet Vintage Carbon - Vintage Velvet Carbon / 40,Velvet,Greyson,Vintage Carbon,40
Greyson Velvet Malachite - Malachite / 29,Velvet,Greyson,Malachite,29
Greyson Velvet Gold - Velvet Gold / 36,Velvet,Greyson,Gold,36
Greyson Velvet  Teak - 31,Velvet,Greyson,Teak,Unknown
Greyson Velvet Stirling - 38,Velvet,Greyson,Stirling,Unknown
Greyson Velvet Midnight - 36,Velvet,Greyson,Midnight,Unknown
Greyson Velvet Merlot - Merlot / 28,Velvet,Greyson,Merlot,28
Greyson Velvet Gold - Velvet Gold / 28,Velvet,Greyson,Gold,28
Greyson Velvet Amethyst - 28,Velvet,Greyson,Amethyst,Unknown
Greyson Velvet Tortoise - 40,Velvet,Greyson,Tortoise,Unknown
Greyson Velvet Vintage Carbon - Vintage Velvet Carbon / 38,Velvet,Greyson,Vintage Carbon,38
Greyson Velvet Oak - 34,Velvet,Greyson,Oak,Unknown
Greyson Velvet Galaxy - Galaxy / 28,Velvet,Greyson,Galaxy,28
Greyson Velvet Mocha - 31,Velvet,Greyson,Mocha,Unknown
Greyson Velvet Asphalt - 40,Velvet,Greyson,Asphalt,Unknown
Greyson Aged Velvet Biscotti - 40,Velvet,Greyson Aged,Biscotti,Unknown
Greyson Aged Velvet Biscotti,Velvet,Greyson Aged,Biscotti,Unknown
Greyson Aged Velvet Biscotti - 33,Velvet,Greyson Aged,Biscotti,Unknown
Greyson Aged Velvet Biscotti - 28,Velvet,Greyson Aged,Biscotti,Unknown
Greyson Aged Velvet Biscotti - 34,Velvet,Greyson Aged,Biscotti,Unknown
Greyson Aged Velvet Biscotti - 36,Velvet,Greyson Aged,Biscotti,Unknown
Greyson Aged Velvet Biscotti - 29,Velvet,Greyson Aged,Biscotti,Unknown
Greyson Aged Velvet Biscotti - 38,Velvet,Greyson Aged,Biscotti,Unknown
Greyson Aged Velvet Biscotti - 31,Velvet,Greyson Aged,Biscotti,Unknown
Greyson Aged Velvet Biscotti - 32,Velvet,Greyson Aged,Biscotti,Unknown
Greyson Aged Velvet Biscotti - 30,Velvet,Greyson Aged,Biscotti,Unknown
Hugh Velvet Violet - 34,Velvet,Hugh,Violet,Unknown
Hugh Velvet Violet - 38,Velvet,Hugh,Violet,Unknown
Hugh Velvet Violet - 31,Velvet,Hugh,Violet,Unknown
Hugh Velvet Violet - Velvet Violet / 28,Velvet,Hugh,Violet,28
Hugh Velvet Violet - 33,Velvet,Hugh,Violet,Unknown
Hugh Velvet Violet - 32,Velvet,Hugh,Violet,Unknown
Hugh Velvet Violet - 30,Velvet,Hugh,Violet,Unknown
Hugh Velvet Violet - 28,Velvet,Hugh,Violet,Unknown
Hugh Velvet Violet,Velvet,Hugh,Violet,Unknown
Hugh Velvet Violet - Velvet Violet / 38,Velvet,Hugh,Violet,38
Hugh Velvet Violet - 40,Velvet,Hugh,Violet,Unknown
Hugh Velvet Violet - 36,Velvet,Hugh,Violet,Unknown
Maverick Velvet Noir - M,Velvet,Maverick,Noir,Unknown
Maverick Velvet Noir - XS,Velvet,Maverick,Noir,Unknown
Maverick Velvet Noir - XL,Velvet,Maverick,Noir,Unknown
Maverick Velvet Noir - L,Velvet,Maverick,Noir,Unknown
Maverick Velvet Noir - Velvet Noir / M,Velvet,Maverick,Noir,M
Maverick Velvet Noir,Velvet,Maverick,Noir,Unknown
Maverick Velvet Noir - XXL,Velvet,Maverick,Noir,Unknown
Maverick Velvet Noir - Velvet Noir / XXL,Velvet,Maverick,Noir,XXL
Maverick Velvet Noir - Velvet Noir / XS,Velvet,Maverick,Noir,XS
Maverick Velvet Noir - S,Velvet,Maverick,Noir,Unknown
Pre-Order Dean Jacket Velvet Gold - Velvet Gold / XL,Velvet,Pre-Order Dean Jacket,Gold,XL
Pre-Order Dean Jacket Velvet Gold - Velvet Gold / M,Velvet,Pre-Order Dean Jacket,Gold,M
Pre-Order Dean Jacket Velvet Noir - Velvet Noir / M,Velvet,Pre-Order Dean Jacket,Noir,M
Travis Velvet Grey - XL,Velvet,Travis,Grey,Unknown
Travis Velvet Grey - M,Velvet,Travis,Grey,Unknown
Travis Velvet Noir - XXL,Velvet,Travis,Noir,Unknown
Travis Velvet Sage - XL,Velvet,Travis,Sage,Unknown
Travis Velvet Noir - M,Velvet,Travis,Noir,Unknown
Travis Velvet Sage - L,Velvet,Travis,Sage,Unknown
Travis Velvet Noir,Velvet,Travis,Noir,Unknown
Travis Velvet Sage,Velvet,Travis,Sage,Unknown
Travis Velvet Sage - XS,Velvet,Travis,Sage,Unknown
Travis Velvet Grey,Velvet,Travis,Grey,Unknown
Travis Velvet Sage - M,Velvet,Travis,Sage,Unknown
Travis Velvet Grey - XS,Velvet,Travis,Grey,Unknown
Travis Velvet Noir - L,Velvet,Travis,Noir,Unknown
Travis Velvet Grey - S,Velvet,Travis,Grey,Unknown
Travis Velvet Noir - XS,Velvet,Travis,Noir,Unknown
Travis Velvet Noir - XL,Velvet,Travis,Noir,Unknown
Travis Velvet Grey - L,Velvet,Travis,Grey,Unknown
Travis Velvet Grey - XXL,Velvet,Travis,Grey,Unknown
Walker Velvet Noir - L,Velvet,Walker,Noir,Unknown
Walker Velvet Grey Galaxy - Grey Galaxy / L,Velvet,Walker,Grey Galaxy,L
Walker Velvet Noir - Noir / L,Velvet,Walker,Noir,L
Walker Velvet Grey Galaxy - M,Velvet,Walker,Grey Galaxy,Unknown
Walker Velvet Grey Galaxy - Grey Galaxy / M,Velvet,Walker,Grey Galaxy,M
Walker Velvet Noir - Noir / S,Velvet,Walker,Noir,S
Walker Velvet Grey Galaxy - Grey Galaxy / XL,Velvet,Walker,Grey Galaxy,XL
Walker Velvet Grey Galaxy - XXL,Velvet,Walker,Grey Galaxy,Unknown
Walker Velvet Grey Galaxy - Grey Galaxy / S,Velvet,Walker,Grey Galaxy,S
Walker Velvet Grey Galaxy - L,Velvet,Walker,Grey Galaxy,Unknown
Walker Velvet Noir - XL,Velvet,Walker,Noir,Unknown
Walker Velvet Grey Galaxy - Grey Galaxy / XS,Velvet,Walker,Grey Galaxy,XS
Walker Velvet Grey Galaxy - S,Velvet,Walker,Grey Galaxy,Unknown
Walker Velvet Grey Galaxy - XL,Velvet,Walker,Grey Galaxy,Unknown
Walker Velvet Noir - Noir / XS,Velvet,Walker,Noir,XS
Walker Velvet Noir - M,Velvet,Walker,Noir,Unknown
Walker Velvet Noir - Noir / XXL,Velvet,Walker,Noir,XXL
Walker Velvet Noir - Noir / XL,Velvet,Walker,Noir,XL
Walker Velvet Noir - S,Velvet,Walker,Noir,Unknown
West Velvet Noir - M,Velvet,West,Noir,Unknown
West Velvet Noir - Noir / M,Velvet,West,Noir,M
West Velvet Noir,Velvet,West,Noir,Unknown
West Velvet Noir - XL,Velvet,West,Noir,Unknown
West Velvet Noir - Noir / XS,Velvet,West,Noir,XS
West Velvet Noir - S,Velvet,West,Noir,Unknown
West Velvet Noir - XS,Velvet,West,Noir,Unknown
West Velvet Noir - Noir / S,Velvet,West,Noir,S
West Velvet Noir - Noir / L,Velvet,West,Noir,L
West Velvet Noir - XXL,Velvet,West,Noir,Unknown
West Velvet Noir - L,Velvet,West,Noir,Unknown
West Velvet Noir - Noir / XL,Velvet,West,Noir,XL
West Velvet Noir - Noir / XXL,Velvet,West,Noir,XXL
