"Landing page type","Landing page path","Online store visitors","Sessions","Sessions with cart additions","Sessions that reached checkout"
"Homepage","/",30433,31763,313,476
"Collection","/collections/eligible-2",7533,8671,112,80
"Product","/products/eastwood-navy",5685,5695,3,12
"Product","/products/dean-khaki",5452,5481,4,4
"Custom Page","/pages/contact-us",5453,5457,0,1
"Collection","/collections/new-arrivals-1",3628,3793,21,65
"Collection","/collections/eosale",2641,2756,56,100
"Product","/products/noah-suede-cool-grey",1536,1547,7,3
"Product","/products/bond-shirt-silk-ivory",1305,1432,41,20
"Product","/products/brando-velvet-noir-1",1319,1324,1,4
"Product","/products/jeter-varsity-suede-carolina",1199,1324,23,8
"Collection","/collections/sale-2",1157,1247,24,59
"Product","/products/brando-indigo-1",1150,1155,5,11
"Product","/products/greyson-tinted-indigo-1",1086,1116,10,13
"Product","/products/jalen-vintage-leopard",991,1036,15,19
"Product","/products/brando-noir",1007,1022,8,5
"Collection","/collections/butter-suede",953,996,14,16
"Product","/products/brando-short-mineral-green",932,946,3,2
"Collection","/collections/t-shirts",916,938,5,21
"Collection","/collections/denim",892,913,6,9
"Collection","/collections/bottoms",864,873,6,2
"Product","/products/dean-patent-noir",749,793,9,15
"Product","/products/brando-short-vintage-blanc",772,777,3,2
"Product","/products/eastwood-suede-steel-blue",734,755,10,4
"Collection","/collections/tops",700,707,3,4
"Product","/products/maverick-silk-steel-blue",589,684,20,8
"Product","/products/brando-parisian-luxe-juniper",679,679,0,2
"Collection","/collections/all-products",654,671,4,30
"Product","/products/cooper-suede-espresso",643,656,3,10
"Product","/products/hendrix-calabasas",559,655,26,17
"Product","/products/ryder-sequin-noir",484,640,6,11
"Product","/products/preston-coated-noir",601,637,5,15
"Product","/products/dean-acid-blue",582,619,11,18
"Product","/products/brando-encino",530,537,0,6
"Product","/products/brando-parisian-luxe-navy",511,523,2,4
"Product","/products/brando-ink",495,511,4,4
"Product","/products/cruise-noir",479,499,5,5
"Product","/products/greyson-toulouse",476,488,2,4
"Product","/products/cooper-suede-noir",477,483,1,8
"Product","/products/brando-vail",479,480,2,3
"Product","/products/brando-parisian-luxe-khaki",441,454,4,11
"Product","/products/dean-suede-noir",422,440,2,4
"Collection","/collections/brando-slim-fit",412,421,7,8
"Product","/products/dean-suede-cowhide",401,420,5,12
"Product","/products/greyson-coated-noir",413,415,1,10
"Collection","/collections/parisian-luxe",391,411,3,5
"Product","/products/greyson-noir",350,384,7,11
"Product","/products/eastwood-smokescreen",350,382,13,6
"Product","/products/dann-shirt-noir",345,380,13,15
"Product","/products/cooper-coated-noir",319,354,10,6
"Product","/products/maverick-suede-cool-grey",307,346,11,3
"Product","/products/eastwood-velvet-noir-1",329,345,9,11
"Product","/products/west-coated-noir",312,330,4,3
"Product","/products/dann-shirt-blanc",307,325,11,16
"Product","/products/greyson-vintage-velvet-carbon",302,313,10,12
"Product","/products/dean-vintage-carbon",300,309,3,13
"Collection","/collections/shirts",285,301,10,5
"Product","/products/brando-coral",280,292,9,11
"Product","/products/maverick-suede-noir",261,285,4,2
"Product","/products/dean-neddle-cord-noir-sherpa",273,279,5,8
"Collection","/collections/skinny",262,271,4,5
"Product","/products/brando-blanc",246,261,2,7
"Collection","/collections/jackets",232,252,10,6
"Product","/products/brando-tinted-indigo",226,245,5,7
"Product","/products/maverick-suede-taupe",229,244,3,6
"Product","/products/deniro-ink",240,243,1,5
"Collection","/collections/slim",226,241,5,7
"Product","/products/eastwood-steel",238,241,2,6
"Product","/products/brando-st-barths",220,228,1,3
"Product","/products/brando-needle-cord-plum",201,217,11,9
"Product","/products/noah-suede-noir",203,214,10,4
"Custom Page","/pages/shipping-returns",213,214,0,4
"Product","/products/caine-acid-carbon",193,206,7,6
"Product","/products/eastwood-suede-vintage-blanc",178,203,0,0
"Product","/products/trooper-plum",196,202,0,3
"Collection","/collections/straight-leg",194,200,6,4
,"/en-ca",173,192,9,8
"Product","/products/cruise-blanc",189,190,1,1
"Product","/products/cooper-juniper",182,189,0,1
"Product","/products/brando-belmar",182,188,4,6
"Product","/products/caine-lincoln",169,180,3,2
"Product","/products/greyson-rivoli",176,177,0,2
"Product","/products/tactical-needle-cord-noir",167,174,5,6
,"/en-de/products/dean-khaki",172,172,0,0
"Product","/products/brando-parisian-luxe-noir",171,172,1,6
"Product","/products/brando-parisian-luxe-light-grey",169,172,3,6
"Product","/products/brando-short-light-grey",159,164,5,7
"Collection","/collections/mothers-day-edit",155,163,3,0
"Product","/products/brando-florentine",158,161,0,4
"Product","/products/eastwood-needle-cord-plum",156,160,4,5
"Product","/products/clint-khaki",159,160,0,1
"Product","/products/bond-short-light-grey",158,160,2,6
"Product","/products/lenny-wilshire",141,159,1,3
"Product","/products/brando-medium-indigo-1",152,156,4,7
"Product","/products/eastwood-needle-cord-saddle",150,154,2,4
"Product","/products/brando-naples",133,151,3,6
"Custom Page","/pages/sizing-chart",143,150,2,1
"Product","/products/pierce-terry-noir",146,148,0,0
"Product","/products/eastwood-needle-cord-noir",143,148,1,1
"Product","/products/brando-parisian-luxe-army",146,146,0,2
"Product","/products/deniro-mineral-green",143,146,1,3
"Product","/products/brando-cote-divoir",143,145,2,3
"Product","/products/brando-linen-jade",143,144,0,0
"Product","/products/cruise-coral",142,144,0,2
"Collection","/collections/shorts-1",127,142,4,3
"Product","/products/brando-velvet-carbon",132,142,4,6
"Collection","/collections/fall-winter",137,141,7,6
"Product","/products/brando-needle-cord-juniper",136,140,3,2
"Product","/products/lenny-opera",137,139,0,1
"Product","/products/wayne-needle-cord-plum",136,139,1,5
"Product","/products/brando-jade",137,138,1,4
"Collection","/collections/core",136,138,0,2
"Product","/products/brando-velvet-saddle",132,137,2,6
"Collection","/collections/all-styles",132,133,1,0
,"/en-cn",133,133,0,0
"Collection","/collections/greyson-skinny-fit",131,131,4,2
"Product","/products/caine-clichy",129,131,1,3
"Product","/products/caine-espresso",128,130,0,5
"Product","/products/greyson-ash",129,129,0,0
"Product","/products/caine-noir",126,127,0,0
"Collection","/collections/noah-jogger",114,125,6,1
,"/en-in",102,125,22,4
"Product","/products/brando-parisian-luxe-jade",123,125,1,1
"Product","/products/bond-shirt-beverly-hills",103,122,6,3
"Product","/products/dean-jacket-coated-noir",121,121,0,0
"Product","/products/caine-mf-leopard-flock",113,120,5,4
"Product","/products/wayne-needle-cord-noir",104,117,3,4
"Product","/products/brando-oakland",115,116,0,1
"Product","/products/brando-eiffel-tower",115,115,0,0
"Product","/products/brando-needle-cord-khaki",111,114,2,1
"Product","/products/brando-vintage-blanc-1",113,114,3,7
"Collection","/collections/sale-tops",112,113,0,0
"Product","/products/dann-long-slv-vintage-blanc",111,112,1,2
,"/en-in/products/dean-suede-noir",109,111,3,1
"Collection","/collections/new-arrivals-bottoms",109,111,2,1
"Custom Page","/pages/about",108,108,0,0
"Product","/products/noah-suede-ivory",97,103,5,4
"Product","/products/greyson-slash-vintage",103,103,2,0
"Product","/products/travis-light-grey",99,99,2,7
"Product","/products/brando-dune",95,98,1,2
"Product","/products/caine-vintage-plum",88,98,5,4
"Product","/products/bond-short-le-club",95,95,0,2
,"/es-mx",90,94,4,2
"Product","/products/caine-valois",92,94,0,2
"Product","/products/brando-tobacco",90,93,1,0
"Product","/products/tactical-army",92,92,0,1
"Product","/products/cruise-capuccino",86,86,0,0
"Collection","/collections/new-arrivals-tops",78,83,0,1
"Custom Page","/pages/about-us",82,83,0,0
"Product","/products/deniro-malibu",80,83,1,1
"Product","/products/pierce-ls-noir",83,83,0,2
"Collection","/collections/spring-summer",79,82,1,2
"Product","/products/pierce-terry-light-grey",75,79,1,1
"Custom Page","/pages/404",77,77,0,2
,"/en-au",46,76,2,3
"Product","/products/mfvla1-bleached-indigo",74,74,0,0
,"/en-mx",70,73,3,3
,"/fr-fr",72,72,0,0
"Product","/products/brando-pico",71,71,0,6
"Custom Page","/pages/govx-id-military-discount",70,70,0,0
"Product","/products/free-unlimited-return-valid-in-us",69,69,0,0
"Product","/products/bond-shirt-light-grey",68,69,0,1
"Collection","/collections/ready-to-wear",67,69,1,1
"Product","/products/ford-velvet-noir",66,67,2,2
"Product","/products/dann-long-ribbed-noir",66,66,0,6
"Product","/products/greyson-distressed-bleeker",59,66,3,2
"Collection","/collections/stretch-denim-1",58,66,2,0
"Product","/products/greyson-desert-indigo",61,66,0,0
"Product","/products/jayden-sarcelle",64,65,2,1
"Product","/products/brando-velvet-teak",64,64,0,0
"Product","/products/eastwood-tartan",61,61,0,0
"Product","/products/brando-mineral-green",59,59,0,0
"Product","/products/brando-twilight-needle-cord",59,59,0,0
"Product","/products/brando-noir-needle-cord",59,59,0,0
"Product","/products/greyson-oakland",58,58,0,1
"Product","/products/deniro-teak",56,56,1,1
"Custom Page","/pages/privacy-policy",54,54,0,0
,"/en-gb",51,53,2,2
"Product","/products/brando-cairo",53,53,0,0
"Product","/products/cruise-arctic",52,52,0,0
"Product","/products/grant-velvet-black",50,52,0,0
,"/checkout",50,50,0,4
"Product","/products/brando-carbon",49,49,0,0
"Product","/products/dann-sage-stripe",48,49,1,2
,"/en-de",36,49,4,3
"Product","/products/greyson-amalfi",49,49,0,0
"Product","/products/deniro-triomphe",46,46,0,0
"Product","/products/hugh-sky",43,45,1,0
"Search","/search",45,45,0,0
"Product","/products/greyson-haze",43,43,0,0
"Product","/products/brando-dark-stone",34,42,0,0
"Product","/products/brando-parisian-luxe-faded-blue",42,42,0,0
"Product","/products/pierce-ls-light-grey",41,42,0,1
,"/en-cn/cart",41,41,0,0
,"/en-de/products/brando-vail",41,41,0,0
,"/en-sg",39,40,1,1
"Collection","/collections/cargo-pant",40,40,0,0
"Collection","/collections/eoysale",13,39,0,0
"Product","/products/dean-coated-asphalt",39,39,0,0
"Product","/products/clint-vintage-blanc",38,38,0,0
"Collection","/collections/eos40",37,37,0,4
"Product","/products/bond-short-blanc",37,37,0,0
"Product","/products/tactical-jade",37,37,0,0
"Product","/products/greyson-noir-tigre",37,37,0,0
"Custom Page","/pages/stockists",31,37,0,0
"Product","/products/greyson-laguna",35,37,2,0
"Product","/products/clint-silver-haze",36,36,0,0
,"/_web_preview/products/brando-coral",36,36,0,0
"Product","/products/pierce-noir-1",35,36,0,0
"Custom Page","/pages/contact",36,36,0,0
"Checkout","/orders/df8812b4302c7d0efd5e5162730a53a2",1,35,0,0
,"/policies/shipping-policy",35,35,0,0
"Collection","/collections/all",35,35,1,0
,"/_/service_worker/6240/sw_iframe.html",34,34,0,0
"Product","/products/bond-short-navy",34,34,0,0
"Product","/products/brando-parisian-luxe-verdant",34,34,0,0
"Product","/products/brando-toulouse-1",34,34,2,1
"Product","/products/jayden-blanc",34,34,0,0
"Product","/products/clint-ombre-sand",33,33,0,0
,"/en-cn/products/caine-acid-carbon",32,32,0,0
"Product","/products/brando-aged-indigo",32,32,0,0
"Checkout","/orders",28,31,0,3
"Product","/products/greyson-dk-vintage",31,31,0,0
"Product","/products/greyson-vintage-blanc",31,31,0,0
"Product","/products/bond-shirt-leather-noir",30,30,0,0
"Collection","/collections/velvet",28,30,0,1
"Product","/products/preston-noir-flare",30,30,0,0
,"/en-nl",26,30,2,1
"Product","/products/eastwood-noir-suede",30,30,0,0
"Product","/products/clint-blanc-leather",30,30,0,0
,"/en-cn/pages/about-us",29,29,0,0
"Product","/products/deniro-linen-beige",29,29,2,1
"Product","/products/pierce-noir",29,29,0,0
"Product","/products/greyson-blanc",29,29,0,0
"Product","/products/dean-noir-tigre",29,29,0,0
"Product","/products/clint-matteo",29,29,0,2
"Custom Page","/pages/wholesale",29,29,0,1
"Collection","/collections/comfort-twill",20,29,0,0
"Product","/products/maverick-carbon",28,28,0,0
"Product","/products/cruise-almond",28,28,0,0
"Product","/products/dann-relaxed-t-velvet-noir",28,28,0,0
"Product","/products/dean-velvet-teak",28,28,0,0
"Product","/products/dean-noir",28,28,0,0
"Collection","/collections/bootcut",27,27,0,0
"Collection","/collections/sale-bottoms",26,27,0,0
"Product","/products/brando-toulouse",27,27,0,0
,"/en-cn/products/cooper-suede-noir",27,27,0,0
,"/en-cn/pages/shipping-returns",27,27,0,0
"Custom Page","/pages/lgpd-privacy-policy",27,27,0,0
"Product","/products/dean-distressed-vintage-blanc",26,26,0,0
"Collection","/collections/coated-1",26,26,0,0
,"/en-cn/products/travis-light-grey",26,26,0,0
"Product","/products/greyson-velvet-asphalt",26,26,0,0
"Product","/products/deniro-marfa",26,26,0,0
"Product","/products/bond-polo-blanc",25,25,0,0
"Product","/products/deniro-empire",25,25,0,0
"Product","/products/clint-stingray",25,25,0,0
,"/en-cn/products/brando-velvet-carbon",25,25,0,0
"Product","/products/bond-polo-navy",24,24,0,0
,"/policies/refund-policy",24,24,0,0
"Product","/products/tactical-mocha",24,24,0,0
"Product","/products/bond-shirt-mesh-noir",24,24,0,0
"Product","/products/dann-long-sleeve-ribbed-verdant",24,24,0,0
"Product","/products/brando-parisian-luxe-champagne",24,24,0,0
"Product","/products/bond-shirt-silk-outlaw",24,24,0,0
"Product","/products/dann-turtle-neck-noir",24,24,0,0
,"/en-cn/products/caine-valois",23,23,0,0
"Product","/products/brando-santa-monica",23,23,0,0
,"/_web_preview",23,23,0,0
"Product","/products/dann-asphalt",23,23,0,0
"Product","/products/cruise-linen-sage",23,23,0,0
"Product","/products/cruise-linen-beige",23,23,0,0
,"/es-es",21,23,0,0
"Product","/products/dean-blanc-leather",23,23,0,0
"Product","/products/clint-houston",23,23,0,0
"Product","/products/greyson-velvet-teak",23,23,0,0
"Product","/products/dann-long-ribbed-vin-blanc",23,23,0,1
"Product","/products/pierce-blanc",22,22,0,0
"Product","/products/brando-french-terry-rodeo",20,22,0,0
"Custom Page","/pages/vip-placements-2",21,22,0,0
"Product","/products/brando-vintage-blanc",22,22,0,4
"Product","/products/dean-sarcelle",22,22,0,0
"Product","/products/brando-nimes",21,21,0,0
"Product","/products/dann-navy-stripe",21,21,0,0
"Product","/products/brando-capri",20,21,0,0
"Product","/products/brando-linen-sage",21,21,0,0
,"/en-cn/pages/privacy-policy",21,21,0,0
"Custom Page","/pages/stockist",21,21,0,0
"Product","/products/maverick-rodeo-drive",21,21,0,0
"Custom Page","/pages/meetmonfrere",21,21,1,1
"Product","/products/greyson-sorento",20,21,0,3
,"/en-ae",20,20,0,1
"Product","/products/pierce-olive",20,20,0,0
"Collection","/collections/deniro",20,20,0,0
"Product","/products/dann-luxe-almond",20,20,0,0
"Product","/products/dann-long-noir",20,20,0,0
"Collection","/collections/sateen",19,19,0,0
"Product","/products/bond-short-leather-noir",19,19,0,0
"Product","/products/bond-polo-crepe-noir",19,19,0,0
"Product","/products/clint-coated-noir",19,19,0,0
"Product","/products/deniro-aroura",19,19,0,0
,"/_/service_worker/61k0/sw_iframe.html",19,19,0,1
,"/en-ca/collections/eosale",18,19,1,1
"Custom Page","/pages/collab",17,18,0,0
"Custom Page","/pages/faq",18,18,0,0
"Product","/products/preston-blanc",18,18,0,0
"Product","/products/long-sleeve-tee-ribbed-noir",18,18,0,0
"Collection","/collections/brushed-denim",18,18,0,0
"Product","/products/west-coated-merlot",18,18,0,0
"Product","/products/dann-relaxed-t-blanc",17,17,0,0
,"/en-cn/pages/stockists",17,17,0,0
"Product","/products/brando-velvet-moon-rock",17,17,0,0
"Product","/products/blake-pailette-noir",17,17,0,0
"Product","/products/brando-rodeo-drive",17,17,0,0
"Product","/products/brando-linen-noir",17,17,0,0
"Product","/products/dann-long-crepe-taupe",16,16,0,0
"Product","/products/brando-velvet-asphalt",16,16,0,0
"Product","/products/jayden-acid-noir",16,16,0,0
,"/en-cn/products/caine-vintage-plum",16,16,0,0
,"/en-cn/products/maverick-suede-cool-grey",16,16,0,0
"Collection","/collections/dann",16,16,0,0
"Product","/products/bond-short-fuchsia",15,15,0,0
"Collection","/collections/new-arrivals",15,15,0,0
"Product","/products/greyson-destroyed-blanc",15,15,0,0
"Cart","/cart",11,15,1,2
,"/apps/collective/retailer-referral",15,15,0,0
"Custom Page","/pages/editorials",15,15,0,0
,"/_/service_worker/6150/sw_iframe.html",15,15,0,0
"Product","/products/deniro-linen-sky",15,15,0,0
"Product","/products/dean-mf-daily",15,15,0,0
"Product","/products/justin-sandstorm",15,15,0,0
"Product","/products/brando-parisian-luxe-vert",15,15,0,0
"Collection","/collections/summer-sale",15,15,0,0
"Product","/products/travis-noir",15,15,0,0
,"/en-cn/collections/new-arrivals-bottoms",15,15,0,0
,"/en-it",14,15,1,2
"Product","/products/caine-matteo",15,15,0,0
"Product","/products/jayden-distressed-sunset",15,15,0,0
"Product","/products/clint-ombre-skyfall",14,14,0,0
,"/en-cn/products/eastwood-suede-steel-blue",14,14,0,0
"Product","/products/greyson-distressed-noir",13,14,0,0
,"/en-cn/pages/editorials",14,14,0,0
,"/en-cn/products/caine-noir",14,14,0,0
"Product","/products/Z3JleXNvbi",14,14,0,0
,"/en-cn/products/brando-velvet-saddle",14,14,0,0
"Collection","/collections/knits",14,14,0,0
,"/en-cn/products/caine-lincoln",14,14,0,0
"Product","/products/YnJhbmRvLX",14,14,0,0
"Product","/products/dann-long-slv-noir",14,14,0,0
"Product","/products/greyson-beverly-hills",14,14,0,0
,"/en-cn/products/cooper-coated-noir",14,14,0,0
"Product","/products/eastwood-noir",14,14,0,0
,"/en-cn/collections/denim",14,14,0,0
,"/en-fr",13,13,0,0
"Collection","/collections/dean-denim-jacket",11,13,0,0
,"/en-sa",12,13,1,1
,"/en-kr",13,13,1,1
,"/en-cn/collections/coated-1",13,13,0,0
,"/en-cn/products/brando-parisian-luxe-navy",13,13,0,0
"Custom Page","/pages/appi-privacy-policy",13,13,0,0
"Product","/products/clint-light-indigo",13,13,0,0
"Product","/products/greyson-coated-malachite",13,13,0,0
,"/en-au/products/preston-noir",13,13,0,0
"Product","/products/clint-aged-coated-steel",13,13,0,0
,"/en-cn/products/maverick-silk-steel-blue",13,13,0,0
"Product","/products/dann-long-ribbed-blanc",13,13,0,0
"Custom Page","/pages/faqs",13,13,0,1
,"/en-cn/pages/wholesale",13,13,0,0
"Product","/products/mfvla1-leather-noir",13,13,0,0
"Product","/products/eastwood-moon-rock",12,12,0,0
"Product","/products/brando-french-terry-matter",12,12,0,0
"Custom Page","/pages/return-policy",12,12,0,0
,"/en-cn/products/caine-mf-leopard-flock",12,12,0,0
,"/en-cn/products/eastwood-suede-vintage-blanc",12,12,0,0
"Product","/products/brando-velvet-espresso",12,12,0,0
,"/en-cn/products/dann-shirt-noir",12,12,0,0
,"/ja-jp",12,12,0,0
,"/en-mx/collections/eligible-2",11,12,0,0
,"/en-au/products/greyson-antique-silver",12,12,0,0
"Custom Page","/pages/try-first-pay-later",12,12,0,0
,"/en-cn/collections/fall-winter",12,12,0,0
"Product","/products/super-flare-amalfi",12,12,0,0
"Product","/products/bond-shirt-le-club",12,12,0,1
"Collection","/collections/leather",12,12,0,0
"Product","/products/grant-noir",12,12,0,0
"Product","/products/jayden-rennes",12,12,0,0
,"/_/service_worker/63b0/sw_iframe.html",12,12,0,0
,"/en-cn/collections/bottoms",12,12,0,0
"Product","/products/cruise-getafe",12,12,0,0
,"/en-au/products/deniro-linen-mint",12,12,0,0
"Product","/products/mfvla1-striped-indigo",12,12,0,0
"Collection","/collections/rigid-denim",12,12,1,0
,"/en-cn/products/maverick-suede-taupe",12,12,0,0
"Product","/products/eastwood-verdant",12,12,0,0
"Product","/products/dean-jacket-velvet-noir-1",12,12,0,0
,"/en-cn/products/greyson-toulouse",12,12,0,0
,"/en-ca/products/dann-long-slv-vintage-blanc",1,12,0,0
,"/en-in/products/dann-sage-stripe",11,12,3,1
,"/en-ch",12,12,0,0
,"/en-cn/products/brando-vintage-blanc-1",12,12,0,0
"Product","/products/brando-parisian-luxe-espresso",12,12,0,0
"Collection","/collections/deniro-slim-straight-fit",12,12,0,0
,"/en-cn/products/greyson-vintage-velvet-carbon",12,12,0,0
,"/en-cn/products/eastwood-steel",11,11,0,0
"Product","/products/greyson-silver-haze",11,11,0,0
,"/en-cn/collections/spring-summer",11,11,0,0
,"/es-mx/products/brando-tinted-indigo",2,11,1,1
"Product","/products/brando-velvet-toffee",11,11,0,0
"Product","/products/greyson-suede-moss",11,11,0,0
,"/en-cn/products/brando-short-light-grey",11,11,0,0
"Product","/products/brando-linen-aberdeen",11,11,0,0
,"/en-au/collections/bottoms",11,11,0,0
,"/checkout/21851111488/cn/hWNALQfTbdbQBihl4nZh94mA/en-us/shoppay",1,11,1,11
,"/en-cn/pages/govx-id-military-discount",11,11,0,0
"Product","/products/greyson-dark-vintage",11,11,0,0
,"/en-ca/products/dean-jacket-sandstorm",11,11,0,0
"Product","/products/preston-noir",11,11,0,0
"Collection","/collections/viscose",11,11,0,0
,"/en-cn/products/brando-ink",11,11,0,0
,"/en-nz",11,11,0,0
"Product","/products/dean-velvet-asphalt",11,11,0,0
,"/en-cn/pages",11,11,0,0
,"/en-cn/products/brando-blanc",11,11,0,0
,"/en-cn/products/brando-jade",11,11,0,0
"Product","/products/west-velvet-noir",11,11,0,0
,"/en-cn/products/caine-espresso",11,11,0,0
,"/en-cn/products/brando-velvet-noir-1",10,10,0,0
"Product","/products/brando-french-terry-wrangler",8,10,2,0
"Custom Page","/pages/subscribe",9,10,0,0
,"/en-cn/products/brando-vail",10,10,0,0
"Product","/products/brando-linen-capuccino",10,10,0,0
,"/en-cn/collections/stretch-denim-1",10,10,0,0
,"/en-cn/products/lenny-opera",10,10,0,0
"Product","/products/brando-teak",10,10,0,1
,"/en-cn/products/brando-eiffel-tower",10,10,0,0
,"/en-au/products/greyson-coated-malachite",10,10,0,0
"Product","/products/ZWFzdHdvb2",10,10,0,0
,"/en-ae/products/greyson-antique-silver",10,10,0,0
"Product","/products/brando-velvet-bleu",10,10,0,0
"Product","/products/mfvla1-indigo",10,10,0,0
"Product","/products/greyson-velvet-noir-1",10,10,0,0
"Collection","/collections/cruise-chino-short",9,10,0,0
,"/en-cn/products/dean-suede-noir",10,10,0,0
"Product","/products/greyson-dubai",10,10,0,0
,"/en-ca/products/brando-linen-blanc",10,10,0,0
,"/en-ae/products/brando-linen-blanc",10,10,0,0
,"/en-au/collections/new-arrivals-1",9,10,0,0
,"/en-cn/products/brando-coral",10,10,0,0
"Product","/products/brando-linen-blanc",10,10,0,0
,"/en-es",10,10,0,0
,"/en-ca/products/greyson-coated-malachite",9,9,0,0
,"/en-in/collections/new-arrivals-1",8,9,1,0
,"/en-cn/products/eastwood-needle-cord-plum",9,9,0,0
"Product","/products/tactical-noir",9,9,0,0
,"/en-cn/collections/comfort-twill",9,9,0,0
,"/en-cn/collections/shorts-1",9,9,0,0
,"/en-cn/products/cooper-suede-espresso",9,9,0,0
,"/en-cn/collections/core",9,9,0,0
"Collection","/collections/jeter-carolina-noah-ivory",9,9,0,0
,"/en-cn/products/brando-parisian-luxe-light-grey",9,9,0,0
,"/en-ca/products/greyson-dk-vintage",9,9,0,0
"Custom Page","/pages/returns",9,9,0,0
,"/en-ca/products/clint-light-indigo",9,9,0,0
"Product","/products/long-sleeve-tee-ribbed-taupe",9,9,0,0
,"/en-cn/products/noah-suede-cool-grey",9,9,0,0
"Collection","/collections/best-sellers",5,9,0,0
"Product","/products/clint-noir-leather",9,9,0,0
,"/en-ae/products/preston-noir",9,9,0,0
"Product","/products/deniro-linen-mint",9,9,0,0
,"/policies",9,9,0,0
,"/en-cn/collections/new-arrivals-1",9,9,0,0
,"/en-ae/products/deniro-linen-mint",9,9,0,0
,"/en-cn/products/noah-suede-ivory",9,9,0,0
"Product","/products/bond-polo-crepe-jade",9,9,0,0
,"/en-ca/products/greyson-velvet-teak",9,9,0,0
,"/en-tw/collections/skinny",8,9,0,0
"Product","/products/dann-vintage-blanc",9,9,0,0
,"/en-cn/collections/t-shirts",9,9,0,0
,"/en-au/products/greyson-velvet-teak",9,9,0,0
,"/policies/contact-information",9,9,0,0
"Product","/products/maverick-velvet-noir",9,9,0,0
,"/en-se",9,9,0,0
,"/en-ca/collections/eligible-2",8,9,1,1
,"/en-ca/products/greyson-dubai",9,9,0,0
,"/en-de/products/eastwood-navy",9,9,0,0
"Product","/products/dean-stingray",9,9,0,0
,"/en-ca/collections/slim",6,9,0,0
"Collection","/collections/tops/Jacket",9,9,0,0
"Product","/products/brando-parisian-luxe-twilight",9,9,0,0
,"/en-ca/products/preston-blanc",8,8,0,0
,"/en-au/collections/sale-2",6,8,0,0
,"/en-cn/products/preston-coated-noir",8,8,0,0
"Product","/products/dann-shirt-verdant",8,8,0,0
"Product","/products/dean-steel",8,8,0,0
"Product","/products/travis-sage",8,8,0,0
,"/en-hk",8,8,0,0
,"/en-cn/products/dean-patent-noir",8,8,0,0
"Product","/products/deniro-vintage-blanc",8,8,0,0
"Product","/products/dean-jacket-sandstorm",8,8,0,0
,"/en-cn/products/brando-noir",8,8,0,0
,"/en-jp",8,8,0,0
,"/en-cn/products/dean-khaki",8,8,0,0
,"/en-cn/products/pierce-noir-1",8,8,0,0
"Product","/products/travis-grey",8,8,0,0
,"/en-cn/collections/sale-2",8,8,0,0
,"/en-cn/products/brando-tinted-indigo",8,8,0,0
,"/en-cn/products/jalen-vintage-leopard",8,8,0,0
,"/en-au/collections/tops",7,8,0,0
,"/en-au/products/bond-shirt-leather-noir",8,8,0,0
,"/en-cn/products/greyson-slash-vintage",8,8,0,0
"List of Collections","/products",8,8,0,0
"Checkout","/checkouts/cn/Z2NwLXVzLWNlbnRyYWwxOjAxSlI1Tjc1WDlIMFZBTTJOSFhKODNFNEZQ",8,8,0,0
,"/en-ae/products/clint-coated-noir",8,8,0,0
,"/checkout/21851111488/cn/hWN7CMRRhsM95luxketwVwcU/en-ca/shoppay",7,8,0,8
,"/en-cn/products/pierce-terry-light-grey",7,7,0,0
,"/en-cn/products/brando-short-vintage-blanc",7,7,0,0
,"/en-cn/products/eastwood-navy",7,7,0,0
"Collection","/collections/brando-french-terry",7,7,0,0
,"/en-cn/products/hendrix-calabasas",7,7,0,0
,"/en-cn/products/greyson-ash",7,7,0,0
,"/en-cn/collections/sateen",7,7,0,0
,"/en-cn/products/brando-st-barths",7,7,0,0
"Product","/products/dean-jacket-vin-wax-coated",7,7,0,0
,"/en-tw",7,7,0,0
,"/en-ch/products/brando-vintage",7,7,0,0
,"/en-cn/products/brando-short-mineral-green",7,7,0,0
"Checkout","/checkouts/cn/hWNALIkEFfZGOHLmsUDETeIj/en-us",1,7,0,7
,"/en-ca/products/brando-noir-needle-cord",7,7,0,0
"Product","/products/brando-parisian-luxe-fiji",7,7,0,0
"Product","/products/brando-parisian-luxe-pastel-pink",7,7,0,0
"Product","/products/kobe-short-saint-germain",7,7,0,0
,"/en-cn/collections/rigid-denim",7,7,0,0
,"/en-ae/products/bond-polo-crepe-noir",7,7,0,0
"Product","/products/milano-noir",7,7,0,0
,"/en-cn/products/maverick-suede-noir",7,7,0,0
,"/en-cn/pages/vip-placements-2",7,7,0,0
,"/en-cn/products/west-coated-noir",7,7,0,0
,"/en-cn/products/bond-shirt-silk-ivory",7,7,0,0
"Custom Page","/pages/returns-exchanges",7,7,0,0
,"/en-ie",7,7,0,0
"Product","/products/brando-chrysler",7,7,0,0
"Product","/products/bond-polo-taupe",7,7,0,0
"Collection","/collections/noir-styles",7,7,0,0
"Product","/products/brando-vintage",7,7,0,0
"Product","/products/greyson-noir-nosto-test",7,7,0,0
,"/en-no",7,7,0,0
,"/_web_preview/products/brando-noir",7,7,0,0
,"/en-cn/products/jeter-varsity-suede-carolina",7,7,0,0
"Collection","/collections/final",7,7,0,0
,"/en-ch/products/clint-coated-noir",7,7,0,0
,"/en-au/products/brando-vintage",7,7,0,0
,"/en-ca/products/bond-polo-crepe-noir",7,7,0,0
,"/en-cn/collections",6,6,0,0
"Product","/products/preston-coated-toffee",6,6,0,0
,"/en-cn/products/brando-parisian-luxe-noir",6,6,0,0
,"/en-au/products/maverick-suede-cool-grey",6,6,2,1
"Product","/products/dean-skyfall",6,6,0,0
,"/en-be",6,6,0,0
"Product","/products/greyson-montpellier",6,6,0,0
,"/en-cn/collections/best-sellers",6,6,0,0
"Collection","/collections/sale-1",5,6,0,0
"Product","/products/jayden-biscotti",6,6,0,0
"Product","/products/brando-velvet-cafe",6,6,0,0
"Product","/products/maverick-noir",6,6,0,0
,"/en-cn/collections/new-arrivals-tops",6,6,0,0
,"/en-ca/products/greyson-noir-tigre",6,6,0,0
,"/en-il",6,6,0,0
,"/en-au/products/brando-velvet-asphalt",6,6,0,0
,"/en-ae/products/kobe-short-saint-germain",6,6,0,0
,"/en-ae/products/justin-sandstorm",6,6,0,0
,"/en-cn/products/brando-florentine",6,6,0,0
,"/en-ae/products/brando-twilight-needle-cord",6,6,0,0
,"/en-ca/products/brando-velvet-asphalt",6,6,0,0
,"/en-ca/collections/sale-2",3,6,0,0
,"/en-au/products/jayden-acid-noir",6,6,0,0
,"/en-cn/collections/brushed-denim",6,6,0,0
,"/en-au/products/clint-ombre-sand",6,6,0,0
,"/en-ca/collections/tops",6,6,0,0
"Product","/products/clint-noir",6,6,0,0
,"/en-ca/products/dann-turtle-neck-noir",6,6,0,0
"Collection","/collections/noah-suede-cool-grey-maverick-suede-cool-grey",6,6,0,0
,"/en-sg/collections/bottoms",6,6,0,0
,"/en-ae/products/deniro-oxford",6,6,0,0
,"/en-ch/products/greyson-coated-malachite",6,6,0,0
,"/en-ca/products/jayden-acid-noir",6,6,0,0
"Collection","/collections/stretch-linen",6,6,0,0
"Product","/products/greyson-aged-grey",6,6,0,0
,"/en-au/products/greyson-noir-tigre",6,6,0,0
,"/en-ca/products/justin-sandstorm",6,6,0,0
,"/en-au/products/greyson-destroyed-blanc",6,6,0,0
"List of Collections","/collections",6,6,0,0
,"/en-ca/products/tactical-jade",6,6,0,0
,"/en-ae/products/greyson-destroyed-blanc",6,6,0,0
,"/en-ca/products/milano-noir",6,6,0,0
"Product","/products/bond-polo-fuchsia",6,6,0,0
,"/en-ae/products/clint-light-indigo",6,6,0,0
,"/en-cn/products/eastwood-velvet-noir-1",6,6,0,0
,"/en-cn/products/brando-dune",6,6,0,0
,"/en-ae/products/jayden-acid-noir",6,6,0,0
,"/en-ca/collections/shorts-1",6,6,0,0
,"/en-au/products/clint-ombre-skyfall",6,6,0,0
,"/en-cn/collections/straight-leg",6,6,0,0
,"/en-au/products/dean-noir",6,6,0,0
"Product","/products/deniro-oxford",6,6,0,0
"Product","/products/hugh-khaki",6,6,0,0
"Product","/products/preston-verdant",6,6,0,0
,"/en-cn/collections/cargo-pant",6,6,0,0
"Product","/products/blake-noir-pony-hair",6,6,0,0
,"/en-ae/products/jagger-distressed-noho-skyfall",6,6,0,0
,"/en-cn/products/brando-french-terry-rodeo",6,6,0,0
,"/en-sg/collections/eosale",6,6,0,0
"Product","/products/brando-velvet-malachite",6,6,0,0
,"/en-au/products/brando-twilight-needle-cord",6,6,0,0
,"/en-ca/products/brando-mocha",6,6,0,0
,"/en-ca/products/greyson-destroyed-blanc",6,6,0,0
,"/en-cn/collections/skinny",6,6,0,0
,"/checkout/21851111488/cn/hWN7g6Gml1VFE2Cxi60LT7bE/en-us/shoppay",5,6,0,6
,"/en-ae/products/greyson-dk-vintage",6,6,0,0
,"/en-ca/products/greyson-velvet-noir-1",6,6,0,0
"Product","/products/eastwood-summit",6,6,0,0
,"/en-cn/products/brando-naples",6,6,0,0
"Customer Account","/account/login",6,6,0,0
"Product","/products/brando-pebble",6,6,0,1
,"/en-cn/collections/all-products",5,5,0,0
,"/checkout/21851111488/cn/hWNBGJGUCQmtPr0VDSfdZIGY/en-us/shoppay",1,5,0,5
"Product","/products/maverick-suede-olive",5,5,0,0
,"/en-gb/pages/about-us",5,5,1,0
,"/en-kr/products/ryder-sequin-noir",1,5,1,1
,"/en-cn/collections/slim",5,5,0,0
"Product","/products/hugh-navy",5,5,0,0
,"/en-au/products/greyson-velvet-noir-1",5,5,0,0
,"/en-cn/products/dann-shirt-blanc",5,5,0,0
,"/en-ca/products/bond-shirt-leather-noir",5,5,0,0
,"/en-gb/collections/new-arrivals-1",5,5,0,0
,"/en-ch/products/greyson-noir-tigre",5,5,0,0
,"/en-in/products/maverick-silk-steel-blue",5,5,0,0
,"/_web_preview/products/jalen-vintage-leopard",5,5,0,0
"Product","/products/flynn-san-vicente",5,5,0,0
,"/en-au/products/dean-jacket-vin-wax-coated",5,5,0,0
"Product","/products/brando-mocha",5,5,0,0
,"/en-in/products/jeter-varsity-suede-carolina",3,5,1,0
"Product","/products/brando-stone",5,5,0,0
"Product","/products/greyson-antique-silver",5,5,0,0
,"/en-ca/products/kobe-short-saint-germain",5,5,0,0
,"/en-cn/collections/ready-to-wear",5,5,0,0
,"/en-cn/products/eastwood-tartan",5,5,0,0
,"/en-cn/products/brando-indigo-1",5,5,0,0
,"/en-in/products/deniro-ink",4,5,1,0
,"/en-in/pages/sizing-chart",5,5,0,0
,"/en-cn/collections/knits",5,5,0,0
"Product","/products/greyson-noir-leopard",5,5,0,0
,"/en-cn/products/cruise-blanc",5,5,0,0
,"/en-gb/collections/core",2,5,0,0
"Checkout","/checkouts/cn/hWN9Y0TtoVPfvrMM8idjYUVe/en-us",5,5,0,5
,"/en-it/collections/eligible-2",5,5,0,0
"Product","/products/trooper-army",5,5,0,0
"Checkout","/orders/8651a2f01307dd1bf1f6a7230b6a8d36",1,5,0,0
,"/en-ch/products/greyson-dubai",5,5,0,0
,"/en-cn/products/eastwood-smokescreen",5,5,0,0
"Product","/products/walker-noir",5,5,0,0
,"/products_preview",2,5,0,0
"Product","/products/preston-vintage-wax-coated-espresso",5,5,0,0
,"/en-au/products/eastwood-tartan",4,5,0,0
"Blog Index","/blogs/news",5,5,0,0
,"/en-jp/products/ryder-sequin-noir",1,5,0,0
,"/en-cn/products/brando-cote-divoir",5,5,0,0
,"/en-au/products/greyson-dubai",5,5,0,0
"Product","/products/greyson-venice",5,5,0,0
,"/en-gb/collections/eligible-2",5,5,0,0
"Collection","/collections/jackets/jacket",5,5,0,0
"Product","/products/brando-parisian-luxe-mocha",5,5,0,0
,"/en-sg/collections/tops",5,5,0,0
"Product","/products/cruise-neon-orange",5,5,0,0
,"/en-cn/collections/velvet",5,5,0,0
,"/en-cn/products/greyson-noir",5,5,0,0
,"/en-ch/products/brando-mocha",5,5,0,0
"Product","/products/dann-twilight",5,5,0,0
,"/en-cn/products/cruise-noir",5,5,0,0
,"/en-cn/products/dean-neddle-cord-noir-sherpa",5,5,0,0
,"/en-au/collections/shirts",4,5,1,1
,"/en-ca/collections/fall-winter",5,5,1,1
,"/en-in/collections/denim",5,5,0,0
,"/ja-jp/collections/sale-2",4,5,0,0
,"/en-in/products/west-coated-noir",5,5,3,0
,"/en-ae/products/dean-jacket-sandstorm",5,5,0,0
,"/en-au/products/greyson-dark-vintage",5,5,0,0
,"/en-cn/products/tactical-needle-cord-noir",5,5,0,0
,"/en-cn/products/noah-suede-noir",5,5,0,0
,"/en-ca/products/eastwood-velvet-noir-1",5,5,0,0
,"/en-cn/products/brando-parisian-luxe-khaki",5,5,0,0
,"/en-de/products/greyson-tinted-indigo-1",4,4,0,0
,"/en-cn/products/brando-belmar",4,4,0,0
"Product","/products/jagger-distressed-noho-skyfall",4,4,0,0
,"/en-ca/collections/denim",4,4,1,1
,"/en-cn/products/brando-needle-cord-plum",4,4,0,0
"Custom Page","/pages/shipping-information",4,4,0,0
"Product","/products/bWF2ZXJpY2",4,4,0,0
"Product","/products/greyson-distressed-light-grey",4,4,0,0
"Product","/products/greyson-neon-fuschia",4,4,0,1
,"/en-cn/products/bond-shirt-light-grey",4,4,0,0
,"/en-de/collections/brando-slim-fit",4,4,0,0
,"/en-cn/products/greyson-tinted-indigo-1",4,4,0,0
,"/_web_preview/pages/sizing-chart",4,4,0,0
,"/en-in/collections/eosale",1,4,0,0
,"/en-es/collections/eligible-2",4,4,0,0
,"/en-cn/products/wayne-needle-cord-noir",4,4,0,0
,"/en-cn/products/dean-acid-blue",4,4,0,0
"Product","/products/brando-parisian-luxe-lagoon",4,4,0,0
"Custom Page","/pages/exchanges-and-returns",4,4,0,0
,"/en-in/products/dann-shirt-noir",4,4,1,0
"Custom Page","/pages/nosto",4,4,0,0
,"/en-cn/products/%7B%7B%20root_url%20%7D%7D/products/%7B%7B%20product.handle%20%7D%7D",4,4,0,0
,"/en-cn/collections/bootcut",4,4,0,0
,"/en-ca/products/eastwood-smokescreen",1,4,1,1
"Product","/products/greyson-velvet-tortoise",4,4,0,0
,"/en-cn/collections/all",4,4,0,0
,"/en-ca/products/tactical-mocha",4,4,0,0
,"/en-ca/products/dean-jacket-vin-wax-coated",4,4,0,0
,"/en-no/products/brando-velvet-noir-1",4,4,0,0
"Product","/products/cnlkZXItc2",4,4,0,0
,"/en-tw/products/pierce-terry-noir",4,4,0,0
,"/en-cn/collections/pierce-long",4,4,0,0
,"/en-cn/products/bond-short-light-grey",4,4,0,0
,"/en-ch/products/greyson-dk-vintage",4,4,0,0
,"/en-cn/products/greyson-coated-noir",4,4,0,0
"Product","/products/dean-jacket-velvet-noir",4,4,0,0
,"/en-in/collections/all-styles",4,4,1,0
"Checkout","/orders/6dcfb895340d42d7973d6801ff34a938",1,4,0,0
,"/en-nl/products/greyson-toulouse",4,4,0,0
"Product","/products/dann-relaxed-t-noir",4,4,0,0
,"/en-au/products/dann-turtle-neck-noir",4,4,0,0
,"/en-cn/products/dean-vintage-carbon",4,4,0,0
,"/en-cn/products/brando-tobacco",4,4,0,0
,"/en-sg/products/caine-lincoln",4,4,0,0
,"/checkout/21851111488/cn/hWN7M1D53k2TvN4bbTThlpFy/en-us/shoppay",3,4,0,4
,"/en-in/collections/shirts",4,4,1,0
,"/en-hr/collections/brando-slim-fit",4,4,0,0
,"/en-de/collections/best-sellers",2,4,0,0
"Collection","/collections/mvla",4,4,0,0
,"/en-ca/products/jeter-varsity-suede-carolina",3,4,1,0
,"/en-sg/products/bond-shirt-beverly-hills",4,4,0,0
"Product","/products/dann-luxe-gris",4,4,0,0
,"/en-ch/products/dann-relaxed-t-velvet-noir",4,4,0,0
,"/en-ca/products/maverick-suede-cool-grey",3,4,0,0
,"/en-ca/products/preston-coated-noir",4,4,0,0
,"/fr-fr/collections/all-styles",4,4,0,0
,"/en-ch/products/preston-noir",4,4,0,0
,"/en-jp/collections/deniro-slim-straight-fit",4,4,0,0
,"/en-cn/pages/avada-sitemap-collections",4,4,0,0
,"/en-gb/collections/denim",4,4,0,0
"Product","/products/dean-jacket-velvet-bleu",4,4,0,0
"Custom Page","/pages/size-guide",4,4,0,0
,"/en-cn/products/bond-short-le-club",4,4,0,0
,"/en-sg/pages/sizing-chart",4,4,0,0
,"/en-au/products/brando-linen-blanc",4,4,0,0
"Product","/products/deniro-asphalt",4,4,0,1
,"/en-cn/collections/deniro",4,4,0,0
,"/en-jp/products/brando-short-vintage-blanc",4,4,0,0
,"/en-de/products/jeter-varsity-suede-carolina",2,4,0,0
"Checkout","/checkouts/cn/hWN7CMRRhsM95luxketwVwcU/en-ca",4,4,0,3
"Product","/products/blake-suede-noir",4,4,0,0
,"/pages",3,4,0,0
,"/en-cn/products/eastwood-needle-cord-noir",4,4,0,0
,"/en-mx/pages/govx-id-military-discount",4,4,0,0
,"/about",4,4,0,0
"Custom Page","/pages/gdpr-privacy-policy",4,4,0,0
,"/en-mx/products/cruise-noir",4,4,0,0
,"/checkout/21851111488/cn/hWN9HxplUB7Y6lKYxuRe7XL6/en-us/shoppay",2,4,0,4
,"/en-sg/collections/stretch-denim-1",4,4,0,0
,"/en-in/collections/all-products",4,4,0,0
,"/en-ch/products/maverick-rodeo-drive",4,4,0,0
,"/en-cn/collections/all-styles",4,4,0,0
,"/en-ca/collections/brando-slim-fit",3,4,0,0
,"/en-gb/products/greyson-coated-noir",4,4,0,0
,"/en-ch/products/brando-linen-blanc",4,4,0,0
"Collection","/collections/jeans",3,4,0,0
"Product","/products/dann-carbon",4,4,0,0
,"/en-cn/products/deniro-teak",4,4,0,0
"Checkout","/orders/80208abbe841886755572f943cf78836",1,4,0,0
,"/en-ae/products/clint-ombre-skyfall",4,4,0,0
,"/en-mx/collections/greyson-skinny-fit",4,4,0,0
,"/en-at",4,4,0,0
"Checkout","/checkouts/cn/hWN8dg80lEWYqzKSomEtFfoG/en-us",3,3,0,2
,"/en-tw/products/brando-short-vintage-blanc",3,3,0,0
"Checkout","/orders/866c324c3e814e548bf685cf698b233d",1,3,0,0
,"/en-cn/products/pierce-ls-noir",3,3,0,0
,"/en-ca/products/deniro-vintage-blanc",3,3,0,0
,"/en-ae/collections/bootcut",3,3,0,0
"Checkout","/checkouts/cn/hWN7rw8p5TVoPMb9nLC68FYm/en-us",3,3,0,3
,"/en-ch/products/bond-polo-crepe-noir",3,3,0,0
,"/en-cn/products/free-unlimited-return-valid-in-us",3,3,0,0
,"/en-at/collections/cargo-pant",3,3,0,0
,"/en-sg/products/preston-coated-noir",3,3,0,0
,"/en-ch/products/milano-noir",3,3,0,0
,"/en-cn/collections/snowball-influencer-selection",3,3,0,0
"Custom Page","/pages/test-lom-b2b2c-integration",3,3,0,0
,"/en-au/products/deniro-oxford",3,3,0,0
,"/en-tw/collections/jackets",3,3,0,0
,"/en-mx/products/greyson-sorento",3,3,0,0
,"/news",3,3,0,0
"Product","/products/preston-coated-verdant",3,3,0,0
,"/en-jp/collections/brando-slim-fit",3,3,0,0
,"/en-ae/products/brando-vintage",3,3,0,0
,"/en-jp/products/pierce-terry-noir",3,3,0,0
"Product","/products/dann-teak",3,3,0,0
"Checkout","/checkouts/cn/hWNAPjxBVwK7vt93SL4DbSTb/en-pl",1,3,1,3
,"/en-sg/collections/snowball-influencer-selection",3,3,0,0
"Product","/products/dann-oxblood",3,3,0,0
,"/checkout/21851111488/cn/hWNA5DDicCks132X4FKHRg7m/en-us/shoppay",3,3,0,3
,"/en-ca/products/dean-khaki",3,3,0,0
,"/en-ch/products/dean-jacket-sandstorm",3,3,0,0
,"/en-sg/products/eastwood-suede-vintage-blanc",3,3,0,0
,"/en-ae/products/brando-mocha",3,3,0,0
,"/en-au/products/brando-linen-noir",3,3,0,0
"Product","/products/dann-vintage-stripe",3,3,0,0
,"/es-es/products/brando-blanc",3,3,0,0
"Checkout","/checkouts/cn/hWN7bVNjqnu1pDZEr5wPaURM/en-us",3,3,0,3
,"/en-ae/products/greyson-velvet-teak",3,3,0,0
"Product","/products/greyson-nile",3,3,0,0
,"/en-cn/collections/archived",3,3,0,0
,"/checkout/21851111488/cn/hWN7JMzFs14trmifzIWt9Y1K/en-us/shoppay",3,3,0,3
,"/en-gb/products/pierce-terry-noir",3,3,0,0
,"/en-au/products/brando-mocha",3,3,0,0
,"/en-au/products/brando-linen-aberdeen",3,3,0,0
,"/en-ae/products/preston-blanc",3,3,0,0
,"/en-au/products/dann-relaxed-t-blanc",3,3,0,0
,"/en-cn/collections/parisian-luxe",3,3,0,0
,"/en-gb/collections/brando-slim-fit",3,3,0,0
,"/en-au/products/greyson-coated-noir",3,3,0,0
,"/en-cn/products/dann-long-slv-vintage-blanc",3,3,0,0
"Product","/products/deniro-noir",3,3,0,0
,"/en-au/products/jagger-distressed-noho-skyfall",3,3,0,0
"Checkout","/checkouts/cn/hWN8HR7gx9HQjftikwYw0aAi/en-us",3,3,0,3
,"/_web_preview/pages/govx-id-military-discount",3,3,0,0
"Checkout","/checkouts/cn/hWN8p4G22UcUEDBWIU9GNMzy/en-us",3,3,0,3
,"/en-ca/products/clint-ombre-skyfall",3,3,0,0
,"/en-ae/products/dean-jacket-velvet-noir",3,3,0,0
,"/en-ca/products/mfvla1-bleached-indigo",3,3,0,0
"Product","/products/greyson-florence",3,3,0,0
,"/en-de/collections/new-arrivals-1",2,3,0,0
"Product","/products/brando-velvet-burgundy",3,3,0,0
,"/en-sg/pages/about-us",3,3,0,0
,"/ja-jp/collections/jackets",3,3,0,0
,"/en-ca/products/brando-noir",3,3,0,0
,"/en-ch/products/greyson-dark-vintage",3,3,0,0
,"/en-ca/pages/shipping-returns",3,3,0,0
,"/es-es/collections/new-arrivals-tops",3,3,0,0
,"/en-sg/products/eastwood-tartan",3,3,0,0
,"/en-cn/pages/ccpa-privacy-policy",3,3,0,0
,"/en-ch/products/brando-cote-divoir",3,3,0,0
,"/en-ca/products/deniro-ink",3,3,0,0
"Product","/products/ZGVhbi12aW",3,3,0,0
"Collection","/collections/noir",3,3,0,0
,"/en-nl/collections/eoysale",3,3,0,0
,"/es-mx/collections/eoysale",3,3,0,0
"Collection","/collections/maverick",3,3,0,0
,"/en-ca/products/dann-navy-stripe",3,3,0,0
,"/en-ae/products/brando-linen-noir",3,3,0,0
,"/en-il/products/pierce-terry-light-grey",3,3,0,0
,"/en-ae/products/greyson-coated-malachite",3,3,0,0
"Product","/products/cruise-olivine",3,3,0,0
,"/ja-jp/products/greyson-noir",3,3,0,0
,"/en-ca/pages/govx-id-military-discount",3,3,0,0
,"/en-mx/products/dean-patent-noir",3,3,0,0
,"/en-ch/products/eastwood-suede-steel-blue",2,3,0,0
,"/en-ie/products/maverick-silk-steel-blue",3,3,0,0
,"/en-ca/products/brando-twilight-needle-cord",3,3,0,0
,"/en-ca/products/clint-ombre-sand",3,3,0,0
,"/en-ca/products/maverick-rodeo-drive",3,3,0,0
,"/en-in/products/preston-coated-noir",3,3,0,0
,"/en-ca/products/brando-parisian-luxe-navy",1,3,0,0
,"/en-sg/pages/govx-id-military-discount",3,3,0,0
,"/en-cn/collections/brando-slim-fit",3,3,0,0
,"/en-in/products/maverick-suede-olive",3,3,0,0
,"/en-cn/collections/dann-long",3,3,0,0
,"/en-jp/collections/eligible-2",3,3,0,0
,"/en-au/products/brando-aged-indigo",3,3,0,0
,"/en-kr/collections/t-shirts",3,3,0,0
"Checkout","/orders/da42ce18ee947c22e072fe65ff68cee6",2,3,0,0
,"/en-in/products/dean-patent-noir",3,3,0,0
,"/en-in/policies/shipping-policy",3,3,0,0
,"/en-cn/pages/lgpd-privacy-policy",3,3,0,0
,"/en-fr/collections/t-shirts",3,3,0,0
,"/en-cn/products/pierce-blanc",3,3,0,0
,"/en-cn/collections/sale-bottoms",3,3,0,0
"Product","/products/dann-relaxed-vintage-blanc",3,3,0,0
,"/en-au/products/brando-noir-needle-cord",3,3,0,0
"Collection","/collections/name-your-price",3,3,0,0
,"/en-es/collections/cargo-pant",3,3,0,0
,"/en-gb/products/pierce-noir-1",3,3,0,0
"Product","/products/dann-relaxed-le-club",3,3,0,0
"Product","/products/clint-shadow",3,3,0,0
,"/en-dk/products/brando-tinted-indigo",3,3,0,0
,"/es-es/products/brando-noir",2,3,0,0
,"/en-ae/products/dann-navy-stripe",3,3,0,0
,"/en-be/products/bond-shirt-le-club",3,3,0,0
,"/en-se/collections/new-arrivals-tops",3,3,0,0
"Checkout","/orders/1b965e544d929505e3653625ed019e72",1,3,0,0
,"/en-ae/products/greyson-velvet-noir-1",3,3,0,0
,"/en-gb/products/eastwood-smokescreen",3,3,0,0
,"/en-ae/products/tactical-jade",3,3,0,0
,"/en-ae/products/mfvla1-bleached-indigo",3,3,0,0
,"/en-be/pages/govx-id-military-discount",3,3,0,0
,"/en-cn/pages/avada-sitemap-blogs",3,3,0,0
"Collection","/collections/distressed-1",3,3,0,0
,"/en-cn/products/lenny-wilshire",3,3,0,0
,"/en-ca/products/brando-carbon",3,3,0,0
,"/en-ch/products/bond-short-leather-noir",3,3,0,0
"Checkout","/orders/3b5339868db05618e3bf0a027061f2c9",2,3,0,0
,"/en-sg/products/brando-needle-cord-plum",3,3,0,0
,"/en-ae/products/brando-linen-aberdeen",3,3,0,0
,"/en-ch/products/deniro-oxford",3,3,0,0
,"/en-cn/collections/butter-suede",3,3,0,0
,"/en-gb/products/eastwood-noir-suede",3,3,0,0
,"/en-ae/products/greyson-dark-vintage",3,3,0,0
,"/en-ae/products/bond-shirt-leather-noir",3,3,0,0
,"/en-ca/products/maverick-silk-steel-blue",3,3,0,0
,"/en-de/products/greyson-noir",2,3,0,0
"Product","/products/travis-blanc",3,3,0,0
,"/en-sg/products/brando-short-mineral-green",3,3,0,0
"Product","/products/ford-velvet-leopard-noir",3,3,0,0
,"/checkout/21851111488/cn/hWNAsnuWFO782J3l3Ya095qU/en-us/shoppay",1,3,0,3
,"/en-es/collections/butter-suede",3,3,0,0
,"/en-ca/collections/bootcut",3,3,0,0
,"/en-ae/products/dean-blanc-leather",3,3,0,0
,"/en-ch/products/tactical-jade",3,3,0,0
,"/en-au/products/justin-sandstorm",3,3,0,0
"Custom Page","/pages/customer-care%20OR%20https:/www.monfrerefashion.com/pages/faq",3,3,0,0
,"/en-ca/collections/bottoms",3,3,0,0
,"/en-ae/products/dean-jacket-vin-wax-coated",3,3,0,0
,"/ja-jp/collections/greyson-skinny-fit",3,3,0,0
"Product","/products/clint-vintage-coated-noir",3,3,0,0
,"/en-ca/products/dean-acid-blue",3,3,0,0
,"/en-cn/products/brando-vintage-blanc",3,3,0,0
,"/en-ca/products/brando-linen-noir",3,3,0,0
,"/en-nl/collections/t-shirts",3,3,0,0
,"/en-ca/products/deniro-oxford",3,3,0,0
,"/en-ca/products/brando-blanc",3,3,0,0
,"/en-dk/products/dean-jacket-coated-noir",3,3,0,0
,"/en-ae/collections/bond-short",3,3,0,0
,"/en-au/products/eastwood-velvet-noir-1",3,3,0,0
"Custom Page","/pages/SUBMIT_KLAVIYO(M7jVsT)",3,3,0,1
,"/en-cn/products/brando-toulouse-1",3,3,0,0
,"/en-cn/collections/fps",3,3,0,0
,"/en-ca/products/greyson-ash",3,3,0,0
,"/en-au/products/kobe-short-saint-germain",3,3,0,0
"Product","/products/owen-leather-noir",3,3,0,0
"Product","/products/greyson-velvet-merlot",3,3,0,0
"Product","/products/greyson-tinted-indigo",3,3,0,0
,"/en-cn/products/brando-linen-jade",3,3,0,0
,"/en-ae/products/brando-velvet-asphalt",3,3,0,0
,"/admin",3,3,0,0
,"/en-ca/products/deniro-linen-mint",3,3,0,0
,"/en-cn/collections/eligible-2",3,3,0,0
,"/en-ca/collections/best-sellers",3,3,0,0
,"/en-il/collections/eligible-2",3,3,0,0
,"/en-gb/collections/jackets",3,3,0,0
,"/en-cn/pages/gdpr-privacy-policy",3,3,0,0
,"/en-de/collections/all-products",2,3,0,0
,"/en-sg/pages/privacy-policy",3,3,0,0
,"/en-sg/products/travis-blanc",3,3,0,0
"Collection","/collections/clint-denim",3,3,0,0
"Product","/products/travis-noir-1",3,3,0,0
,"/en-ca/products/justin-noir",3,3,0,0
"Checkout","/gift_cards/21851111488/d6bf76cbbf91d08b8a23b1d92366ff83",3,3,0,0
,"/checkout/21851111488/cn/hWNB6Ai5f2epVfwFtAnp53XG/en-us/shoppay",1,3,0,3
,"/en-se/products/maverick-suede-cool-grey",3,3,0,0
,"/en-sg/collections/new-arrivals-1",3,3,0,0
,"/en-il/products/walker-noir",3,3,0,0
"Custom Page","/pages/press",3,3,0,0
"Checkout","/orders/7d038d53cc611b8a04505c634cc6d445",1,3,0,0
,"/en-ca/products/greyson-coated-noir",3,3,0,0
"Product","/products/greyson-noir-leather-1",3,3,0,0
"Product","/products/eastwood-khaki",3,3,0,0
"Checkout","/checkouts/cn/hWN7M1D53k2TvN4bbTThlpFy/en-us",1,3,0,3
,"/en-au/products/maverick-rodeo-drive",3,3,0,0
"Product","/products/cruise-distressed-vigo",3,3,0,0
,"/en-au/products/deniro-vintage-blanc",3,3,0,0
,"/en-nl/products/maverick-suede-cool-grey",1,3,0,0
,"/en-ca/products/eastwood-needle-cord-noir",3,3,0,0
,"/checkout/21851111488/cn/hWN7PHbT96A2Z9Dm4JfPo2xG/en-us/shoppay",1,3,0,3
,"/en-cn/products/pierce-terry-noir",3,3,0,0
,"/en-mc/products/deniro-asphalt",3,3,0,0
,"/en-ch/products/dann-turtle-neck-noir",3,3,0,0
,"/en-au/products/tactical-jade",3,3,0,0
,"/en-cn/pages/subscribe",3,3,0,0
,"/en-au/products/bond-polo-crepe-noir",3,3,0,0
,"/en-sg/pages/lgpd-privacy-policy",3,3,0,0
,"/en-nl/products/maverick-suede-olive",3,3,0,0
,"/en-ca/products/brando-short-vintage-blanc",3,3,0,0
,"/en-ca/products/bond-short-leather-noir",3,3,0,0
"Product","/products/brando-light-indigo",3,3,0,0
,"/en-ae/products/greyson-noir-tigre",3,3,0,0
"Product","/products/kobe-short-distressed-soho-light-vintage",3,3,0,0
,"/en-cn/products/deniro-ink",3,3,0,0
"Checkout","/orders/1751460ce522098a68b218125d9c43e6",1,3,0,0
"Product","/products/dann-long-sleeve-blanc",3,3,0,0
,"/en-gb/pages/stockists",3,3,0,0
,"/en-hk/products/dann-relaxed-vintage-blanc",3,3,0,0
"Product","/products/brando-parisian-luxe-moon-rock",3,3,0,0
,"/en-sg/pages/gdpr-privacy-policy",2,2,0,0
,"/en-cn/products/pierce-ls-light-grey",2,2,0,0
,"/en-sg/pages/subscribe-1",2,2,0,0
,"/en-sg/collections/new-arrivals-tops",2,2,0,0
,"/en-sg/collections/parisian-luxe",2,2,0,0
,"/en-sg/products/caine-vintage-plum",2,2,0,0
,"/en-ca/products/hendrix-calabasas",2,2,0,0
"Product","/products/justin-noir",2,2,0,0
,"/en-mx/products/travis-light-grey",2,2,0,0
,"/fr-fr/products/deniro-noir",2,2,0,0
"Checkout","/orders/936c5c56853572ba9d92e8e5bb586e7c",2,2,0,0
,"/en-mx/products/maverick-suede-cool-grey",1,2,0,0
"Checkout","/orders/0b4e8dd032452d33de77534c4f787cce",1,2,1,0
,"/en-gb/products/deniro-noir",2,2,0,0
,"/en-ch/products/dann-navy-stripe",2,2,0,0
,"/ja-jp/products/eastwood-noir-suede",2,2,0,0
,"/checkout/21851111488/cn/hWN7h1MrFiV2K8HdePh335Sq/en-us/shoppay",2,2,2,2
"Product","/products/greyson-soho-noir",2,2,0,0
,"/en-sg/pages/avada-sitemap-articles",2,2,0,0
"Checkout","/orders/790fa59675f1f68d1649815bd1861366",2,2,0,0
,"/en-ch/collections/tops",1,2,0,0
,"/en-sg/products/brando-parisian-luxe-army",2,2,0,0
,"/en-de/products/brando-blanc",1,2,0,0
,"/en-sg/products/pierce-noir-1",2,2,0,0
"Checkout","/checkouts/cn/hWN7cMMBVpgslEloxBtiX6O2/en-us",1,2,0,2
,"/en-ch/products/greyson-destroyed-blanc",2,2,0,0
,"/en-sg/collections/fall-winter",2,2,0,0
,"/en-mx/products/hendrix-calabasas",2,2,0,0
,"/en-sg/products/deniro-ink",2,2,0,0
,"/en-gb/products/brando-noir",2,2,0,0
,"/en-il/collections/new-arrivals-1",2,2,0,0
,"/en-au/products/cruise-coral",2,2,0,0
,"/en-lb/products/brando-tinted-indigo",2,2,0,0
,"/en-hk/pages/contact-us",2,2,0,0
,"/he-il/collections/viscose",2,2,0,0
,"/en-hk/products/pierce-terry-noir",2,2,0,0
,"/en-cn/collections/greyson-skinny-fit",2,2,0,0
,"/en-ch/collections/new-arrivals-tops",1,2,0,0
,"/en-sg/pages/meetmonfrere-copy-copy",2,2,0,0
,"/en-sg/products/brando-blanc",2,2,0,0
,"/en-sg/products/dann-shirt-blanc",2,2,0,0
,"/checkout/21851111488/cn/hWNA9rfDZZMQXMwWBqsmcme8/en-us/shoppay",2,2,0,2
,"/es-es/collections/new-arrivals-bottoms",2,2,0,0
"Custom Page","/pages/pipeda-privacy-policy",2,2,0,0
,"/en-nl/collections/shirts",2,2,0,0
,"/en-sg/collections/archived",2,2,0,0
"Product","/products/henley-vintage-stripe",2,2,0,0
,"/en-ca/collections/all",2,2,0,0
,"/en-il/products/dann-relaxed-le-club",2,2,0,0
,"/en-mx/products/brando-linen-blanc",2,2,0,0
"Collection","/collections/ss25",2,2,0,0
"Checkout","/orders/6e87404e5628c74fabea4568e3b45fdc",1,2,0,0
,"/en-ch/products/preston-blanc",2,2,0,0
,"/en-ca/collections/eoysale",2,2,0,0
,"/he-il/collections/greyson-skinny-fit",2,2,0,0
,"/en-ca/pages/contact-us",2,2,0,0
,"/en-sg/pages/terms",2,2,0,0
"Collection","/collections/brando-short",2,2,0,0
,"/en-in/products/maverick-suede-noir",2,2,0,0
,"/en-cn/collections/upsell-shorts",2,2,0,0
,"/en-sg/products/hendrix-calabasas",2,2,0,0
,"/en-ca/products/trooper-army",2,2,0,0
,"/en-cn/products/dann-sage-stripe",2,2,0,0
,"/checkout/21851111488/cn/hWN7a24TIz3soW6TJRyYA6M6/en-us/shoppay",1,2,0,2
,"/en-in/collections/eligible-2",2,2,0,0
,"/en-hk/products/brando-tinted-indigo",2,2,0,0
"Checkout","/orders/938c81cde502472250ec37f2c67191e9",2,2,0,0
,"/en-ca/products/brando-medium-indigo-1",2,2,0,0
"Checkout","/orders/91ce1d26605a9939ba8898cdb9f45113",1,2,0,0
,"/en-ae/products/justin-noir",2,2,0,0
,"/checkout/21851111488/do/52d6645e4ed59a6d76dd353d8f4dd603/en-us/shoppay",1,2,0,0
,"/en-nz/collections/sale-2",2,2,0,0
,"/en-sg/collections/shorts-1",2,2,0,0
"Checkout","/checkouts/cn/hWN98P6FDGrCatrdJudwOvNB/en-us",1,2,0,2
,"/en-cn/blogs/news",2,2,0,0
,"/en-ch/products/brando-tinted-indigo",2,2,0,0
,"/en-de/products/deniro-noir",2,2,0,0
,"/en-au/products/Y29vcGVyLX",2,2,0,0
,"/en-fr/products/brando-parisian-luxe-lagoon",2,2,0,0
,"/en-nz/products/eastwood-navy",2,2,0,0
"Checkout","/checkouts/cn/hWNBfaDkeMCZrjOyo3ueohJB/en-us",1,2,0,2
"Product","/products/ryder-sequin-noi",2,2,0,0
,"/en-in/products/brando-tinted-indigo",2,2,0,0
,"/en-au/products/mfvla1-bleached-indigo",2,2,0,0
,"/en-nz/products/brando-parisian-luxe-army",2,2,0,0
"Checkout","/checkouts/cn/hWN7WKaovhjaLoe8M24L4NMY/en-us/",1,2,0,2
,"/checkout/21851111488/cn/hWN6aXdFrW3F8W4MtumhwqJu/en-us/shoppay",2,2,0,2
,"/en-mc/products/brando-blanc",2,2,0,0
,"/en-de/pages/contact-us",2,2,0,0
,"/en-se/products/cruise-noir",2,2,0,0
,"/en-de/collections/new-arrivals-bottoms",2,2,0,0
,"/en-mx/products/preston-coated-noir",2,2,0,0
,"/en-sg/collections/distressed-1",2,2,0,0
"Checkout","/checkouts/cn/hWNA2eFktIXeGStwWdBDdOyX/en-us",2,2,2,2
,"/en-au/products/Z3JleXNvbi",2,2,0,0
,"/en-sg/collections/maverick",2,2,0,0
"Checkout","/checkouts/cn/hWN8ItAibdTlYrFk0FhkTkOe/en-us",2,2,2,2
,"/en-kr/products/maverick-suede-olive",2,2,0,0
,"/en-in/products/jalen-vintage-leopard",2,2,1,0
,"/en-dk",2,2,0,0
,"/en-gb/collections/all-styles",2,2,0,0
"Checkout","/orders/21795ab1f526a9a485c9f37b2786a639",2,2,0,0
,"/en-sg/collections/knits",2,2,0,0
,"/policies/privacy-policy",2,2,0,0
,"/checkout/21851111488/cn/hWN92Uaz8Z9Ebfyt9UlTZpUQ/en-us/shoppay",2,2,2,2
,"/en-fr/collections/bottoms",2,2,0,0
,"/en-ch/products/brando-noir-needle-cord",2,2,0,0
,"/en-ch/products/jagger-distressed-noho-skyfall",2,2,0,0
,"/es-es/collections/parisian-luxe",2,2,0,0
,"/en-mx/collections/distressed-1",2,2,0,0
"Checkout","/checkouts/cn/hWNAsSRU7XKcY5jsIYpKODXs/en-us",2,2,0,2
"Product","/products/carpenter-faifax",2,2,0,0
"Custom Page","/pages/cart-upsell",2,2,0,0
,"/en-ie/collections/new-arrivals-1",2,2,0,0
,"/en-sg/products/tactical-needle-cord-noir",2,2,0,0
"Checkout","/checkouts/cn/hWN9hXsFxniquIWPdi67Bcpt/en-us",1,2,0,2
,"/checkout/21851111488/cn/hWN7Eshses85r4vFQt5wMAqo/en-ca/shoppay",2,2,0,2
,"/en-mx/collections/all-styles",2,2,0,0
,"/en-ca/products/brando-velvet-noir-1",2,2,0,0
,"/en-au/collections/eosale",2,2,0,0
,"/en-nz/collections/eosale",1,2,0,0
"Checkout","/orders/d4076962f5fd7385dff6dc117a184860",2,2,0,0
,"/en-mx/collections/ready-to-wear",2,2,0,0
,"/en-sg/products/greyson-noir",2,2,0,0
,"/en-sg/collections/bond-polo-crepe",2,2,0,0
"Custom Page","/pages/sdfsaf",2,2,0,0
,"/en-hk/collections/sale-2",2,2,0,0
,"/en-mx/products/greyson-slash-vintage",2,2,0,0
"Collection","/collections/stretch-denim",2,2,0,0
,"/checkout/21851111488/cn/hWN8pX8oEx5YekDOuF375CXh/en-us/shoppay",1,2,0,2
,"/en-ch/products/brando-twilight-needle-cord",2,2,0,0
,"/en-sg/collections/core-bottoms-copy",2,2,0,0
,"/_web_preview/pages/terms-and-conditions",2,2,0,0
,"/en-es/products/west-coated-noir",2,2,0,0
"Checkout","/checkouts/cn/hWN8JTxh30PKu1b4OVODJONN/en-us",2,2,2,2
,"/en-cn/collections/distressed-1",2,2,0,0
,"/en-se/products/maverick-suede-olive",2,2,0,0
,"/en-ch/products/justin-noir",2,2,0,0
,"/en-cn/products/brando-parisian-luxe-jade",2,2,0,0
,"/en-ch/products/brando-linen-noir",2,2,0,0
,"/en-de/collections/new-arrivals-tops",2,2,0,0
,"/en-sg/products/noah-suede-cool-grey",2,2,0,0
,"/en-sg/products/pierce-terry-light-grey",2,2,0,0
,"/en-mx/products/maverick-suede-taupe",1,2,0,0
"Checkout","/orders/e2ab630ef2a31d2059d5e09548007778",1,2,0,0
,"/en-sg/collections/brando-colors",2,2,0,0
,"/_/service_worker/5c20/sw_iframe.html",2,2,0,0
,"/en-ca/collections/shirts",2,2,0,0
"Collection","/collections/men-jeans",2,2,0,0
"Product","/products/deniro-blanc",2,2,0,0
,"/en-cn/collections/dean-denim-jacket",2,2,0,0
,"/en-dk/products/clint-aged-coated-steel",2,2,0,0
,"/en-in/collections/t-shirts",2,2,0,0
,"/en-cn/pages/appi-privacy-policy",2,2,0,0
,"/fr-fr/products/cruise-blanc",2,2,0,0
,"/en-ca/products/greyson-vintage-velvet-carbon",2,2,0,0
,"/es-mx/collections/new-arrivals-1",2,2,0,0
,"/en-cn/collections/elevate-your-summer",2,2,0,0
,"/en-il/collections/t-shirts",2,2,0,0
,"/en-sg/collections/noah-jogger",2,2,0,0
"Checkout","/checkouts/do/37944e82f19436a45f523a6663a14b1c/en-ca",2,2,0,0
,"/en-ch/products/eastwood-needle-cord-noir",1,2,0,0
,"/en-it/products/brando-noir",2,2,0,0
,"/en-ie/collections/tops",2,2,0,0
,"/checkout/21851111488/cn/hWNA0tWghemiaZ2WMZRGcnKs/en-us/shoppay",2,2,2,2
,"/en-hr/cart",2,2,0,0
,"/en-fr/products/pierce-terry-noir",2,2,0,0
,"/en-gb/collections/shorts-1",2,2,0,0
,"/en-ca/products/noah-suede-ivory",2,2,0,0
,"/en-de/products/eastwood-smokescreen",2,2,0,0
,"/en-sg/blogs/news",2,2,0,0
,"/en-sg/products/free-unlimited-return-valid-in-us",2,2,0,0
"Checkout","/orders/a8ce6925b319c5cecd4a2adf602dfa74",1,2,0,0
,"/he-il/collections/sateen",2,2,0,0
,"/en-sg/products/noah-suede-noir",2,2,0,0
,"/en-cn/collections/dann-1",2,2,0,0
,"/en-gb/pages/contact-us",2,2,0,0
,"/en-ca/products/pierce-terry-light-grey",2,2,0,0
,"/es-es/products/brando-vail",2,2,0,0
,"/en-cn/products/ryder-sequin-noir",2,2,0,0
"Product","/products/Y29vcGVyLX",2,2,0,0
,"/en-ca/products/eastwood-suede-vintage-blanc",2,2,0,0
,"/en-sg/products/tactical-mocha",2,2,0,0
"Checkout","/checkouts/cn/hWN7OJFGnKOH8dghDPjjCOji/en-us",2,2,0,2
"Custom Page","/pages/avada-sitemap-collections",2,2,0,0
,"/en-mx/products/west-coated-noir",2,2,0,0
,"/_web_preview/products/dann-shirt-blanc",2,2,0,0
,"/en-cn/collections/globofilter-best-selling-products-index",2,2,0,0
,"/en-sg/collections/stretch-linen",2,2,0,0
,"/en-cn/collections/french-terry-twill",2,2,0,0
,"/en-de/pages/stockists",2,2,0,0
,"/en-sg/products/dean-acid-blue",2,2,0,0
,"/en-ca/products/brando-tinted-indigo",2,2,0,0
,"/en-au/collections/noah-jogger",2,2,0,0
,"/en-ae/collections/ready-to-wear",2,2,0,0
,"/en-cn/products/brando-french-terry-wrangler",2,2,0,0
"Checkout","/orders/8bff33eaadc97f8f9a6fba97ea280e82",1,2,0,0
,"/en-cn/collections/clint-denim",2,2,0,0
,"/en-gb/pages/privacy-policy",2,2,0,0
,"/en-sg/products/brando-tobacco",2,2,0,0
,"/es-es/collections/new-arrivals-1",2,2,0,0
,"/en-sg/collections/viscose",2,2,0,0
,"/en-gb/collections/skinny",2,2,0,0
,"/en-ca/collections/mvla",2,2,0,0
,"/en-au/pages/contact-us",2,2,0,0
,"/checkout/21851111488/ac/hWNBhENF6Y8uoSOsEsXnUvNB/en-us/shoppay",1,2,0,0
,"/en-sg/collections/bond-short",2,2,0,0
,"/en-nz/products/clint-ombre-sand",2,2,0,0
,"/en-ch/products/dean-jacket-vin-wax-coated",2,2,0,0
,"/en-cn/collections/stretch-linen",2,2,0,0
,"/en-cn/collections/west-coated",2,2,0,0
,"/en-sg/collections/dann",2,2,0,0
,"/en-cn/collections/viscose",2,2,0,0
,"/en-sg/products/brando-indigo-1",2,2,0,0
,"/checkout/21851111488/cn/hWNADm3l7mjFANTr47aDtrmy/en-us/shoppay",2,2,0,2
,"/en-mx/collections/butter-suede",2,2,0,0
,"/en-ca/products/dann-shirt-noir",2,2,0,0
,"/en-cn/collections/noir",2,2,0,0
,"/en-gb/products/dann-shirt-noir",2,2,0,0
"Checkout","/checkouts/cn/hWN7QS0EjZtoA434Rl4jMhIQ/en-us",2,2,0,2
"Checkout","/checkouts/cn/hWNBiQDklf7FVgM2MmD5dcaw/en-us",1,2,1,2
,"/fr-fr/products/greyson-noir",2,2,0,0
"Checkout","/checkouts/cn/hWN7a2MfVaITsESyu8k6GvfM/en-us",2,2,0,2
,"/en-sg/products/eastwood-smokescreen",2,2,0,0
,"/en-in/products/greyson-dubai",2,2,0,0
,"/en-cn/collections/in-stock-bestsellers",2,2,0,0
"Checkout","/orders/9442f46b5b1e82a0f7d74f0589d3b630",2,2,0,0
,"/en-sg/products/clint-houston",2,2,0,0
,"/ja-jp/products/greyson-coated-noir",2,2,0,0
,"/en-sg/collections/elevate-your-summer",2,2,0,0
,"/en-sa/products/free-unlimited-return-valid-in-us",2,2,0,0
,"/en-mx/products/greyson-coated-noir",2,2,0,0
,"/fr-fr/collections/brushed-denim",2,2,0,0
,"/fr-fr/products/travis-light-grey",2,2,0,0
,"/en-se/collections/new-arrivals-bottoms",2,2,0,0
,"/en-cn/products/deniro-mineral-green",2,2,0,0
,"/en-gb/collections/shirts",2,2,0,0
,"/checkout/21851111488/cn/hWN8UCxjkruVgdOPPPFWrq8G/en-us/shoppay",1,2,0,2
,"/en-sg/products/brando-tinted-indigo",2,2,0,0
,"/en-mx/collections/jackets",2,2,1,1
,"/en-sg/products/greyson-coated-noir",2,2,0,0
,"/checkout/21851111488/cn/hWN8gEgM6qDWYfsQO5WMD9uS/en-us/shoppay",2,2,0,2
,"/en-sg/collections/sale-bottoms",2,2,0,0
,"/en-dk/products/dann-shirt-blanc",2,2,0,0
,"/en-at/products/brando-vintage-blanc",2,2,0,0
,"/en-ca/cart",2,2,0,1
,"/en-jp/collections/bottoms",2,2,0,0
,"/en-cn/collections/eosale",2,2,0,0
,"/en-nz/products/pierce-terry-noir",2,2,0,0
,"/en-ca/products/dean-jacket-coated-noir",2,2,0,0
,"/en-mx/pages/faq",2,2,0,0
,"/en-mx/pages/contact",2,2,0,0
"Checkout","/orders/0b9d360f7d69a53f42f891ea93975c01",1,2,0,0
"Product","/collections/sale-1/products/brando-velvet-chocolate",2,2,0,0
,"/en-au/collections/skinny",1,2,0,0
,"/policies/return-policy",2,2,0,0
,"/en-cn/collections/shirts",2,2,0,0
,"/en-mx/products/trooper-army",2,2,0,0
,"/en-jp/products/brando-cote-divoir",2,2,0,0
"Homepage","/shop",2,2,0,0
,"/en-sg/collections/coated-1",2,2,0,0
,"/policies/shipping-policy%20OR%20https:/www.monfrerefashion.com/policies/refund-policy",2,2,0,0
,"/en-au/collections/best-sellers",2,2,0,0
,"/en-gb/products/greyson-vintage-velvet-carbon",2,2,0,0
"Checkout","/orders/1261dfa1402ac098d0dc489918da14ef",1,2,0,0
,"/en-ca/collections/all-products",2,2,0,0
,"/en-gb/collections/cargo-pant",2,2,0,0
"Checkout","/checkouts/cn/hWN8yMb9c52i9Zexbt7ToGwS/en-us",2,2,0,2
,"/en-ch/products/clint-light-indigo",2,2,0,0
,"/en-cn/collections/travis",2,2,0,0
,"/en-gb/products/greyson-noir",2,2,0,0
,"/en-no/products/brando-belmar",2,2,0,0
,"/blog",2,2,0,0
"Checkout","/orders/3c38837e3fe8787c5ba28a4810185016",1,2,0,0
,"/en-cn/collections/walker",2,2,0,0
"Checkout","/orders/bebaccc951bde0842928245b17f672e3",1,2,0,0
,"/en-ca/collections/velvet",2,2,0,0
,"/en-ca/products/greyson-oakland",2,2,0,0
,"/en-mx/products/brando-dune",2,2,0,0
,"/en-tw/products/maverick-carbon",2,2,0,0
,"/en-il/products/greyson-coated-noir",2,2,0,0
"Checkout","/orders/55e2425e32ec04686e2168985e87d8f3",1,2,0,0
"Password","/password",2,2,0,0
,"/checkout/21851111488/cn/hWN7oEmIf5eEiap4dEnmRNNC/en-us/shoppay",2,2,0,1
"Checkout","/orders/41824c878a2d856f65a7594d8b011b75",2,2,0,0
,"/en-ca/products/greyson-dark-vintage",2,2,0,0
,"/en-cn/products/deniro-linen-sky",2,2,0,0
,"/en-cn/collections/eastwood-velvet",2,2,0,0
,"/checkout/21851111488/cn/hWNA5RhkCYT1q0MOOKw3QLIo/en-us/shoppay",1,2,0,2
"Checkout","/orders/29337f745cd67cde0f0ff7c0abe3c430",1,2,0,0
,"/en-sg/products/clint-ombre-sand",2,2,0,0
,"/en-il/products/tactical-mocha",2,2,0,0
,"/_web_preview/pages/stockist",2,2,0,0
"Collection","/collections/shop-nyla-nyla-sandbox",2,2,0,0
,"/checkout/21851111488/cn/hWNBKH8DkiaWhJkQH17HuMQl/en-sa/shoppay",1,2,0,2
,"/en-ca/products/brando-st-barths",2,2,0,0
,"/he-il",2,2,0,0
"Custom Page","/pages/size-chart",2,2,0,0
,"/checkout/21851111488/cn/hWN9OevzVZ4CLeZ1zw0j3th4/en-us/shoppay",2,2,0,2
"Checkout","/checkouts/cn/hWN7eIJK9GCdERs9lS5zIy82/en-us",2,2,0,2
,"/en-in/products/eastwood-steel",2,2,0,0
,"/en-sg/collections/comfort-twill",2,2,0,0
,"/en-in/collections/brando-slim-fit",2,2,0,0
,"/checkout/21851111488/cn/hWN79q1NI76s7oo473z20NBy/en-us/shoppay",2,2,0,1
,"/en-il/products/brando-vintage-blanc",2,2,0,0
,"/en-sg/pages/contact-us",2,2,0,0
,"/en-ca/products/dann-relaxed-t-velvet-noir",2,2,0,0
,"/en-gb/collections/t-shirts",2,2,0,0
,"/en-mx/products/pierce-terry-noir",2,2,0,0
,"/en-no/products/brando-mineral-green",2,2,0,0
,"/en-de/products/jalen-vintage-leopard",2,2,0,0
,"/en-sg/products/greyson-tinted-indigo-1",2,2,0,0
,"/en-cn/collections/sale-tops",2,2,0,0
"Checkout","/orders/1a9c16dc5e1ada7ec38f26a9a36a70c7",1,2,0,0
"Product","/products/nosto",2,2,0,0
"Checkout","/orders/2f60818a70b3fdb80e4e9e1e85d9a173",2,2,0,0
,"/en-sg/products/eastwood-velvet-noir-1",2,2,0,0
,"/en-cn/collections/flynn-denim",2,2,0,0
,"/en-sg/pages/subscribe",2,2,0,0
"Checkout","/orders/093365674c55f964348af2beb1ed207c",2,2,0,0
"Checkout","/orders/3ab33969331de6c058da0171ab939dda",2,2,0,0
,"/en-au/products/brando-french-terry-wrangler",2,2,0,0
,"/en-sg/collections/skinny",2,2,0,0
,"/en-ie/products/brando-belmar",2,2,0,0
,"/en-in/collections/all",2,2,0,0
"Checkout","/orders/c4172f8de709e3c2026bc29bb30cbfad",1,2,0,0
,"/en-ch/products/greyson-antique-silver",2,2,0,0
,"/en-ch/products/deniro-linen-mint",2,2,0,0
,"/en-mx/collections/shorts-1",1,2,0,0
,"/en-in/pages/return-policy",2,2,0,0
,"/checkout/21851111488/cn/hWN8MwQbxUKRunWHT9Arozqs/en-us/shoppay",2,2,0,2
,"/en-sg/products/brando-vintage-blanc-1",2,2,0,0
,"/en-nz/products/greyson-destroyed-blanc",2,2,0,0
,"/en-sg/collections/butter-suede",2,2,0,0
,"/checkout/21851111488/cn/hWN9C3ROJlwId4qdw85dwUy8/en-us/shoppay",1,2,0,2
,"/en-cn/collections/lenny-denim",2,2,0,0
,"/en-il/pages/about-us",2,2,0,0
,"/en-ch/products/mfvla1-bleached-indigo",2,2,0,0
"Checkout","/checkouts/cn/hWN7xMnYKKwQJSbjDCM0haT3/en-us",1,2,0,2
,"/en-mx/pages/sizing-chart",2,2,0,0
,"/es-mx/products/pierce-terry-noir",1,2,0,0
,"/en-in/products/brando-vintage",2,2,0,0
,"/en-in/pages/contact",2,2,0,0
,"/en-ae/collections/brando-slim-fit",2,2,0,0
"Checkout","/checkouts/cn/hWN98PEhhXUcfKRfoVfNJ6MT/en-us",1,2,0,2
,"/en-il/collections/french-terry-twill",2,2,0,0
,"/en-ch/products/brando-linen-aberdeen",2,2,0,0
,"/en-ch/products/dann-relaxed-t-blanc",2,2,0,0
,"/en-es/collections/new-arrivals-1",2,2,0,0
"Custom Page","/pages/sustainability",2,2,0,0
"Checkout","/checkouts/cn/hWNAcR2rnGvtc1GIUh1LK52e/en-us/",1,2,0,2
,"/en-in/products/brando-indigo-1",2,2,1,0
,"/en-cn/collections/bond-shirt",2,2,0,0
,"/en-in/collections/eoysale",2,2,0,0
,"/en-ch/collections/new-arrivals-1",2,2,0,0
,"/he-il/products/dann-shirt-blanc",2,2,0,0
,"/en-it/collections/bottoms",2,2,0,0
"Checkout","/checkouts/cn/hWN9ear4dAZxo67HkygMofaL/en-ca",2,2,0,2
,"/en-in/policies/refund-policy",2,2,0,0
"Checkout","/checkouts/cn/hWN8MwQbxUKRunWHT9Arozqs/en-us",2,2,0,2
,"/es-es/products/brando-parisian-luxe-light-grey",2,2,0,0
,"/es-mx/collections/eligible-2",2,2,0,0
"Checkout","/checkouts/cn/hWN87GC9uozPhKtqhcmhGRpI/en-us",2,2,0,2
,"/en-cn/collections/greyson-denim",2,2,0,0
,"/en-ie/products/brando-coral",2,2,0,0
,"/en-cn/pages/contact-us",2,2,0,0
,"/en-sg/products/maverick-silk-steel-blue",2,2,0,0
"Collection","/collections/affiliate-code-sale",2,2,0,0
,"/en-gb/products/brando-pebble",2,2,0,0
,"/en-gb/collections/eosale",2,2,0,0
"Checkout","/checkouts/cn/hWN8dg80lEWYqzKSomEtFfoG/en-us/stock-problems",2,2,0,2
,"/en-au/products/maverick-silk-steel-blue",1,2,0,0
,"/en-ca/collections/skinny",1,1,0,0
,"/en-no/products/maverick-suede-olive",1,1,0,0
,"/en-mx/products/brando-coral",1,1,0,0
"Checkout","/checkouts/cn/hWN78HLfvvXydVWcoXJ9pbda/en-pk",1,1,1,1
,"/en-ca/pages/wholesale",1,1,0,0
,"/_web_preview/pages/pipeda-privacy-policy",1,1,0,0
"Checkout","/checkouts/cn/hWNAK6BscuJ98oCjSg8601wJ/en-pk",1,1,0,1
,"/en-sg/products/dean-suede-noir",1,1,0,0
,"/en-nz/products/caine-lincoln",1,1,0,0
"Checkout","/checkouts/cn/hWN7ik88RD7cnItX7rtvlRhp/en-us/stock-problems",1,1,0,1
,"/checkout/21851111488/cn/hWN5yjIrC3ePz9cJ5qfeMmry/en-us/stock-problems",1,1,0,1
"Checkout","/checkouts/cn/hWN8rJnaVTLZgsnpjEucavK5/en-us",1,1,0,1
"Checkout","/orders/e848d6ba945ecd66573aea878d5ee5ae",1,1,0,0
,"/en-hk/pages/stockists",1,1,0,0
,"/account/activate-request",1,1,0,0
"Collection","/collections/eligibe-2",1,1,0,0
,"/checkout/21851111488/cn/hWN8B9A4UcVqkK7aJBlpAeoC/en-us/shoppay",1,1,0,1
"Checkout","/checkouts/cn/hWN7lqlVoPpNzy29Efj5iF56/en-us",1,1,0,1
,"/en-hr/products/cruise-linen-sage",1,1,0,0
"Checkout","/checkouts/cn/hWN9wdtfRJkfidnPiFZs5Ewb/en",1,1,0,1
,"/en-nz/products/eastwood-suede-vintage-blanc",1,1,0,0
,"/en-il/products/brando-velvet-noir-1",1,1,0,0
,"/en-ae/products/brando-rodeo-drive",1,1,0,0
,"/en-kr/collections/24-denim",1,1,0,0
,"/checkout/21851111488/cn/hWNBs2u6BGxegOeW4K2cStG5/en-us/shoppay",1,1,0,1
,"/en-kr/collections/bond-shirt",1,1,0,0
"Checkout","/checkouts/cn/hWNBdjsdmdlHGHgcV8TjXUBt/en-us",1,1,0,1
"Checkout","/checkouts/cn/hWN7br62PJ6Cmv6wgtNg4XTN/en-us",1,1,0,1
,"/en-mc/products/travis-grey",1,1,0,0
,"/en-sa/products/brando-parisian-luxe-navy",1,1,0,0
,"//pages/about",1,1,0,0
,"/en-sa/products/maverick-rodeo-drive",1,1,0,0
,"/en-sg/pages/ab-test",1,1,0,0
,"/checkout/21851111488/cn/hWNANrLeyWveYrnwE4QetBoo/en-us/shoppay",1,1,0,1
,"/en-mx/products/brando-naples",1,1,0,0
"Checkout","/checkouts/cn/hWN8NUgFcBDWPbPB8qt3pce8/en-us",1,1,0,1
"Checkout","/orders/d12f8228324fbbe863865ba4f8f02e55",1,1,0,0
,"/en-ie/products/maverick-suede-taupe",1,1,0,0
,"/checkout/21851111488/cn/hWN8w5b3yMuevYVGe3vfAbAX/en-us/shoppay",1,1,0,1
,"/checkout/21851111488/cn/hWN9qT754PnF7kJSY7dU4ndi/en-us/shoppay",1,1,0,1
,"/en-nz/products/brando-noir",1,1,0,0
"Checkout","/checkouts/cn/hWNAWlj0EbDLrdXuT4cii1zO/en-us",1,1,1,1
,"/en-in/products/eastwood-suede-steel-blue",1,1,1,0
"Product","/products/deniro-napa",1,1,0,0
,"/en-sg/products/caine-valois",1,1,0,0
,"/en-ca/products/dann-teak",1,1,0,0
"Checkout","/orders/c4c9d7d4c0ba7fda88ff091e41116695",1,1,0,0
,"/en-nz/products/greyson-noir-tigre",1,1,0,0
"Checkout","/orders/c6f9ec759cf5138fc39cd008821de094",1,1,0,0
,"/checkout/21851111488/cn/hWN7d22qDX3Te9cflfK2g8zC/en-us/shoppay",1,1,0,0
,"/es-es/products/dann-shirt-noir",1,1,0,0
,"/en-jp/products/brando-toulouse-1",1,1,0,0
,"/en-cn/collections/brando-parisian-luxe",1,1,0,0
"Checkout","/checkouts/cn/hWN7PyEF17CY65AgE0ZSpEX4/en-us",1,1,0,1
,"/en-sg/collections/cruise-tencel-twill",1,1,0,0
"Checkout","/checkouts/cn/hWN9QoDGyuZqcBUgMv0cC8J7/en-us/stock-problems",1,1,1,1
"Product","/products/greyson-velvet-amethyst",1,1,0,0
,"/en-se/products/bond-shirt-silk-ivory",1,1,0,0
,"/en-be/products/maverick-suede-noir",1,1,0,0
,"/en-sg/products/lenny-wilshire",1,1,0,0
,"/en-ch/products/brando-dune",1,1,0,0
,"/en-au/products/dann-shirt-noir",1,1,0,0
,"/en-kr/collections/eastwood-butter-suede",1,1,0,0
"Checkout","/checkouts/cn/hWNByGdJk59iBc4YoD7vHPLV/en",1,1,0,1
,"/_web_preview/pages/fit-guide",1,1,0,0
"Checkout","/checkouts/cn/hWNAFn1nJhVNVTawCWxoC5VC/en-us",1,1,1,1
,"/en-ie/products/brando-short-vintage-blanc",1,1,0,0
,"/en-mx/products/eastwood-needle-cord-noir",1,1,0,0
,"/en-ae/products/brando-velvet-noir-1",1,1,0,0
"Checkout","/checkouts/cn/hWNB48CywXJu0TiXOQODgnkQ/en-us",1,1,0,1
,"/en-au/products/wayne-needle-cord-noir",1,1,0,0
,"/en-cn/products/6930529812677",1,1,0,0
,"/en-cn/products/brando-parisian-luxe-twilight",1,1,0,0
,"/en-mc/products/brando-belmar",1,1,0,0
,"/_web_preview/pages/ccpa-privacy-policy",1,1,0,0
,"/en-in/collections/mfvla",1,1,0,0
,"/en-de/products/maverick-silk-steel-blue",1,1,0,0
,"/en-au/products/dean-blanc-leather",1,1,0,0
,"/en-fr/products/bond-shirt-leather-noir",1,1,0,0
"Checkout","/checkouts/cn/hWN7lhFRwxpLbBef2WS8t1Ro/en-us",1,1,0,1
,"/en-sg/products/brando-short-light-grey",1,1,0,0
,"/en-cn/products/5805989298340",1,1,0,0
"Checkout","/checkouts/cn/hWN7YJSWJB9Q4YQ2CYXwLSsc/en-np",1,1,0,1
,"/en-de/collections/velvet",1,1,1,0
"Checkout","/checkouts/cn/hWNBRrZLps7MNWZZAkduUkPB/en",1,1,0,1
"Checkout","/checkouts/cn/hWN7Vc2lvwGeqPCFGG2S8N1e/en-us",1,1,0,1
,"/en-mx/collections/shirts",1,1,0,0
,"/en-hk/collections/t-shirts",1,1,0,0
,"/en-ch/products/brando-vintage-blanc-1",1,1,0,0
,"/en-nl/collections/slim",1,1,0,0
,"/en-cn/products/cruise-coral",1,1,0,0
,"/en-sg/products/cruise-porto",1,1,0,0
,"/en-ie/products/brando-short-mineral-green",1,1,0,0
,"/checkout/21851111488/cn/hWNAXU1S276LjSYLUwr2YepN/en-ca/shoppay",1,1,0,1
,"/en-nl/collections/comfort-twill",1,1,0,0
,"/fr-fr/collections/skinny",1,1,0,0
"Checkout","/checkouts/cn/hWN7Fd5zwtm9hO1PL43XG894/en-pk",1,1,0,1
,"/en-mx/products/dann-shirt-noir",1,1,0,0
,"/en-ca/collections/butter-suede",1,1,0,0
,"/checkout/21851111488/cn/hWN8gNZEElQ14chSAiJWjYgM/en-us/shoppay",1,1,0,1
,"/en-sg/collections/slim",1,1,0,0
,"/en-sg/products/jalen-vintage-leopard",1,1,0,0
,"/en-au/products/eastwood-smokescreen",1,1,0,0
"Checkout","/checkouts/cn/hWNA9zE2TBoDPaqmnBpHhsll/en-us/thank-you",1,1,0,0
,"/en-tw/products/eastwood-needle-cord-plum",1,1,0,0
,"/checkout/21851111488/cn/hWN79IHfPlwmIARmabqoEfGE/en-us/shoppay",1,1,0,1
,"/en-mx/products/dean-khaki",1,1,0,0
,"/checkout/21851111488/cn/hWNAcdOychOV5ZXlATRRI8zR/en-us/shoppay",1,1,0,1
,"/en-nl/pages/about-us",1,1,0,0
,"/en-ca/collections/new-arrivals-bottoms",1,1,0,0
,"/he-il/collections/eosale",1,1,0,0
,"/en-ch/products/brando-needle-cord-juniper",1,1,0,0
,"/en-at/cart",1,1,0,0
"Checkout","/checkouts/cn/hWNBup0cXH8IJMbqhyTtJwQL/en-us",1,1,1,1
,"/en-at/collections/brando-parisian-luxe",1,1,0,0
"Checkout","/checkouts/cn/hWN9QoE6Pu1XIqO7LBet2ZaU/en-us/stock-problems",1,1,1,1
,"/en-mx/collections/mvla",1,1,0,0
,"/en-cn/products/bond-shirt-leather-noir",1,1,0,0
,"/en-sa/products/hendrix-calabasas",1,1,0,0
,"/checkout/21851111488/cn/hWN7DswhTaflmlwmt2cP6TWk/en-us/shoppay",1,1,0,1
,"/en-mc/products/preston-noir",1,1,0,0
"Checkout","/checkouts/cn/hWN8kXXNvijYT5xqJmzWRooS/en-us",1,1,0,1
,"/en-mc/products/brando-linen-noir",1,1,0,0
"Product","/collections/skinny/products/greyson-noir",1,1,0,0
"Checkout","/orders/18eaae8764c66b7507c8d84d6ebfe1d3",1,1,0,0
,"/en-in/pages/about",1,1,0,0
,"/en-se/collections/eligible-2",1,1,0,0
,"/en-hk/pages/contact",1,1,0,0
"Checkout","/checkouts/cn/hWN7HRI7eXjqrQAvDdOhvpnm/en/thank-you",1,1,0,0
,"/en-sg/products/greyson-vintage-velvet-carbon",1,1,0,0
,"/fr-fr/products/preston-coated-noir",1,1,0,0
"Checkout","/orders/6bfe27086e086204db5fabcf60e9adae",1,1,0,0
,"/en-ie/products/brando-needle-cord-plum",1,1,0,0
"Checkout","/checkouts/cn/hWN7JH7HsMp5xZ4MB6yX412I/en-us",1,1,0,1
,"/checkout/21851111488/cn/hWN9QeM6zCc3zounQcjLfuLa/en-us/stock-problems",1,1,0,1
,"/en-nl/collections",1,1,0,0
,"/en-se/products/dann-shirt-noir",1,1,0,0
,"/es-mx/products/brando-french-terry-rodeo",1,1,0,0
,"/en-nl/products/dean-jacket-coated-noir",1,1,0,0
,"/en-de/products/brando-st-barths",1,1,0,0
,"/en-se/products/brando-short-mineral-green",1,1,0,0
"Checkout","/checkouts/cn/hWN8OZBlhbrZLc5k075OOFzV/en",1,1,0,1
,"/_web_preview/collections/sale-2",1,1,0,0
"Product","/products/brando-hollywood",1,1,0,0
"Checkout","/checkouts/cn/hWN9QoDD5o13GEjjUXMXLJBg/en-us/stock-problems",1,1,1,1
,"/en-in/products/ryder-sequin-noir",1,1,0,0
,"/_web_preview/pages/privacy-policy",1,1,0,0
"Checkout","/checkouts/cn/hWN7c5htdM75GRPcucy6EIie/en-us",1,1,0,1
,"/en-ca/collections/jackets/Jacket",1,1,0,0
,"/checkout/21851111488/cn/hWN95Qbbtf47jnYUXmiXIrZw/en-us/shoppay",1,1,0,1
,"/en-fr/pages/wholesale",1,1,0,0
,"/en-ca/products/deniro-mineral-green",1,1,0,0
,"/checkout/21851111488/cn/hWN8Fot4NLjA2DmZO2oJePMQ/en-us/shoppay",1,1,0,1
"Checkout","/checkouts/cn/hWN7Ac0hJN49Ew4m9B7ah2iA/en-pk",1,1,1,1
"Collection","/collections/greyson",1,1,0,0
"Checkout","/checkouts/cn/hWN9QoDKw22zpRZQ7V22poue/en-us/stock-problems",1,1,1,1
"Custom Page","/pages/ab-test--0",1,1,0,0
,"/en-sg/products/brando-velvet-saddle",1,1,0,0
"Checkout","/orders/b96c0d3f60337a341f11fcfd2165f44a",1,1,0,0
"Checkout","/checkouts/cn/hWN9QoCy62PC2bibdcAHKVkn/en-us/stock-problems",1,1,1,1
,"/en-be/products/deniro-mineral-green",1,1,0,0
"Checkout","/orders/738642ec5314a44ea013b0920ad0d13a",1,1,0,0
"Checkout","/checkouts/cn/hWNB36PK5GjvhaImdzU6g2C1/en/stock-problems",1,1,0,1
"Checkout","/orders/d97e8db7cceef14ab3694e1dd55beedf",1,1,0,0
,"/en-sg/collections/sateen",1,1,0,0
,"/es-es/collections/brando-slim-fit",1,1,0,0
,"/en-ie/products/brando-jade",1,1,0,0
,"/en-es/collections/denim",1,1,0,0
,"/en-in/pages/govx-id-military-discount",1,1,0,0
,"/checkout/21851111488/do/c10b407bd6141e16d816a933d285e847/en-us/shoppay",1,1,0,0
"Checkout","/checkouts/cn/hWNBdOxNvcYwsBK0pwDImZta/en-us",1,1,1,1
,"/pr=",1,1,0,0
,"/checkout/21851111488/cn/hWN7DyuM08m2ldIV83Eunecs/en-us/shoppay",1,1,0,1
,"/en-ca/products/greyson-antique-silver",1,1,0,0
,"/en-sg/products/dean-patent-noir",1,1,0,0
,"/en-mx/products/dann-long-crepe-taupe",1,1,0,0
,"/en-kr/products/brando-st-barths",1,1,0,0
,"/en-in/collections/rigid-denim",1,1,0,0
,"/en-ch/products/caine-valois",1,1,0,0
,"/en-ca/products/brando-cote-divoir",1,1,1,0
,"/en-kr/collections/eligible-2",1,1,0,0
"Checkout","/checkouts/cn/hWNAIcobXQdSKl3hmnISGIlU/en-us",1,1,0,1
,"/en-gb/collections/pierce",1,1,0,0
,"/en-au/products/brando-parisian-luxe-jade",1,1,0,0
"Checkout","/checkouts/cn/hWN7HEdaR2tclwRtsc5qgtYQ/en-us",1,1,0,1
,"/es-mx/products/bond-shirt-silk-ivory",1,1,0,0
,"/en-sg/products/dann-sage-stripe",1,1,0,0
,"/en-au/products/dann-noir-stripe",1,1,0,0
"Checkout","/checkouts/cn/hWNAHIL6LjRsdo6rxoeAGZov/en",1,1,0,1
"Checkout","/checkouts/cn/hWNA5XPl8KqmaH6i9jkmasU6/en-us/thank-you",1,1,0,0
,"/en-se/products/greyson-ash",1,1,0,0
,"/en-fr/products/greyson-coated-noir",1,1,0,0
"Checkout","/orders/bf86206a2971cff2973783f68949c465",1,1,0,0
,"/en-nz/collections/dann-relaxed",1,1,0,0
,"/en-it/products/bond-shirt-silk-ivory",1,1,0,0
,"/en-jp/products/brando-velvet-carbon",1,1,0,0
,"/en-be/collections/all-styles",1,1,0,0
"Checkout","/checkouts/cn/hWNAsYYAneuTe5SEVLzDchVQ/en-us",1,1,0,1
,"/en-de/collections/skinny",1,1,0,0
"Checkout","/checkouts/cn/hWNB619qs4eLzFnXBk2IKO1Z/en-us",1,1,0,1
"Product","/products/gre=",1,1,0,0
,"/checkout/21851111488/cn/hWN8n66m0EZVg2YRUh91N7GK/en-us/shoppay",1,1,0,1
,"/checkout/21851111488/cn/hWN7CMRRhsM95luxketwVwcU/en-ca/stock-problems",1,1,0,1
,"/checkout/21851111488/cn/hWN8Ir15NM0GVAy2nbxT7HNw/en-us/shoppay",1,1,0,1
"Checkout","/checkouts/cn/hWNBOgcuXJ5BNuNBbivsE2i8/en-us",1,1,0,1
"Custom Page","/pages/avada-sitemap-articles",1,1,0,0
"Product","/products/brando-distressed-le-mans",1,1,0,0
,"/en-nz/products/jeter-varsity-suede-carolina",1,1,0,0
"Checkout","/checkouts/cn/hWN9MDt5xX3UYsDR7xbfiUFN/en-us",1,1,0,1
"Custom Page","/pages/reviews",1,1,0,0
"Collection","/collections/noirstyles",1,1,0,0
"Checkout","/checkouts/cn/hWN9mP33o2SSeYLwsQ3nRxFS/en-us",1,1,0,1
"Checkout","/orders/0d1d39d4f5dc166a988e7f6d672904a4",1,1,0,0
"Checkout","/checkouts/cn/hWN9r8ID0Cs9UZoQequnKwe0/en-us",1,1,0,1
"Checkout","/checkouts/cn/hWNAbYTnHeCAkEr2vswH6aeY/en-us",1,1,0,1
,"/checkout/21851111488/cn/hWN8WJXjEndCU313aADHCjNo/en-us/shoppay",1,1,0,1
"Checkout","/checkouts/cn/hWNAkxldibOXKjvpjG2eJkfq/en-us",1,1,0,1
,"/checkout/21851111488/cn/hWN7cOWEZGldSJfVzEAJutjG/en-us/shoppay",1,1,0,1
,"/en-se/products/dean-suede-noir",1,1,0,0
,"/en-at/collections/archived",1,1,0,0
,"/checkout/21851111488/cn/hWN7A5sAis3993ICEhwyJ05a/en-us/shoppay",1,1,0,1
,"/en-mx/products/brando-needle-cord-juniper",1,1,0,0
"Checkout","/checkouts/cn/hWN7eHrKqCMCuuIR0UxKXCxm/en-us",1,1,0,1
,"/en-ca/products/brando-pico",1,1,0,0
,"/en-au/products/brando-parisian-luxe-navy",1,1,0,0
,"/en-ca/collections/t-shirts",1,1,0,0
,"/en-mc/collections/jackets/Jacket",1,1,0,0
,"/en-fr/collections/shirts",1,1,0,0
"Checkout","/checkouts/cn/hWN8OkeHHVbyWEFVh27yXBjO/en-us",1,1,0,1
,"/checkout/21851111488/cn/hWN7gn0VbioBVxrlctI56HCr/en-us/shoppay",1,1,0,1
,"/en-de/collections/bootcut",1,1,0,0
,"/checkout/21851111488/cn/hWNA6lGmwdo0T2LmcjcQxkKg/en-us/shoppay",1,1,0,1
"Checkout","/checkouts/cn/hWNAwjnkjnYHoPURg30bUWQM/en-us/thank-you",1,1,0,0
,"/en-fr/products/dean-jacket-velvet-bleu",1,1,0,0
"Checkout","/checkouts/cn/hWN7aD8AB5vqUEm4nDMz6yYs/en-us",1,1,0,1
"Checkout","/checkouts/cn/hWNAFAEQcZC2b4mZZ2yInofw/en-us",1,1,0,1
,"/en-de/products/maverick-carbon",1,1,0,0
,"/en-ie/collections/bottoms",1,1,0,0
,"/_web_preview/collections/t-shirts",1,1,0,0
,"/en-cn/products/jayden-sarcelle",1,1,0,0
"Checkout","/checkouts/cn/hWN8Ht0joChAem9YDGz0EmO8/en-us",1,1,0,1
,"/en-in/collections/cargo-pant",1,1,0,0
"Collection","/collections/essentials",1,1,0,0
"Checkout","/orders/74df817300e37c88024bbde250865f8d",1,1,0,0
,"/en-es/products/bond-shirt-silk-ivory",1,1,0,0
,"/en-cn/pages/collab",1,1,0,0
"Checkout","/checkouts/cn/hWN7lhI56YpLDlKsBQHx4bvs/en-us",1,1,0,1
,"/es-mx/collections/tops",1,1,0,0
"Checkout","/checkouts/cn/hWNAwjnkjnYHoPURg30bUWQM/en-us",1,1,0,1
,"/en-sg/products/eastwood-moon-rock",1,1,0,0
"Checkout","/orders/755c9fbc8a9a0569ad1c7726f6d6ee41",1,1,0,0
,"/en-it/collections/preston",1,1,0,0
"Checkout","/checkouts/ac/hWNBty33e86B40XdsqWzIW14/en-us",1,1,0,0
"Collection","/collections/cooper",1,1,0,0
"Checkout","/checkouts/cn/hWN8n2De7kP5tx6iSILjcYzq/en-us",1,1,0,1
,"/en-ca/products/greyson-rivoli",1,1,0,0
"Checkout","/checkouts/cn/hWN9Usr6ZNtFyY8sq9jMIzEv/en-us",1,1,0,0
,"/en-ch/products/kobe-short-saint-germain",1,1,0,0
,"/_web_preview/products/brando-indigo-1",1,1,0,0
"Checkout","/checkouts/cn/hWNB3vLpzMk6lcAjLUFpJcFG/en-us",1,1,0,1
"Checkout","/checkouts/cn/hWNBRJnCcUcnJXBUfdstit2Q/en-us",1,1,0,1
,"/en-jp/products/brando-vail",1,1,0,0
"Checkout","/checkouts/cn/hWNAGIf2nub8u5C3gIGkFAGH/en-us",1,1,0,1
,"/en-fr/products/mfvla1-short-indigo",1,1,0,0
,"/en-tw/products/jayden-sarcelle",1,1,0,0
,"/en-sg/products/brando-coral",1,1,0,0
,"/en-nl/collections/skinny",1,1,0,0
,"/en-ae/products/jalen-vintage-leopard",1,1,0,0
,"/en-cn/products/Brando%20Naples",1,1,0,0
,"/en-se/products/greyson-coated-noir",1,1,0,0
"Collection","/collections/core-bottoms-copy",1,1,0,0
"Checkout","/checkouts/cn/hWNBE55tzQHm5xPdgvFO3rYm/en-us",1,1,1,1
,"/en-sg/collections/new-arrivals-bottoms",1,1,0,0
,"/en-sg/products/deniro-mineral-green",1,1,0,0
,"/en-ca/products/brando-parisian-luxe-mocha",1,1,0,0
,"/checkout/21851111488/cn/hWNA0CQ48AQYBd9PpqDyMRuM/en-us/shoppay",1,1,0,1
"Product","/products/blake-navy",1,1,0,0
"Custom Page","/pages/accessibility",1,1,0,0
,"/en-de/products/dann-noir-stripe-1",1,1,0,0
,"/en-ch/products/maverick-silk-steel-blue",1,1,0,0
"Checkout","/checkouts/cn/hWN7XXEaQVDpILMFwJjafEuY/en/thank-you",1,1,0,0
,"/checkout/21851111488/cn/hWN9U8ZR6pbAMLVXhKoPONyD/en-us/shoppay",1,1,0,1
,"/en-sa/products/caine-mf-leopard-flock",1,1,0,0
,"/en-de/products/brando-noir",1,1,0,0
"Checkout","/checkouts/cn/hWN9oK32hU6DhoZenHwFuN85/en-us",1,1,0,1
"Checkout","/checkouts/cn/hWN8flxB7qPefMRwLgEtZOni/en-us/thank-you",1,1,0,0
,"/checkout/21851111488/cn/hWN7rlYuw6BovDlxftqT5zyT/en-us/shoppay",1,1,1,1
"Checkout","/orders/816c85f38bb2a22f1c63731b83db5132",1,1,1,1
,"/en-in/collections/comfort-twill",1,1,0,0
,"/en-ca/products/dean-vintage-carbon",1,1,0,0
,"/checkout/21851111488/cn/hWN9QeM6zCc3zounQcjLfuLa/en-us/shoppay",1,1,0,1
"Checkout","/checkouts/cn/hWN7XeIzy84RD4rFLcK4FM1g/en-us",1,1,0,1
,"/en-mx/products/brando-parisian-luxe-army",1,1,0,0
"Checkout","/orders/6ea7ee33c8e2a7cb6588f27f32fb7c45",1,1,0,0
,"/fr-fr/products/greyson-tinted-indigo-1",1,1,0,0
"Checkout","/checkouts/cn/hWN8snaOSZFe514ly1sSB68H/en",1,1,0,1
,"/checkout/21851111488/cn/hWN8da7YlvaFJcczl4yA3gmn/en-us/shoppay",1,1,0,1
"Collection","/collections/eos20",1,1,0,0
,"/en-ca/collections",1,1,0,0
,"/ja-jp/products/bond-polo-fuchsia",1,1,0,0
,"/en-sg/products/pierce-terry-noir",1,1,0,0
"Checkout","/checkouts/cn/hWN89T7pcbtwKlFQOJAw3F7C/en-us",1,1,1,1
"Checkout","/checkouts/cn/hWNALGl0Z1WASzFcWSB1dMg6/en-us/thank-you",1,1,0,0
,"/en-mx/products/brando-cote-divoir",1,1,0,0
,"/en-ae/products/dean-patent-noir",1,1,0,0
,"/en-hk/pages/govx-id-military-discount",1,1,0,0
,"/en-au/pages/meetmonfrere-copy-copy",1,1,0,0
,"/en-at/products/eastwood-oxblood",1,1,0,0
,"/checkout/21851111488/cn/hWN7EyX26Z1Xrz5cQuKfgx9e/en-us/shoppay",1,1,0,1
,"/en-hk/products/brando-parisian-luxe-lagoon",1,1,0,0
,"/en-hk/products/brando-jade",1,1,0,0
"Checkout","/checkouts/cn/hWN9QoEdghIMjo2rvsFqPTKa/en-us/stock-problems",1,1,1,1
"Checkout","/checkouts/cn/hWN8bUKZr446e1D7gkOh5Dus/en-us/stock-problems",1,1,1,1
"Checkout","/checkouts/cn/hWN7eRmrtqJKScn2fCmLJLdA/en-us/",1,1,0,1
,"/en-tw/products/preston-coated-noir",1,1,1,0
,"/en-in/products/cruise-coral",1,1,0,0
,"/en-hr/products/dann-teak",1,1,0,0
,"/en-de/products/caine-espresso",1,1,0,0
,"/checkout/21851111488/cn/hWN8TnFKGp8lI6KtYEkBnKWA/en-us/shoppay",1,1,0,1
"Checkout","/checkouts/cn/hWNAChJc2Ul1XI752r8n4g4o/en-us",1,1,0,1
"Checkout","/orders/5645428e0157a21cd59f1783fc39d498",1,1,0,0
,"/en-ca/products/long-sleeve-tee-ribbed-noir",1,1,0,0
,"/en-tw/products/greyson-oakland",1,1,0,0
,"/en-nz/products/hendrix-calabasas",1,1,0,0
,"/_web_preview/products/brando-parisian-luxe-twilight",1,1,0,0
"Checkout","/checkouts/cn/hWNBG1XwVot0673xPU1rf4T3/en",1,1,0,1
"Checkout","/checkouts/cn/hWN7g6x730tHagxWwm6AomSg/en-np",1,1,0,1
"Checkout","/checkouts/cn/hWN8QXPgG6rCV2bjixEV3jAG/en-us",1,1,0,1
"Checkout","/orders/8951a4c45ebcb5b74d34e43c911718a5",1,1,0,0
,"/en-sg/products/brando-nimes",1,1,0,0
,"/)",1,1,0,0
,"/es-es/collections/core",1,1,0,0
"Checkout","/checkouts/cn/hWN7lhM3UZof4NvODJjb3zc8/en-us",1,1,0,1
"Checkout","/checkouts/cn/hWN96nI3zbtTczxHUFFIs8u8/en-us",1,1,1,1
"Checkout","/checkouts/cn/hWN8IPHqV5LgmnMwfhG7RqHy/en-us",1,1,1,1
"Checkout","/checkouts/cn/hWNAoSMhMAcvgB7D6ZPxWNcX/en-us/",1,1,0,1
,"/en-sg/products/west-coated-noir",1,1,0,0
,"/es-mx/collections/mfvla",1,1,0,0
,"/en-au/collections/fall-winter",1,1,0,0
"Product","/products/cruise-zebra",1,1,0,0
,"/en-ca/collections/new-arrivals-1",1,1,0,0
,"/product=",1,1,0,0
,"/en-es/collections/jackets",1,1,0,0
"Checkout","/checkouts/cn/hWN7OJFzuhkXic8aADfxdKTK/en-us/stock-problems",1,1,0,1
,"/en-au/products/brando-medium-indigo-1",1,1,0,0
,"/en-mx/pages/shipping-policy%20OR%20https:/monfrere-fashion.myshopify.com/policies/shipping-policy",1,1,0,0
"Checkout","/checkouts/cn/hWNB3AOF8o8hQOQfjfr4WmG1/en/stock-problems",1,1,0,1
,"/en-mx/products/brando-needle-cord-plum",1,1,0,0
,"/en-il/products/brando-short-vintage-blanc",1,1,0,0
,"/checkout/21851111488/do/065dabf920c14d879c418bbd87217723/en-us/shoppay",1,1,0,0
,"/checkout/21851111488/cn/hWN8fmEouoW7jyjoA4iCQGt0/en-us/shoppay",1,1,0,1
,"/en-cn/collections/leather",1,1,0,0
,"/en-be/collections/parisian-luxe",1,1,0,0
,"/en-au/products/brando-naples",1,1,0,0
,"/en-hk/products/cruise-noir",1,1,0,0
,"/en-hk/collections/sale-tops",1,1,0,0
,"/en-nz/products/tactical-needle-cord-noir",1,1,0,0
"Checkout","/checkouts/cn/hWN9uZjFCjBz9RYbxKIwB2Qd/en-pt",1,1,0,1
"Checkout","/checkouts/cn/hWNA8zWRzdGjJKZZ2WcweGLC/en-us",1,1,0,1
,"/en-cn/products/brando-needle-cord-juniper",1,1,0,0
"Checkout","/checkouts/cn/hWN9QoCEyfv7ljNecmnSPalt/en-us/stock-problems",1,1,1,1
,"/en-cn/pages/thank-you",1,1,0,0
,"/en-ie/products/maverick-suede-noir",1,1,0,0
,"/checkout/21851111488/cn/hWN8Ym9Ca84TbRAPl4bGt4iY/en-us/shoppay",1,1,0,1
"Checkout","/checkouts/cn/hWN8L6Zs02BwgsqldNOkrmmm/en-us",1,1,0,1
,"/en-cn/products/8938624483578",1,1,0,0
,"/en-mc/collections/final",1,1,0,0
,"/en-hr/products/dann-carbon",1,1,0,0
,"/en-be/products/brando-cote-divoir",1,1,0,0
,"/es-mx/collections/cargo-pant",1,1,0,0
,"/checkout/21851111488/cn/hWN8gEgM6qDWYfsQO5WMD9uS/en/shoppay",1,1,0,1
,"/en-ca/products/dean-neddle-cord-noir-sherpa",1,1,0,0
,"/en-gb/products/bond-shirt-beverly-hills",1,1,0,0
,"/en-kr/collections/brushed-denim",1,1,0,0
"Checkout","/checkouts/cn/hWN9ZZzZkYkCV1fzwGbsnmnh/en",1,1,0,1
,"/en-ca/products/bond-shirt-beverly-hills",1,1,1,0
"Checkout","/checkouts/cn/hWNBRCuMru7js8h3aESL8XYn/en-us",1,1,0,1
,"/checkout/21851111488/cn/hWNA2JTUDtlbH8xrx2hFF5O6/en-us/shoppay",1,1,0,1
"Checkout","/checkouts/cn/hWN7lp8oAEfYK2glOwlXaTjN/en-us/",1,1,0,1
,"/en-tw/pages/privacy-policy",1,1,0,0
,"/en-sg/products/brando-parisian-luxe-jade",1,1,0,0
,"/en-ch/collections/bottoms",1,1,0,0
,"/en-nz/products/brando-linen-noir",1,1,0,0
,"/en-ca/products/noah-suede-cool-grey",1,1,0,0
"Checkout","/checkouts/cn/hWN8Mmrb4Pa4yOFnXwFE3E3e/en-us",1,1,1,1
"Checkout","/orders/03f99b711222fb0d6898ec312533cc76",1,1,0,0
,"/en-kr/products/dean-sarcelle",1,1,0,0
"Checkout","/checkouts/cn/hWN8vNzAvE649HsFVIO0gXeU/en-us",1,1,0,1
,"/en-dk/products/brando-vail",1,1,0,0
,"/_web_preview/pages/meetmonfrere",1,1,0,0
"Customer Account","/account/forgot",1,1,0,0
,"/en-sg/products/deniro-teak",1,1,0,0
,"/fr-fr/collections/viscose",1,1,0,0
,"/en-fr/pages/editorials",1,1,0,0
,"/en-jp/products/dean-distressed-vintage-blanc",1,1,0,0
,"/en-se/products/jeter-varsity-suede-carolina",1,1,0,0
,"/en-gb/products/brando-belmar",1,1,0,0
"Checkout","/orders/a0ee98790677730a6c776595a3a1e8b8",1,1,0,0
,"/checkout/21851111488/cn/hWN8ydQvxZ0L3haiZpjZ4HGq/en-us/shoppay",1,1,0,1
,"/en-be/products/brando-dune",1,1,0,0
,"/he-il/products/brando-noir",1,1,0,0
,"/en-at/products/deniro-noir",1,1,0,0
"Product","/products/holiday-gift-card",1,1,0,0
,"/en-ca/collections/jeans",1,1,0,0
,"/_/service_worker/63a0/sw_iframe.html",1,1,0,0
,"/en-tw/products/brando-indigo-1",1,1,0,0
,"/checkout/21851111488/cn/hWN8tyXXUYST9wJBkkceQgjA/en-us/shoppay",1,1,0,1
"Checkout","/checkouts/cn/hWNBn7LVQto7G47dBrog4fQH/en",1,1,0,1
,"/en-se/collections/comfort-twill",1,1,0,0
"Checkout","/checkouts/cn/hWN77GeFmu7ZoDK7wc4ET5rW/en-gt",1,1,0,1
,"/en-hk/products/cruise-blanc",1,1,0,0
"Collection","/collections/brando-denim",1,1,0,0
,"/en-jp/collections/new-arrivals-1",1,1,0,0
"Checkout","/checkouts/cn/hWN1dXLwF4qRiFqzwqi4LwKm",1,1,0,0
,"/en-sg/collections/jackets",1,1,0,0
"Collection","/collections/bond-short",1,1,0,0
,"/en-in/products/dann-long-slv-vintage-blanc",1,1,0,0
,"/checkout/21851111488/cn/hWN7jBu0nbWm2RnQA7H3549Y/en-us/shoppay",1,1,0,1
,"/en-au/products/noah-suede-noir",1,1,0,0
,"/en-in/products/greyson-tinted-indigo-1",1,1,0,0
,"/en-kr/products/eastwood-needle-cord-plum",1,1,0,0
,"/en-in/products/greyson-noir-leopard",1,1,0,0
,"/checkout/21851111488/cn/hWN8IGjVm2rbNcsL3oRMzJNC/en-us/shoppay",1,1,0,1
,"/checkout/21851111488/cn/hWN9KLXJzxvftu4hx1z0QRgQ/en-us/shoppay",1,1,0,1
,"/es-es/collections/summer-25",1,1,0,0
,"/en-tw/products/milano-noir",1,1,0,0
,"/checkout/21851111488/cn/hWN8iO1diSqcLoKLiZCL9ds9/en-us/shoppay",1,1,0,1
"Checkout","/checkouts/cn/hWN7hEivQLa6nehcoRIxgV6n/en/stock-problems",1,1,0,1
,"/en-jp/products/mfvla-fuschia",1,1,0,0
"Checkout","/checkouts/cn/hWNAnEeP9uQb9X9sOGJp6BDG/en-us",1,1,0,1
"Checkout","/checkouts/cn/hWN8tyXXUYST9wJBkkceQgjA/en-us",1,1,0,1
,"/en-nl/collections/upsell-shorts",1,1,0,0
,"/en-se/collections/shirts",1,1,0,0
"Checkout","/checkouts/cn/hWN7cNBKqlAnwjljEkBMLcdc/en-us",1,1,0,1
"Custom Page","/pages/about-us%20OR%20https:/monfrere-fashion.myshopify.com/pages/about",1,1,0,0
,"/en-gb/collections/ready-to-wear",1,1,0,0
,"/apps/redo/returns-portal/orders/6830e182acb23bea7830fe2a",1,1,0,0
"Custom Page","/pages/ccpa-privacy-policy",1,1,0,0
,"/en-ch/collections/bond-polo-crepe",1,1,0,0
,"/en-es/products/brando-parisian-luxe-faded-blue",1,1,0,0
"Product","/products/deniro-dark-indigo",1,1,0,0
,"/en-mx/collections/bottoms",1,1,0,0
,"/en-cn/products/8779330191610",1,1,0,0
,"/en-ca/collections/stretch-denim-1",1,1,0,0
,"/en-ca/products/brando-parisian-luxe-khaki",1,1,1,1
"Checkout","/checkouts/cn/hWNBFts8uqFHhky74Edltt9V/en",1,1,0,1
,"/es-es/products/bond-short-leather-noir",1,1,0,0
,"/en-fr/products/brando-velvet-noir-1",1,1,0,0
"Checkout","/checkouts/cn/hWN8da7YlvaFJcczl4yA3gmn/en-us",1,1,0,1
,"/en-de/products/brando-parisian-luxe-khaki",1,1,0,0
"Checkout","/orders/680be154e8dad0c5ef3675dc71b274aa",1,1,0,0
"Checkout","/checkouts/cn/hWN8DxmyRKAlF1W0VTTQrMIr/en",1,1,0,1
,"/checkout/21851111488/cn/hWN7Pqs6JgUSj9MprDTaNyQU/en-us/shoppay",1,1,0,1
"Checkout","/checkouts/cn/hWN7J2N2VKx3Y0Nks39IKMMs/en/thank-you",1,1,0,0
"Checkout","/orders/f74920d60c6fb539f49af47de144b122",1,1,0,0
,"/en-mx/products/dann-relaxed-t-velvet-noir",1,1,0,0
,"/en-jp/collections/dean-denim-jacket",1,1,0,0
"Checkout","/checkouts/cn/hWN8Fr2eOQ2kVJhMnapKuWSQ/en-us",1,1,1,1
,"/en-nl/collections/butter-suede",1,1,0,0
,"/en-in/products/preston-blanc",1,1,0,0
,"/en-kr/products/deniro-ink",1,1,0,0
,"/en-kr/collections/all-styles",1,1,0,0
"Checkout","/checkouts/cn/hWN7hgBYHm2FFrMNeUmdfSOQ/en-us/thank-you",1,1,0,0
,"/en-sg/products/pierce-blanc",1,1,0,0
,"/en-gb/products/greyson-tinted-indigo-1",1,1,0,0
,"/en-mx/products/greyson-noir",1,1,0,0
,"/_web_preview/pages/collab",1,1,0,0
"Checkout","/checkouts/cn/hWN9T7jCEcNEmMErKvzUzBY1/en-us",1,1,0,1
"Checkout","/checkouts/cn/hWN9QoDmoLlJ0j1pkPERIcqo/en-us/stock-problems",1,1,1,1
,"/en-gb/products/greyson-toulouse",1,1,0,0
,"/checkout/21851111488/cn/hWN9xjxlBaNRmzh5fTpEB54K/en-us/shoppay",1,1,0,1
,"/_web_preview/pages/faqs",1,1,0,0
,"/fr-fr/collections/jackets/Jacket",1,1,0,0
"Checkout","/checkouts/cn/hWNA6iV5vMdsBWsZMji6AIrK/en-co",1,1,0,1
,"/checkout/21851111488/cn/hWNBRUg7aLxWjct41r7WWJiq/en-us/shoppay",1,1,0,1
"Checkout","/checkouts/cn/hWN9p4ETv0QrBsIIlKKp76Wn/en-us",1,1,0,1
,"/en-ca/products/caine-acid-carbon",1,1,0,0
,"/en-mx/products/brando-ink",1,1,0,0
,"/en-sg/collections/cruise-chino-short",1,1,0,0
,"/en-gb/products/dean-blanc-leather",1,1,0,0
,"/en-cn/products/4441501794368",1,1,0,0
,"/_web_preview/collections/eosale",1,1,0,0
,"/en-ie/products/dean-suede-noir",1,1,0,0
,"/checkout/21851111488/cn/hWN8Uo0IbOATof1SfBQgj6BE/en-us/shoppay",1,1,0,1
,"/en-mc/products/jagger-distressed-noho-skyfall",1,1,0,0
"Checkout","/checkouts/cn/hWN7HmgKrLF4tpQmSR3YymJ8/en-pk",1,1,1,1
,"/checkout/21851111488/do/9fea42e951490efaa4e74582adbc392d/en-us/shoppay",1,1,0,0
"Product","/products/greyson-memphis",1,1,0,0
,"/en-sg/pages/avada-sitemap-blogs",1,1,0,0
"Checkout","/checkouts/cn/hWN8boOZ3p0wjl0Kb7EfRXY9/en-us/stock-problems",1,1,1,1
"Checkout","/orders/e90767eb38b92964091d94101bdcc7a1",1,1,0,0
,"/en-hk/products/brando-belmar",1,1,0,0
"Checkout","/checkouts/cn/hWN7R3QLHTeFEP6CAZ2R8pgQ/en-np",1,1,0,1
,"/en-sg/collections/fps",1,1,0,0
,"/_web_preview/pages/welcome-page",1,1,0,0
,"/ja-jp/pages/stockists",1,1,0,0
,"/en-mc/products/bond-polo-crepe-noir",1,1,0,0
,"/checkout/21851111488/cn/hWNASlDOiTlVN4RkTuOhJ1xS/en-us/shoppay",1,1,1,1
"Checkout","/checkouts/cn/hWN86B98xHCYegCXhtQAMgxX/en-gb",1,1,0,1
,"/en-sa/products/mfvla1-bleached-indigo",1,1,0,0
"Checkout","/checkouts/cn/hWN9yOaRR0HMJBARpxd3QV7Q/en-us",1,1,0,1
,"/he-il/collections/ss23",1,1,0,0
"Checkout","/checkouts/cn/hWNA9sxmcNytcQAqjk8WGi3O/en-us",1,1,0,1
,"/en-ca/collections/all-styles",1,1,0,0
,"/en-tw/collections/straight-leg",1,1,0,0
,"/en-sg/collections/greyson-denim",1,1,0,0
,"/en-de/products/bond-shirt-silk-ivory",1,1,0,0
"Checkout","/orders/83f40cd1e9751e3565a8cfe70fb2cc29",1,1,0,0
,"/en-ca/products/bond-shirt-silk-ivory",1,1,0,0
,"/en-sg/collections/globofilter-best-selling-products-index",1,1,0,0
,"/ja-jp/products/cruise-linen-beige",1,1,0,0
,"/en-ae/products/eastwood-steel",1,1,0,0
"Checkout","/checkouts/cn/hWNAdHRLlMsjkACkUWa4Cye1/en/stock-problems",1,1,0,1
,"/en-in/products/greyson-coated-noir",1,1,0,0
"Checkout","/checkouts/cn/hWN7wdwGo0eV6pdosGHvMDnm/en-np/stock-problems",1,1,0,1
,"/en-ae/products/pierce-ls-noir",1,1,0,0
"Checkout","/orders/e6621f5378f468180c2d670a89ef6f89",1,1,0,0
"Checkout","/checkouts/cn/hWN95hYRNNQfgy3hVCaEN4v2/en-us",1,1,0,1
"Checkout","/checkouts/cn/hWN7gJLBOpZ3PTGtNxh5wEl8/en-ar",1,1,0,1
,"/en-de/products/flynn-san-vicente",1,1,0,0
,"/p=",1,1,0,0
,"/en-sg/search",1,1,0,0
"Checkout","/checkouts/cn/hWN9QoFQklriwhEJ4Tmfl5u6/en-us/stock-problems",1,1,1,1
"Checkout","/checkouts/cn/hWNANBWyW2DQlEldIMqN5QYM/en-us",1,1,1,1
,"/en-gb/collections/bottoms",1,1,0,0
,"/es-mx/products/noah-suede-cool-grey",1,1,0,0
,"/en-sg/collections/spring-25",1,1,0,0
"Checkout","/checkouts/cn/hWN9QoEkcACPO7AViB9OSgLA/en-us/stock-problems",1,1,1,1
,"/en-mx/products/deniro-ink",1,1,0,0
"Checkout","/checkouts/cn/hWNBevnVCljwcJxUB4pYemDS/en-us",1,1,1,1
,"/checkout/21851111488/cn/hWN9CooubmTIPVai4d0JorO4/en-us/shoppay",1,1,0,1
,"/en-ca/collections/parisian-luxe",1,1,0,0
"Checkout","/checkouts/cn/hWNAU3C6lnJlLNa9nPkFe7DG/en-us",1,1,0,1
,"/en-nl/collections/travis",1,1,0,0
"Checkout","/checkouts/cn/hWN8bZwIlWMa3YLinusWIUks/en-us/stock-problems",1,1,1,1
,"/en-ca/products/greyson-noir",1,1,0,0
"Checkout","/orders/c096703b8e6b61b0f6298eaffe2cad60",1,1,0,0
,"/en-sa/products/eastwood-needle-cord-noir",1,1,0,0
,"/en-sg/pages/stockists",1,1,0,0
,"/en-ca/products/cruise-noir",1,1,0,0
"Checkout","/checkouts/cn/hWN7HS3VLx1cmQZJN9IMJiKn/en",1,1,0,1
,"/en-sg/products/cruise-coral",1,1,0,0
,"/checkout/21851111488/cn/hWNB0WfOOCRHckIpvtOzaPJQ/en-us/shoppay",1,1,0,1
,"/en-at/collections/velvet",1,1,0,0
,"/en-ch/collections/sale-2",1,1,0,0
,"/en-ie/products/deniro-triomphe",1,1,0,0
"Checkout","/orders/c7e83f6716b16c219111c3733e0d508e",1,1,0,0
,"/en-ie/products/brando-cote-divoir",1,1,0,0
"Checkout","/checkouts/cn/hWN79q1NI76s7oo473z20NBy/en-us",1,1,0,1
,"/en-se/products/brando-linen-capuccino",1,1,0,0
,"/en-au/products/clint-matteo",1,1,0,0
,"/en-mx/collections/new-arrivals-1",1,1,0,0
,"/en-de/products/brando-vintagee-stone",1,1,0,0
,"/en-it/collections/new-arrivals-bottoms",1,1,0,0
"Checkout","/checkouts/cn/hWN79hR6yfeVji6xxtzjZc8Y/en-us/",1,1,0,1
"Checkout","/checkouts/cn/hWN7CMRRhsM95luxketwVwcU/en-ca/stock-problems",1,1,0,1
,"/en-mx/products/eastwood-smokescreen",1,1,0,0
"Checkout","/orders/a5200cb6171f48e42dc575f52d388041",1,1,0,0
"Product","/products/brando-slim-jeans",1,1,0,0
,"/en-ae/products/brando-jade",1,1,0,0
"Checkout","/checkouts/cn/hWN7waAWMO3afbEkMvvGikAU/en-np/stock-problems",1,1,0,1
,"/en-sg/products/brando-ink",1,1,0,0
"Checkout","/checkouts/cn/hWN8bj0OB201s9Muuma0g7iK/en-us/stock-problems",1,1,1,1
"Checkout","/orders/68c9019604da1b693979e262b5020826",1,1,0,0
,"/checkout/21851111488/cn/hWN9VvciuBcWPX1feqfBpK2z/en-us/shoppay",1,1,0,1
"Checkout","/checkouts/cn/hWNBnvFxkSoiSemnCt53aQQU/en-us",1,1,1,1
"Checkout","/checkouts/cn/hWNAsYY9Nvotqg2oKQrtG3PU/en-us",1,1,0,1
"Product","/products/eastwood-oxblood",1,1,0,0
,"/en-cn/products/mfvla1-bleached-indigo",1,1,0,0
,"/en-sg/collections/all-products",1,1,0,0
"Checkout","/orders/7113ecc8004034fc2f8418181fefdba6",1,1,0,0
"Checkout","/checkouts/cn/hWN7eOfR8EmBr8j5VNOOjP1E/en-ca",1,1,0,1
,"/en-nl/products/greyson-vintage-velvet-carbon",1,1,0,0
,"/en-au/products/YnJhbmRvLX",1,1,0,0
"Checkout","/checkouts/cn/hWN7O5QF9g5KqKkl04iqvGFe/en-us",1,1,0,1
,"/en-nl/products/brando-st-barths",1,1,0,0
,"/fr-fr/collections/mfvla",1,1,0,0
,"/en-ie/products/dean-patent-noir",1,1,0,0
"Product","/products/dann-relaxed-washed-noir",1,1,0,0
"Checkout","/checkouts/cn/hWN8tyXXUYST9wJBkkceQgjA/en-us/",1,1,0,1
"Checkout","/checkouts/cn/hWN8DIAeeIRi9QdkNL3pADMw/en-us",1,1,0,1
"Checkout","/orders/86a28c39735617f25281dd8c628191db",1,1,0,0
,"/en-sg/pages/shipping-returns",1,1,0,0
,"/es-es/products/caine-lincoln",1,1,0,0
,"/en-in/products/dann-noir-stripe-1",1,1,0,0
"Checkout","/checkouts/cn/hWNAJ3gptDPwy0srWZBh2lkX/en-us/thank-you",1,1,0,0
"Checkout","/checkouts/cn/hWN7sqVwpEC48mbIfTZSP46b/en",1,1,0,1
,"/en-mx/products/eastwood-steel",1,1,0,0
"Collection","/collections/elligibe-2",1,1,0,0
"Checkout","/checkouts/cn/hWNA03WDM6HGOKIs71a9ICIs/en-us",1,1,0,1
"Checkout","/checkouts/cn/hWN9CX0U58KnZElmQsnnyAYK/en-co",1,1,0,1
"Checkout","/checkouts/cn/hWNB0z7GX5ShsRgd5KRq4dk2/en-us/thank-you",1,1,0,0
"Checkout","/checkouts/cn/hWNA6gFJwX64W1j5CIVE8cPR/en",1,1,0,1
,"/en-de/products/noah-suede-ivory",1,1,1,0
"Product","/products/dann-noir-stripe-1",1,1,0,0
,"/en-no/products/travis-light-grey",1,1,0,0
,"/en-gb/products/brando-parisian-luxe-light-grey",1,1,0,0
"Checkout","/checkouts/cn/hWNAmoK6kdoTQY3pKYsYdFwI/en-us",1,1,1,1
,"/checkout/21851111488/cn/hWNA9vNKgTGWVBZwz9HlBQxO/en-us/shoppay",1,1,0,1
,"/checkout/21851111488/cn/hWNAHazvQdpIfbaCS6diDs52/en-us/shoppay",1,1,1,1
,"/en-gb/products/noah-suede-ivory",1,1,0,0
,"/en-in/pages/contact-us",1,1,0,0
"Checkout","/checkouts/cn/hWN8G22gJCBUBQ5pka8gQTuq/en-us",1,1,0,1
,"/en-mx/collections/all",1,1,0,0
,"/en-no/products/brando-parisian-luxe-light-grey",1,1,0,0
,"/en-in/products/preston-noir",1,1,0,0
,"/en-tw/pages/sms",1,1,0,0
,"/checkout/21851111488/cn/hWN7zYiyB02WM59o6rF31ILY/en-us/shoppay",1,1,0,1
,"/en-in/products/clint-matteo",1,1,0,0
,"/en-sg/pages/ccpa-privacy-policy",1,1,0,0
"Checkout","/orders/6526e0c069030ab9f12f396074629b14",1,1,0,0
,"/en-de/collections/butter-suede",1,1,0,0
,"/en-mc/products/greyson-vintage-velvet-carbon",1,1,0,0
"Checkout","/checkouts/cn/hWN7hMhu1iNUqIQ3DgQy1Mwi/en-us",1,1,0,1
,"/en-gb/products/ryder-sequin-noir",1,1,0,0
,"/en-ie/collections/shorts-1",1,1,0,0
,"/_web_preview/pages/lgpd-privacy-policy",1,1,0,0
,"/en-cn/products/brando-parisian-luxe-army",1,1,0,0
,"/en-sa/products/brando-needle-cord-juniper",1,1,0,0
,"/en-au/products/dann-long-slv-noir",1,1,0,0
,"/en-ae/products/pierce-noir",1,1,0,0
,"/media",1,1,0,0
,"/en-au/products/mfvla1-leather-noir",1,1,0,0
"Checkout","/orders/be37c18bfc58dbb329e5960ad0029242",1,1,0,0
,"/checkout/21851111488/cn/hWN7IZ9ibrkhOQntaEIWg7Ws/en-us/shoppay",1,1,0,1
,"/_web_preview/products/eastwood-velvet-noir-1",1,1,0,0
,"/checkout/21851111488/cn/hWN8yMb9c52i9Zexbt7ToGwS/en-us/shoppay",1,1,0,1
"Checkout","/checkouts/cn/hWNAsl7RZwJzFUivwkwuNDBY/en-us",1,1,0,1
,"/en-au/collections/mfvla",1,1,0,0
,"/en-au/products/eastwood-needle-cord-plum",1,1,0,0
,"/fr-fr/products/travis-noir-1",1,1,0,0
"Checkout","/checkouts/cn/hWN7Y134gRlkNM3nqJD7hMcz/en-us",1,1,0,1
,"/en-mc/products/clint-blanc-leather",1,1,0,0
,"/checkout/21851111488/do/bdb2dbabd551542404fb71fc92c4d741/en-us/shoppay",1,1,0,0
,"/he-il/collections/clint-denim",1,1,0,0
,"/en-de/collections/core",1,1,0,0
,"/en-cn/collections/brando-velvet",1,1,0,0
"Checkout","/checkouts/cn/hWNARfAFiPzPCC8R3OmWGcE5/en",1,1,0,1
,"/en-ch/search",1,1,0,0
,"/_web_preview/pages/appi-privacy-policy",1,1,0,0
,"/en-hk/pages/about-us",1,1,0,0
,"/en-gb/collections/new-arrivals-tops",1,1,0,0
,"/en-be/products/dean-moss-suede",1,1,0,0
,"/checkout/21851111488/cn/hWN7NY016zzzjwvDezF7LxKM/en-us/shoppay",1,1,0,1
,"/en-jp/collections/best-sellers",1,1,0,0
"Checkout","/checkouts/cn/hWNA9vNKgTGWVBZwz9HlBQxO/en-us",1,1,0,1
,"/en-gb/collections/greyson-skinny-fit",1,1,0,0
,"/en-be/products/brando-parisian-luxe-mocha",1,1,0,0
,"/en-de/products/greyson-oakland",1,1,0,0
,"/en-cn/pages/meetmonfrere",1,1,0,0
,"/en-cn/collections/cruise-chino-short",1,1,0,0
"Checkout","/checkouts/cn/hWN8iKnNPsfnTTQqmEJg1zgm/en-us",1,1,0,0
,"/en-ae/policies/shipping-policy",1,1,0,0
"Product","/products/bran=",1,1,0,0
,"/checkout/21851111488/cn/hWNB0Qhkvg1hbCJo2riD9O5g/en-us/shoppay",1,1,1,1
,"/fr-fr/collections/new-arrivals-1",1,1,0,0
"Checkout","/checkouts/cn/hWN9AplvPMB2N7Myx9PCfHm6/en-us",1,1,0,1
,"/en-be/products/pierce-ls-light-grey",1,1,0,0
"Checkout","/checkouts/cn/hWN9wbOPeHVXBPeZW3mbsh85/en",1,1,0,1
"Product","/products/preston-coated-moon-rock",1,1,0,0
"Collection","/collections/caine-denim",1,1,0,0
"Checkout","/checkouts/cn/hWN8yOBjvgsZVh9283GjIqLY/en-us",1,1,0,1
"Checkout","/checkouts/cn/hWN7CLBj69It9r1k0IES4fvm/en-us",1,1,0,1
,"/en-cn/products/greyson-sorento",1,1,0,0
,"/en-ie/products/brando-vintage-blanc-1",1,1,0,0
"Checkout","/checkouts/cn/hWN7J5MvEOQ7sqaJbAl3LW3W/en-us",1,1,0,1
"Checkout","/checkouts/cn/hWN8RI3XAQy8q8qcZqtboP16/en-us",1,1,0,1
,"/en-sg/products/brando-cote-divoir",1,1,0,0
,"/en-sa/products/greyson-vintage-velvet-carbon",1,1,0,0
,"/en-nl/collections/new-arrivals-1",1,1,0,0
,"/en-fr/products/deniro-empire",1,1,0,0
,"/checkout/21851111488/cn/hWN9XNj56xFAZg6CVuQ8lpCC/en-us/shoppay",1,1,0,1
"Checkout","/checkouts/cn/hWN7eRmrtqJKScn2fCmLJLdA/en-us/thank-you",1,1,0,0
"Checkout","/checkouts/do/a614f9b28a90d6f4ba121e092bde2b7d/en-us",1,1,0,0
"List of Collections","/collections/vendors",1,1,0,0
,"/_web_preview/collections/affiliate-code-sale",1,1,0,0
,"/en-au/products/dann-long-slv-vintage-blanc",1,1,0,0
,"/es-es/products/brando-vintage-blanc",1,1,1,0
,"/en-sg/collections/all",1,1,0,0
,"/en-jp/products/clint-ombre-sand",1,1,0,0
,"/en-hk/collections/all",1,1,0,0
,"/en-de/products/brando-parisian-luxe-noir",1,1,0,0
,"/en-kr/collections/collection",1,1,0,0
,"/en-in/products/brando-parisian-luxe-navy",1,1,0,0
"Checkout","/checkouts/cn/hWN9QoBpNcEtoTSlB94mqXn0/en-us/stock-problems",1,1,1,1
,"/en-jp/collections/sateen",1,1,0,0
,"/checkout/21851111488/cn/hWN7LCZX2ChqvyxyoxIilmIU/en-us/shoppay_login",1,1,0,0
,"/en-sa/collections/sale-2",1,1,0,0
,"/fr-fr/products/bond-shirt-silk-noir",1,1,0,0
,"/en-de/products/brando-eiffel-tower",1,1,0,0
,"/en-ca/collections/jackets",1,1,0,0
,"/en-sg/products/maverick-suede-cool-grey",1,1,0,0
,"/en-mx/products/brando-parisian-luxe-light-grey",1,1,0,0
,"/en-au/products/bond-short-light-grey",1,1,0,0
,"/checkout/21851111488/cn/hWN9CZEoRUBVe6ozBsOVu5ma/en-co/shoppay",1,1,0,1
,"/en-sg/products/travis-sage",1,1,0,0
,"/en-in/products/maverick-rodeo-drive",1,1,0,0
,"/en-ie/products/greyson-tinted-indigo-1",1,1,0,0
,"/en-nz/products/pierce-ls-light-grey",1,1,0,0
"Custom Page","/pages/bfcm",1,1,0,0
,"/checkout/21851111488/cn/hWN9sfNyeoUQaCG3fknB6UsL/en-us/shoppay",1,1,0,1
,"/es-mx/collections/leather",1,1,0,0
"Collection","/collections/brando-slim-fi",1,1,0,0
,"/en-fr/products/dann-sage-stripe",1,1,0,0
,"/en-ch/products/dann-luxe-gris",1,1,0,0
"Checkout","/checkouts/cn/hWN7Bj18xdapyZy4VOiVnw70/en-us",1,1,0,1
,"/checkout/21851111488/cn/hWN7HfYzhoYgKiSgIMOfLTPO/en-us/shoppay",1,1,0,1
,"/en-in/pages/privacy-policy",1,1,0,0
,"/en-ch/account",1,1,0,0
,"/en-au/products/ZWFzdHdvb2",1,1,0,0
"Checkout","/checkouts/cn/hWN78MG8zQSH3fOatNJtSFUI/en/thank-you",1,1,0,0
,"/en-ca/policies/shipping-policy",1,1,0,0
"Checkout","/orders/8de803915786b9c01a14ce572f21f782",1,1,0,0
,"/checkout/21851111488/cn/hWN8wvBM61svaMlvTNQtRNjk/en-us/shoppay",1,1,1,1
,"/es-mx/products/eastwood-navy",1,1,0,0
,"/checkout/21851111488/cn/hWN87JYogY1z8ZzaGQ4b2yO2/en-us/stock-problems",1,1,0,1
"Checkout","/checkouts/cn/hWN9Hr62Ff6jCvuNJlWxQRMX/en-us",1,1,0,1
,"/en-sg/pages/contact",1,1,0,0
"Checkout","/checkouts/cn/hWNB4pwNhjnp9bCZMWsXHTmc/en-us",1,1,0,1
,"/en-ch/products/brando-aged-indigo",1,1,0,0
,"/en-sg/pages/faq",1,1,0,0
,"/en-de/products/brando-needle-cord-juniper",1,1,0,0
,"/en-sg/products/brando-noir",1,1,0,0
"Checkout","/checkouts/cn/hWN9ZhSHonrgsA77wtYvl61J/en",1,1,0,1
"Checkout","/checkouts/cn/hWN7htBXkRz4eyJqL3pJA9bk/en-us",1,1,0,1
,"/es-mx/pages/ccpa-privacy-policy",1,1,0,0
,"/en-ie/products/travis-noir",1,1,0,0
,"/en-nl/products/eastwood-smokescreen",1,1,0,0
,"/contact",1,1,0,0
,"/en-ca/products/dean-patent-noir",1,1,0,0
"Checkout","/orders/3ef6fc22f20ff3a22c93ba830a081a4d",1,1,0,0
"Checkout","/checkouts/cn/hWNA2Q14SCz1v2D94lj5BWQT/en-us",1,1,0,1
,"/es-mx/products/brando-french-terry-wrangler",1,1,0,0
,"/en-hr/collections/preston",1,1,0,0
"Checkout","/checkouts/cn/hWN8fmEouoW7jyjoA4iCQGt0/en-us/thank-you",1,1,0,0
,"/en-hr/collections/4th-of-july-sale",1,1,0,0
"Checkout","/checkouts/cn/hWN7boOGc0EPXNxbnrPTzAQ6/en-us/stock-problems",1,1,0,1
,"/en-ca/products/brando-velvet-carbon",1,1,0,0
,"/en-sa/pages/sizing-chart",1,1,0,0
,"/checkout/21851111488/cn/hWN9zhuKEy4WJ1l55dVNqgTa/en-us/shoppay",1,1,0,1
,"/en-sa/products/tactical-noir",1,1,0,0
,"/en-hk/pages/editorials",1,1,0,0
,"/en-no/products/trooper-army",1,1,0,0
,"/en-sa/products/dean-jacket-vin-wax-coated",1,1,0,0
,"/en-jp/collections/greyson-skinny-fit",1,1,0,0
,"/en-sa/products/caine-espresso",1,1,1,1
"Checkout","/checkouts/cn/hWNAcR2rnGvtc1GIUh1LK52e/en-us",1,1,0,1
"Checkout","/orders/23375cd68a94c849b278401b28ac0a2b",1,1,0,0
,"/en-mx/products/noah-suede-noir",1,1,0,0
,"/en-sg/collections/deniro-slim-straight-fit",1,1,0,0
,"/en-cn/products/bond-polo-blanc",1,1,0,0
"Checkout","/checkouts/cn/hWN8OyXjS1395p9YtDDrCuL2/en-us",1,1,0,1
,"/en-sg/collections/best-sellers",1,1,0,0
,"/en-it/products/brando-st-barths",1,1,0,0
,"/en-mc/pages/govx-id-military-discount",1,1,0,0
,"/en-cn/collections/henley",1,1,0,0
,"/en-hk/policies/terms-of-service",1,1,0,0
,"/checkout/21851111488/cn/hWN7pOg1IjCZTHLxUlRULoJ8/en-us/shoppay",1,1,0,1
,"/en-gb/collections/brando-french-terry",1,1,0,0
,"/en-no/products/dean-mf-daily",1,1,0,0
,"/en-ch/collections/deniro",1,1,0,0
,"/en-il/products/travis-blanc",1,1,0,0
,"/en-in/collections/viscose",1,1,0,0
,"/en-ca/products/brando-needle-cord-plum",1,1,0,0
,"/en-in/collections/greyson-skinny-fit",1,1,0,0
,"/checkout/21851111488/cn/hWN8izOvq26xfA9ZlzYPs8EU/en-us/shoppay",1,1,0,1
"Checkout","/checkouts/cn/hWN9QoEQ6GySd7eG14bN7TdA/en-us/stock-problems",1,1,1,1
"Checkout","/checkouts/cn/hWNAEOy16agCpUMSLygWLZzU/en-us",1,1,0,1
"Product","/products/d=",1,1,0,0
,"/en-mx/collections/brando-colors",1,1,0,0
"Custom Page","/pages/shipping-policy",1,1,0,0
"Checkout","/checkouts/cn/hWNAWl057VpPIH9atymgXpju/en-us",1,1,1,1
"Checkout","/checkouts/cn/hWN7IZ9ibrkhOQntaEIWg7Ws/en-us",1,1,0,1
,"/checkout/21851111488/cn/hWN8by4a4m8JOn72rGpu6fC5/en-us/stock-problems",1,1,0,1
"Checkout","/checkouts/cn/hWN7fCsCollfbwz5ZcqF3yNe/en-np",1,1,0,1
"Collection","/collections/trooper",1,1,0,0
,"/checkout/21851111488/cn/hWNA5WZHzv65evGYnkv7SEM6/en-us/shoppay",1,1,0,1
,"/en-nl/pages/meetmonfrere",1,1,0,0
"Checkout","/checkouts/cn/hWN7r2RqFKy9k4TQy2IM8Mx6/en-us",1,1,0,1
"Checkout","/orders/382c888c3275fdd2b0c214ebf60f2dec",1,1,0,0
"Collection","/collections/brando-parisian-luxe",1,1,0,0
,"/en-es/products/travis-grey",1,1,0,0
,"/en-cn/products/8938623238394",1,1,0,0
,"/en-mc/products/dann-turtle-neck-noir",1,1,0,0
,"/he-il/products/dann-teak",1,1,0,0
,"/checkout/21851111488/cn/hWN7v4KkvrJ8jSpVUTSvL41I/en-us/shoppay",1,1,0,1
,"/he-il/collections/flynn-denim",1,1,0,0
,"/en-jp/products/dann-long-slv-noir",1,1,0,0
,"/en-au/products/brando-parisian-luxe-army",1,1,0,0
"Checkout","/orders/d1e83731caa84c88fe72696183271d14",1,1,0,0
"Product","/products/dean-jacket",1,1,0,0
,"/en-mx/collections/leather",1,1,0,0
,"/es-es/products/brando-parisian-luxe-noir",1,1,0,0
,"/en-cn/products/brando-mineral-green",1,1,0,0
"Checkout","/orders/5e53bae404c0629b8b209f8673099309",1,1,0,0
,"/en-cn/products/deniro-malibu",1,1,0,0
,"/checkout/21851111488/cn/hWN8W4HWRA89SCcweTtjcGmX/en-mx/shoppay",1,1,0,1
,"/en-nz/products/travis-blanc",1,1,0,0
,"/en-ae/products/brando-velvet-carbon",1,1,0,0
"Product","/products/noir",1,1,0,0
,"/he-il/collections/trooper",1,1,0,0
,"/fr-fr/collections/stretch-linen",1,1,0,0
,"/en-dk/products/trooper-army",1,1,0,0
,"/en-ch/products/maverick-suede-taupe",1,1,0,0
,"/en-hr/collections/cargo-pant",1,1,0,0
"Checkout","/checkouts/cn/hWNB6xlqGyl7zuQBwGnuXIxO/en-us/thank-you",1,1,0,0
"Checkout","/orders/ac0ef70898c55e1b14feb26ffdd98dec",1,1,0,0
"Checkout","/checkouts/cn/hWN9vEwIUrnu4ZBac0QRd5eC/en-us",1,1,0,1
"Collection","/collections/mfvla",1,1,0,0
"Checkout","/checkouts/cn/hWN7VF3qVfXyMt0MZdbQ63zV/en/stock-problems",1,1,0,1
,"/ja-jp/collections/denim",1,1,1,1
"Checkout","/checkouts/cn/hWN7ZPgI4mXwHnaX00SupGkt/en-nl",1,1,0,1
"Checkout","/checkouts/cn/hWNAzsqqWFxdP7IpMEqglwGI/en-us",1,1,1,1
,"/es-mx/products/brando-indigo-1",1,1,0,0
,"/en-il/products/bond-polo-fuchsia",1,1,0,0
,"/en-cn/products/6930532401349",1,1,0,0
"Custom Page","/pages/frequently-asked-questions",1,1,0,0
,"/en-ae/products/brando-naples",1,1,0,0
,"/checkout/21851111488/cn/hWNA9gFMXNfSQ91beocESB0S/en-us/shoppay",1,1,0,1
,"/es-mx/products/lenny-opera",1,1,1,0
,"/en-it/products/greyson-coated-noir",1,1,0,0
"Checkout","/checkouts/cn/hWN8245wE6J5wr7RQXVo9x7h/en-us",1,1,1,1
,"/en-sa/products/brando-florentine",1,1,0,0
,"/en-nl/collections/coated-1",1,1,0,0
"Custom Page","/pages/frequently-asked-question",1,1,0,0
"Checkout","/checkouts/cn/hWN9QoD44KSWkHAuBBMZDa4n/en-us/stock-problems",1,1,1,1
"Product","/products/eastwood-bone",1,1,0,0
,"/en-cn/collections/jackets",1,1,0,0
,"/en-mx/products/brando-toulouse",1,1,0,0
,"/en-sg/collections/cooper-shirt",1,1,0,0
,"/en-au/products/deniro-malibu",1,1,0,0
"Checkout","/checkouts/cn/hWN940bHxle0FnjTTYRpCAML/en",1,1,0,1
"Checkout","/checkouts/cn/hWNAGgsqCq9tW7cSzwxkhENG/en-us",1,1,1,1
,"/en-sa/products/brando-parisian-luxe-khaki",1,1,0,0
,"/en-nl/collections/eosale",1,1,0,0
,"/en-ie/collections/all-products",1,1,0,0
,"/ja-jp/products/dann-sage-stripe",1,1,0,0
,"/en-no/collections/collection",1,1,0,0
,"/checkout/21851111488/cn/hWN7n70KcQycy3kKH5vPtKsi/en-us/shoppay",1,1,0,1
"Checkout","/checkouts/cn/hWN9QeM6zCc3zounQcjLfuLa/en-us",1,1,0,1
,"/en-fr/products/clint-matteo",1,1,0,0
,"/en-cn/collections/pierce",1,1,0,0
,"/en-au/products/brando-short-light-grey",1,1,0,0
,"/checkout/21851111488/do/b2a9a53d111fc128e0f8cefb6afee123/en-us/shoppay",1,1,0,0
,"/en-hr/products/brando-parisian-luxe-noir",1,1,0,0
"Checkout","/orders/fca019fab111269f81d0e028f82b30b8",1,1,0,0
,"/checkout/21851111488/cn/hWNAzQb2sey3IEnzsgW0n8vY/en-us/shoppay",1,1,0,1
,"/en-de/products/cruise-coral",1,1,0,0
,"/en-it/products/cruise-noir",1,1,0,0
,"/en-nl/products/dann-long-crepe-taupe",1,1,0,0
"Checkout","/checkouts/cn/hWNAHFOTvjPPGTi5ZlSTHacr/en",1,1,0,1
,"/en-it/pages/stockists",1,1,0,0
,"/en-mc/products/justin-noir",1,1,0,0
"Checkout","/checkouts/cn/hWN8yMb9c52i9Zexbt7ToGwS/en-us/",1,1,0,1
,"/en-de/products/cruise-noir",1,1,0,0
,"/en-ca/products/eastwood-tartan",1,1,0,0
,"/en-in/collections/straight-leg",1,1,0,0
,"/en-fr/collections/butter-suede",1,1,0,0
"Checkout","/checkouts/cn/hWN9p4ETv0QrBsIIlKKp76Wn/en-us/thank-you",1,1,0,0
,"/en-it/collections/new-arrivals-1",1,1,0,0
,"/en-sg/products/brando-cairo",1,1,0,0
,"/es-mx/products/brando-linen-blanc",1,1,0,0
,"/en-hr/collections/skinny",1,1,0,0
,"/en-de/products/bond-short-light-grey",1,1,0,0
"Checkout","/checkouts/cn/hWN8B9A4UcVqkK7aJBlpAeoC/en-us",1,1,0,1
"Checkout","/checkouts/cn/hWN8w5E3vx2Q7WXN7kLNX5bm/en-us",1,1,0,1
"Product","/products/bond-shirt-silk-noir",1,1,0,0
"Checkout","/checkouts/cn/hWN8ydQvxZ0L3haiZpjZ4HGq/en-us",1,1,0,1
,"/en-sa/products/jeter-varsity-suede-carolina",1,1,0,0
,"/es-es/products/bond-short-blanc",1,1,0,0
"Checkout","/checkouts/cn/hWN7lp8oAEfYK2glOwlXaTjN/en-us/thank-you",1,1,0,0
"Checkout","/checkouts/cn/hWN7qKtC1TCJvDYEZg3yVPPd/en/thank-you",1,1,0,0
"Checkout","/checkouts/cn/hWNBU4B78AzLhn9lsaLjMaf3/en-us",1,1,1,1
,"/en-de/products/noah-suede-noir",1,1,0,0
,"/en-de/products/cruise-pastel-pink",1,1,0,0
,"/en-sa/products/brando-indigo-1",1,1,0,0
"Checkout","/orders/b462a61e9dd46f2a9bec275fcdd1f426",1,1,0,0
"Checkout","/checkouts/cn/hWN9r8xHwpuyDtqv2s0cB4h6/en-us",1,1,0,1
"Checkout","/checkouts/cn/hWNByIAv46NQvNgfJTXNulaz/en",1,1,0,1
,"/en-sa/products/brando-tinted-indigo",1,1,0,0
,"/he-il/collections/comfort-twill",1,1,0,0
"Checkout","/orders/ab6211ede354f40eb85ff2f290375bb1",1,1,0,0
,"/en-nz/products/bond-short-le-club",1,1,0,0
"Checkout","/checkouts/cn/hWN9mlpXocD4pGuGCw6MKRfd/en",1,1,0,1
,"/en-cn/collections/dann",1,1,0,0
,"/en-nl/products/cruise-almond",1,1,0,0
,"/he-il/products/brando-parisian-luxe-mocha",1,1,0,0
,"/en-jp/pages/shipping-returns",1,1,0,0
,"/en-es/products/brando-parisian-luxe-army",1,1,0,0
,"/en-gb/products/brando-short-vintage-blanc",1,1,0,0
,"/en-mc/products/cruise-linen-beige",1,1,0,0
,"/es-mx/collections/brando-slim-fit",1,1,0,0
"Checkout","/orders/7c33751e66aa4d9b866750ba7145dccf",1,1,0,0
,"/en-jp/collections/ldw-sale",1,1,0,0
,"/en-es/collections/t-shirts",1,1,0,0
,"/en-ae/collections/eosale",1,1,0,0
,"/en-dk/products/brando-florentine",1,1,0,0
,"/en-jp/products/jalen-vintage-leopard",1,1,0,0
"Checkout","/checkouts/cn/hWN8Dam369rMju4g9TAJmKdF/en-us",1,1,0,1
,"/en-in/products/cooper-suede-espresso",1,1,0,0
,"/en-es/products/mfvla1-striped-indigo",1,1,0,0
,"/en-gb/products/clint-matteo",1,1,0,0
,"/en-sg/collections/lenny-denim",1,1,0,0
"Checkout","/orders/fad54f54ddbdeb7539ad1d2c90aadc17",1,1,0,0
"Checkout","/checkouts/cn/hWN9Ooo1AiAjuOB9RJL9z1BB/en",1,1,0,1
,"/en-in/products/greyson-vintage-velvet-carbon",1,1,0,0
"Checkout","/checkouts/cn/hWN9UnRQgqCF5wNxmFBvpDQg/en-us",1,1,0,1
,"/en-sg/pages/section-preview",1,1,0,0
"Checkout","/checkouts/cn/hWN9Ww18SmRyeTVn7VYRatN5/en-us",1,1,0,1
"Checkout","/checkouts/cn/hWN8NhQLOHvD77HChbGkop8y/en-us",1,1,0,1
,"/en-nz/products/brando-short-mineral-green",1,1,0,0
,"/he-il/cart",1,1,0,0
,"/checkout/21851111488/cn/hWN7YuT8kwguEGiftB6hVmni/en-us/shoppay",1,1,0,1
,"/es-es/pages/try-first-pay-later",1,1,0,0
,"/checkout/21851111488/cn/hWN7Sh4pKbunRGFoH5ZhbYhe/en-us/shoppay",1,1,0,1
"Checkout","/checkouts/cn/hWN9HWyOjOja56HUydUza31E/en-us",1,1,0,1
"Custom Page","/pages/welcome-page",1,1,0,0
,"/_web_preview/pages/try-first-pay-later",1,1,0,0
,"/en-nz/products/jayden-sarcelle",1,1,0,0
"Checkout","/checkouts/cn/hWNA78LaLNSkhnRZOWXEfKkL/en/thank-you",1,1,0,0
,"/checkout/21851111488/cn/hWNAwgzbFonmuyrV6SKDxEQC/en-us/stock-problems",1,1,0,1
,"/en-au/products/greyson-sorento",1,1,0,0
"Checkout","/checkouts/cn/hWN9nk5azfkavWNjDQyY10xW/en-us",1,1,1,1
,"/es-mx/collections/spring-summer",1,1,0,0
"Product","/products/greyson-velvet-cork",1,1,0,0
"Checkout","/checkouts/cn/hWNAJ9LQCm1d3CSOJAxlO5ju/en-us",1,1,0,1
"Checkout","/checkouts/cn/hWN9HMNxAltjs6VpnTMJba9x/en-us",1,1,1,1
,"/es-mx/collections/butter-suede",1,1,0,0
"Checkout","/checkouts/cn/hWNA6fyIrGXSeNr97biatitt/en",1,1,0,1
,"/en-ca/products/bond-short-le-club",1,1,0,0
,"/en-ie/pages/about-us",1,1,0,0
"Checkout","/checkouts/cn/hWNBIM3urKWrkXE1yGcQegqe/en-us",1,1,0,1
,"/en-au/products/pierce-terry-light-grey",1,1,0,0
"Checkout","/checkouts/cn/hWN8wVSNjMTTuEExyMBWNQc4/en-us",1,1,0,1
,"/en-il/collections/butter-suede",1,1,0,0
,"/en-cn/products/%7B%7B%20root_url%20%7D%7D/collections/%7B%7B%20collection.handle%20%7D%7D",1,1,0,0
"Checkout","/checkouts/cn/hWN96fTCFV4CQ64aCduHd3go/en-us",1,1,1,1
"Checkout","/checkouts/cn/hWN7CHF4uqysCeLlaFrbtUaQ/en-us",1,1,0,1
,"/en-nz/products/ryder-sequin-noir",1,1,0,0
,"/checkout/21851111488/do/50500e349a39491ff19972600e17556b/en-us/shoppay",1,1,0,0
"Checkout","/checkouts/cn/hWN7Ofodxs3FxCGAxhYW0eck/en-vn",1,1,0,1
"Product","/products/cruise-marine",1,1,0,0
"Checkout","/orders/2341c4b5fce90d8a9535288b67acc204",1,1,0,0
"Checkout","/checkouts/cn/hWN9OrZtVA82plQyQGnpVkHJ/en",1,1,0,1
,"/en-gb/collections/best-sellers",1,1,0,0
,"/checkout/21851111488/cn/hWNBd0uZgrRKzd3fkrvLAb9V/en-us/stock-problems",1,1,0,1
,"/en-jp/policies",1,1,0,0
,"/en-ch/products/brando-coral",1,1,0,0
,"/en-dk/collections/avada-best-sellers",1,1,0,0
,"/checkout/21851111488/cn/hWNAzR1saZ8DN07UEKvVQR6e/en-us/shoppay",1,1,1,1
,"/es-mx/collections/collection",1,1,0,0
,"/en-nz/products/brando-ink",1,1,0,0
"Checkout","/checkouts/cn/hWN8kYl89wrMDCbtlpGlj8PI/en-us",1,1,0,1
,"/en-sg/products/brando-toulouse-1",1,1,0,0
"Checkout","/checkouts/cn/hWN8d8dsJeKz5q02B1yyyQxm/en-us/stock-problems",1,1,1,1
,"/en-sg/products/greyson-toulouse",1,1,0,0
,"/en-ch/products/caine-vintage-plum",1,1,0,0
"Checkout","/checkouts/cn/hWNAHbvkDtKf4ek3MOsZNXS4/en-us",1,1,0,1
,"/en-hk/products/bond-short-light-grey",1,1,0,0
,"/en-in/products/caine-lincoln",1,1,0,0
"Checkout","/orders/0a64034cd5b11a24643dcbaf17fd76ca",1,1,0,0
"Checkout","/checkouts/cn/hWN8ijiFSczxLnMwqfv5xAgL/en",1,1,0,1
"Checkout","/checkouts/cn/hWN8DxjAW6pcYk1fuVyk1HuL/en",1,1,0,1
,"/en-se/products/dean-patent-noir",1,1,0,0
"Product","/products/monfrere-greyson-noir-black-stretch-denim-skinny-five-pocket-jean",1,1,0,0
"Checkout","/checkouts/cn/hWN7nu6XCTlA2WlRyE2omX2Y/en-us/thank-you",1,1,0,0
,"/en-sg/collections/shirts",1,1,0,0
,"/checkout/21851111488/cn/hWN8NnHuYO97GQwpoWaSYO1p/en-us/shoppay",1,1,1,1
"Checkout","/checkouts/cn/hWNAcgrk5lmqRLHqqcVL8xl4/en-us",1,1,1,1
"Checkout","/orders/4a0e8fdad47b4d1c88328e87f24df4ad",1,1,0,0
,"/en-sg/collections/leather",1,1,0,0
"Checkout","/checkouts/cn/hWN8cedwV22f8CrLEzRPM3sX/en",1,1,0,1
"Checkout","/checkouts/cn/hWN7JG59isbQE2qeHoc7wkgz/en",1,1,0,1
,"/en-hk/products/dean-noir",1,1,0,0
,"/en-ca/products/jagger-distressed-noho-skyfall",1,1,0,0
,"/en-in/pages/subscribe",1,1,0,0
,"/en-be/collections/new-arrivals-bottoms",1,1,0,0
"Collection","/collections/globofilter-best-selling-products-index",1,1,0,0
,"/en-hr",1,1,0,0
,"/en-au/products/brando-short-mineral-green",1,1,0,0
,"/en-jp/products/brando-twilight-needle-cord",1,1,0,0
,"/en-sg/collections/home-page",1,1,0,0
,"/en-cn/products/caine-matteo",1,1,0,0
"Product","/products/brando-velvet-steel",1,1,0,0
,"/_web_preview/pages/rebuy-notes",1,1,0,0
,"/en-cn/pages/faq",1,1,0,0
,"/en-gb/products/eastwood-suede-steel-blue",1,1,0,1
,"/en-ie/products/maverick-suede-cool-grey",1,1,0,0
,"/checkout/21851111488/cn/hWN9LuyGgMMM4QifLeOeZtwu/en-us/shoppay",1,1,0,1
,"/en-tw/collections/fps",1,1,0,0
,"/en-mx/products/dean-acid-blue",1,1,0,0
"Custom Page","/pages/section-preview",1,1,0,0
,"/es-mx/collections/straight-leg",1,1,0,0
,"/en-ch/products/dean-noir",1,1,0,0
,"/en-ie/pages/shipping-returns",1,1,0,0
,"/fr-fr/products/dean-acid-blue",1,1,0,0
"Checkout","/checkouts/cn/hWN9QoDtBBu36kBxZZok2YRc/en-us/stock-problems",1,1,1,1
,"/en-ch/collections/holiday-gift-guide",1,1,0,0
"Checkout","/checkouts/cn/hWNAGVa7zTWTDHjqgbUg6cZ6/en-us",1,1,0,1
,"/en-no/collections/shirts",1,1,0,0
,"/es-mx/products/preston-coated-noir",1,1,0,0
,"/en-au/products/brando-velvet-noir-1",1,1,0,0
,"/en-sa/products/brando-parisian-luxe-jade",1,1,0,0
,"/en-se/products/brando-parisian-luxe-khaki",1,1,0,0
,"/checkout/21851111488/cn/hWNBk6zc9sIFQHdx2qYboT0E/en-us/shoppay",1,1,0,1
,"/en-ie/products/greyson-haze",1,1,0,0
,"/en-cn/pages/pipeda-privacy-policy",1,1,0,0
,"/checkout/21851111488/cn/hWN8NGVNljmVLJPArBI0M3Zi/en-us/shoppay",1,1,0,1
,"/en-mc/products/dann-shirt-toffee",1,1,0,0
"Checkout","/checkouts/cn/hWN8WYY9miXW4K4FPEE2Omhu/en-us",1,1,0,1
,"/en-kr/collections/dean-denim-jacket",1,1,0,0
,"/en-ie/products/lenny-wilshire",1,1,0,0
"Collection","/collections/404",1,1,0,0
"Checkout","/orders/dfadd88f8c7d6623fde648247130bf6c",1,1,0,0
"Checkout","/checkouts/cn/hWN9jUmida334TKDzRAoRxaL/en-us",1,1,0,1
"Checkout","/checkouts/cn/hWNA5saIBVfh9zuFJ5nVXJsP/en-us",1,1,0,1
,"/en-sg/collections/deniro",1,1,0,0
,"/en-be/products/cruise-linen-sage",1,1,0,0
"Product","/products/greyson-rouge",1,1,0,0
,"/en-at/products/brando-oakland",1,1,0,0
,"/monfrere-fashion/products",1,1,0,0
,"/en-ca/products/cruise-coral",1,1,0,0
"Checkout","/orders/42eaa1106ee9ab7d967c85edca6ac2f2",1,1,0,0
,"/en-sg/collections/sale-tops",1,1,0,0
,"/en-ca/pages/stockists",1,1,0,0
,"/en-nz/products/eastwood-khaki",1,1,0,0
,"/en-ch/collections/butter-suede",1,1,0,0
,"/es-es/products/brando-indigo-1",1,1,0,0
,"/en-hk/products/greyson-noir",1,1,0,0
,"/en-be/products/brando-jade",1,1,0,0
"Checkout","/checkouts/cn/hWN8OZDLRd8ug1nnAtUgtQqP/en",1,1,0,1
,"/en-nz/products/trooper-army",1,1,0,0
"Product","/products/brando-hamburg",1,1,0,0
"Checkout","/orders/67985b5b2c34b5ebdc011faeb4bbbd06",1,1,0,0
,"/en-kr/pages/govx-id-military-discount",1,1,0,0
,"/en-ca/products/pierce-terry-noir",1,1,0,0
"Checkout","/orders/aafd28247d1bcec712ad9bb6a7c9b7b9",1,1,0,0
"Checkout","/checkouts/cn/hWN7hElG9F4RBzbwVyLMyIt7/en/stock-problems",1,1,0,1
,"/en-ca/products/caine-mf-leopard-flock",1,1,1,0
"Checkout","/checkouts/cn/hWN7OJFzuhkXic8aADfxdKTK/en-us",1,1,0,1
,"/en-hk/products/brando-needle-cord-plum",1,1,0,0
"Checkout","/checkouts/cn/hWN7eVkbhY4XpLdGrBWt31l3/en-us/stock-problems",1,1,0,1
,"/en-nl/products/brando-needle-cord-plum",1,1,0,0
,"/en-jp/products/brando-santa-monica",1,1,0,0
,"/checkout/21851111488/cn/hWNAM48I9R27l8jArCTnK5VS/en-us/shoppay",1,1,0,1
"Checkout","/orders/a324aa41d6699521599f363d6cc27e7d",1,1,1,0
"Checkout","/checkouts/cn/hWNBvptm2bZ9kSR0uFFZX2KQ/en-us",1,1,1,1
"Checkout","/checkouts/cn/hWN8DSpoyo55AuSLvkGGAK4G/en-us",1,1,0,1
,"/checkout/21851111488/cn/hWN7HYkohAxBGeSA2orH8otu/en-us/shoppay",1,1,0,1
,"/fr-fr/products/deniro-ink",1,1,0,0
,"/checkout/21851111488/cn/hWN7V1folS1HdJPXuUHHgsT4/en-us/shoppay",1,1,0,1
,"/en-mc/products/brando-vail",1,1,0,0
"Checkout","/checkouts/cn/hWN9EeVLYVKTbiXAtEtARZy5/en-us",1,1,0,1
,"/en-hr/products/dann-relaxed-t-blanc",1,1,0,0
,"/produc=",1,1,0,0
,"/en-sa/products/dean-neddle-cord-noir-sherpa",1,1,0,0
"Checkout","/checkouts/cn/hWN9NmfAaeQIhVGwHne8r8x0/en-us/thank-you",1,1,0,0
,"/en-sg/collections/dean-denim-jacket",1,1,0,0
,"/en-fr/products/maverick-suede-cool-grey",1,1,0,0
,"/es-es/collections/eosale",1,1,0,0
"Checkout","/checkouts/cn/hWN8MtGyrPl54emsRJc6CIPj/en-hr",1,1,0,1
"Checkout","/checkouts/cn/hWN7WKaovhjaLoe8M24L4NMY/en-us",1,1,0,1
,"/en-jp/products/deniro-linen-sky",1,1,0,0
,"/en-de/collections/dean-denim-jacket/products/dean-jacket-velvet-bleu",1,1,0,0
,"/en-sg/products/justin-noir",1,1,0,0
,"/en-au/collections/butter-suede",1,1,0,0
,"/en-ch/products/justin-sandstorm",1,1,0,0
,"/en-sg/collections/eligible-2",1,1,0,0
,"/en-it/collections/parisian-luxe",1,1,0,0
,"/en-sg/collections/walker",1,1,0,0
"Checkout","/checkouts/cn/hWN7HKw3HN98UT7Pwc3hguF0/en-us",1,1,1,1
"Checkout","/checkouts/cn/hWN86QWeiqMRgZrcxppGU5jN/en-us",1,1,0,1
,"/en-nz/products/noah-suede-cool-grey",1,1,0,0
,"/he-il/collections/name-your-price",1,1,0,0
,"/checkout/21851111488/cn/hWN7eRmrtqJKScn2fCmLJLdA/en-us/shoppay",1,1,0,1
"Checkout","/checkouts/cn/hWNBpmOKUhWx0VxqV2ywDUee/en-us/",1,1,0,1
,"/es-mx/collections/early-access",1,1,0,0
,"/en-sg/collections/core",1,1,0,0
,"/es-mx/collections/t-shirts",1,1,0,0
,"/en-sg/products/preston-noir-flare",1,1,0,0
,"/_preview/products/eastwood-velvet-noir-1",1,1,1,0
"Checkout","/checkouts/cn/hWN7HS2AlNjt4Y65fAy8lDY9/en",1,1,0,1
,"/en-au/collections/brando-denim",1,1,0,0
,"/en-sa/products/maverick-suede-taupe",1,1,0,0
,"/en-kr/collections/cargo-pant",1,1,0,0
,"/en-hr/products/brando-noir-needle-cord",1,1,0,0
,"/en-ch/products/brando-velvet-saddle",1,1,0,0
,"/en-sg/products/greyson-slash-vintage",1,1,0,0
,"/checkout/21851111488/cn/hWN7bntZRXaw1ye2JWakR0zq/en-us/stock-problems",1,1,0,1
"Checkout","/checkouts/cn/hWN7NwL3sShXBPsfuW2smMOw/en-us",1,1,0,1
"Checkout","/orders/2600ca0c03aa84dfa82bcc9d5730e0a2",1,1,0,0
"Checkout","/orders/90d3c0c8ed1fb7748a5adc2613a52165",1,1,0,0
"Checkout","/orders/53efda6de4ea96c3161e3ef68e89f80e",1,1,0,0
"Checkout","/checkouts/cn/hWNBWVVPYdscoeMBMlqDlxth/en-us",1,1,1,1
,"/en-mx/products/caine-vintage-plum",1,1,1,0
,"/es-es/products/travis-blanc",1,1,0,0
,"/checkout/21851111488/cn/hWN7wCM6f7hSpPAx382Bd9k2/en-us/shoppay",1,1,0,1
,"/en-mx/products/eastwood-suede-steel-blue",1,1,0,0
,"/es-es/collections/t-shirts",1,1,0,0
,"/en-ie/products/eastwood-needle-cord-plum",1,1,0,0
"Checkout","/orders/ec73a4c5ea1b22d4c5537ecb237c44de",1,1,0,0
"Checkout","/checkouts/cn/hWN7LjxV9qlK9rhoCaJVFFmE/en-us",1,1,0,1
"Checkout","/checkouts/cn/hWN86N3GatExrhiHE8KWXwqA/en-us",1,1,0,1
,"/checkout/21851111488/cn/hWN6qiErNdzPTAc6yZS8SJr0/en-us/shoppay",1,1,0,1
"Checkout","/checkouts/cn/hWNAWYl070fNyIzdk6PdbZic/en-us",1,1,0,1
"Product","/products/cHJlc3Rvbi",1,1,0,0
,"/en-ca/products/eastwood-navy",1,1,0,0
,"/en-mx/products/kobe-short-saint-germain",1,1,0,0
,"/fr-fr/collections/sets",1,1,0,0
,"/en-mx/products/brando-velvet-carbon",1,1,0,0
,"/en-mc/products/brando-parisian-luxe-army",1,1,0,0
,"/en-sg/policies/shipping-policy",1,1,0,0
"Checkout","/checkouts/cn/hWNBRww1PXFOylbMwZa64nNh/en",1,1,0,1
"Checkout","/checkouts/cn/hWN9COdoa2rUVt5h6JoL4hAw/en-us/stock-problems",1,1,0,1
"Checkout","/checkouts/cn/hWNBdVRgBQh9fsyynTHSqmV6/en-us",1,1,0,1
,"/en-cn/collections/deniro-slim-straight-fit",1,1,0,0
,"/en-fr/products/west-coated-noir",1,1,0,0
,"/en-de/collections/sale-2",1,1,0,0
,"/en-sg/collections/straight-leg",1,1,0,0
"Checkout","/checkouts/cn/hWN8WIFzPguEAjoQKT9MJSuQ/en-us",1,1,0,1
,"/en-nz/products/brando-dune",1,1,0,0
,"/en-gb/products/dean-patent-noir",1,1,0,0
,"/en-ca/products/lenny-opera",1,1,0,0
"Checkout","/checkouts/cn/hWNAqVmISDobBKYCA46kptJ3/en/stock-problems",1,1,0,1
"Checkout","/checkouts/cn/hWN8sPdZX7JVpPFWGDbtfnlQ/en-us",1,1,0,1
,"/en-fr/pages/about-us",1,1,0,0
,"/en-ca/collections/coated-1",1,1,0,0
,"/en-kr/collections/sale-bottoms",1,1,0,0
,"/en-au/products/jeter-varsity-suede-carolina",1,1,0,0
,"/en-in/pages/about-us",1,1,0,0
,"/fr-fr/products/travis-blanc",1,1,0,0
,"/en-in/products/cruise-blanc",1,1,0,0
,"/checkout/21851111488/cn/hWN8fmEouoW7jyjoA4iCQGt0/en/shoppay",1,1,0,1
,"/en-tw/products/brando-twilight-needle-cord",1,1,0,0
,"/en-gb/pages/sizing-chart",1,1,0,0
,"/en-sg/products/lenny-opera",1,1,0,0
,"/en-in/products/mfvla1-bleached-indigo",1,1,0,0
"Product","/products/brando-velvet-aberdeen",1,1,0,0
"Checkout","/orders/2f8b4e7ad369abf35de2d76c21e714c5",1,1,0,0
"Checkout","/checkouts/cn/hWN8kW0ZHEF3syT4HzWDiurY/en-us",1,1,0,1
,"/en-sg/products/brando-parisian-luxe-lagoon",1,1,0,0
,"/en-de/products/brando-tinted-indigo",1,1,0,0
"Checkout","/checkouts/cn/hWN8oqapY5qK0g2L7vgSLJbk/en-us",1,1,0,1
,"/en-gb/products/brando-tinted-indigo",1,1,0,0
,"/en-be/products/greyson-velvet-asphalt",1,1,0,0
,"/en-cn/collections/maverick",1,1,0,0
,"/en-sg/pages/editorials",1,1,0,0
"Checkout","/checkouts/cn/hWN9YD6tzpXBckaB6XGPSgML/en-us",1,1,0,1
"Checkout","/checkouts/cn/hWN8eHBlFg8FY4zKQTD3350s/en-us",1,1,0,1
"Checkout","/checkouts/cn/hWN8PX4HxAe9M4uOiqBKhGkM/en-us",1,1,0,1
"Checkout","/orders/13c0deeb6e06071db8583078c93e5fb1",1,1,0,0
,"/en-gb/products/dean-acid-blue",1,1,0,0
,"/en-ch/products/clint-matteo",1,1,0,0
,"/en-nl/collections/brushed-denim",1,1,0,0
,"/en-sg/pages/try-first-pay-later",1,1,0,0
,"/en-de/products/dean-acid-blue",1,1,0,0
,"/en-sg/products/bond-short-navy",1,1,0,0
,"/en-ae/products/greyson-vintage-velvet-carbon",1,1,0,0
,"/en-cn/collections/cooper-shirt",1,1,0,0
"Checkout","/orders/e8540e2701b650c04b21ced39313de29",1,1,0,0
"Checkout","/checkouts/cn/hWNAGAOzUgc4P3YPMFH450cM/en-us/thank-you",1,1,0,0
,"/en-hk/pages/privacy-policy",1,1,0,0
,"/en-kr/collections/lenny-denim",1,1,0,0
,"/en-es/products/dann-teak",1,1,0,0
"Custom Page","/pages/testimonials",1,1,0,0
,"/en-ie/products/bond-shirt-silk-outlaw",1,1,0,0
,"/en-jp/products/greyson-noir",1,1,0,0
"Checkout","/checkouts/cn/hWN7Fid7mTQMRrYWS0svxxfm/en-us",1,1,0,1
,"/en-nz/products/maverick-suede-olive",1,1,0,0
,"/en-kr/collections/denim",1,1,0,0
"Checkout","/checkouts/cn/hWN8g4Q3mBEKf8lG0PtnR3cm/en-us",1,1,0,1
,"/en-at/products/brando-cairo",1,1,0,0
"Checkout","/checkouts/cn/hWN9Ecodg0ZFWj5Dm6HC3qPR/en",1,1,0,1
,"/en-fr/products/preston-nantes",1,1,0,0
,"/en-in/products/lenny-opera",1,1,0,0
,"/en-in/products/brando-velvet-noir-1",1,1,0,0
"Checkout","/orders/746904b1d33b61b92530795336460b00",1,1,0,0
,"/checkout/21851111488/cn/hWNAoHf97wfxrTpXX4UNpsyG/en-us/shoppay",1,1,0,1
,"/collections/new-arriva=",1,1,0,0
,"/en-cn/collections/core-bottoms-copy",1,1,0,0
,"/_web_preview/pages/gdpr-privacy-policy",1,1,0,0
,"/profile",1,1,0,1
,"/checkout/21851111488/cn/hWN8NW0FHuvK7hqBpvUKdHmL/en-us/shoppay",1,1,0,1
"Checkout","/checkouts/cn/hWN89OZ2xK0mgRkVyDT4nyJW/en-us",1,1,1,1
"Checkout","/checkouts/cn/hWNBMmWnr76wR3fIqpmjlYgs/en-us",1,1,0,1
,"/SUBMIT_KLAVIYO(M7jVsT)",1,1,0,0
"Checkout","/orders/5dfd41df09f5b278bf91414ec13b94cd",1,1,0,0
,"/collections/tops)",1,1,0,0
,"/en-nz/products/brando-parisian-luxe-khaki",1,1,0,0
"Product","/collections/greyson-skinny-fit/products/greyson-noir",1,1,0,0
,"/en-sg/policies/privacy-policy",1,1,0,0
"Product","/products/greyson-distressed-prague",1,1,0,0
"Checkout","/checkouts/cn/hWNA5DDicCks132X4FKHRg7m/en-us/thank-you",1,1,0,0
"Checkout","/checkouts/cn/hWNARljsegyZuKpQp6Dkahc1/en",1,1,0,1
,"/en-de/collections/denim",1,1,0,0
,"/en-ch/products/eastwood-velvet-noir-1",1,1,0,0
,"/en-kr/pages/pipeda-privacy-policy",1,1,0,0
"Checkout","/orders/2e81ad7579cc2ed886d8da7b92f4eba3",1,1,0,0
,"/en-jp/products/dean-neddle-cord-noir-sherpa",1,1,0,0
,"/en-cn/pages/avada-sitemap-pages",1,1,0,0
,"/en-ca/collections/knits",1,1,0,0
,"/checkout/21851111488/cn/hWN9LT9cahNchldJvhGfDdSs/en-us/stock-problems",1,1,0,1
"Checkout","/checkouts/cn/hWN9ztMEawIGaqc3ZNe1GZ2f/en-us",1,1,0,1
,"/en-ie/products/preston-coated-noir",1,1,0,0
,"/en-gb/collections/eoysale",1,1,0,0
"Checkout","/checkouts/cn/hWNAxSE2XxzZ3SUNXIvOniMb/en-us/thank-you",1,1,0,0
,"/en-at/products/maverick-suede-cool-grey",1,1,0,0
"Custom Page","/pages/avada-sitemap-pages",1,1,0,0
,"/en-ch/products/caine-espresso",1,1,0,0
"Checkout","/checkouts/cn/hWNABGNaqdQHam9GiVjpN3gu/en-us/thank-you",1,1,0,0
"Checkout","/checkouts/cn/hWN7VVkiSYaNo7yUp4gNIKVG/en-us",1,1,0,1
,"/checkout/21851111488/cn/hWN9Db6pkq0Ow6gOTiy1JHof/en-us/shoppay",1,1,0,1
"Checkout","/checkouts/cn/hWN9tNsMaNus1QHwHBmRfkhu/en-us",1,1,0,1
"Collection","/collections/mens-jeans",1,1,0,0
"Checkout","/orders/12ea48db98703f12cfb5230292d2953d",1,1,0,0
,"/en-cn/collections/klaviyo-discount-eligible",1,1,0,0
,"/en-cn/collections/maverick-bomber",1,1,0,0
,"/en-jp/products/tactical-mocha",1,1,0,0
,"/_web_preview/collections/eligible-2",1,1,0,0
"Checkout","/checkouts/cn/hWN9QoCDQsqmonZ73wOMEz8j/en-us/stock-problems",1,1,1,1
"Checkout","/checkouts/cn/hWN8FEfPb84qOlhmQO2MLenB/en-ca",1,1,0,1
,"/en-sa/products/brando-linen-noir",1,1,0,0
,"/en-ae/products/dann-long-slv-noir",1,1,0,0
,"/en-nz/products/noah-suede-ivory",1,1,0,0
,"/account/change-password",1,1,0,0
,"/en-sa/collections/walker",1,1,0,0
"Checkout","/checkouts/cn/hWNAFnaDOFQVvGYwbAh2nX9O/en-us",1,1,0,1
,"/checkout/21851111488/cn/hWN8i2qndB01fnAmchGH9cOH/en-us/shoppay",1,1,0,1
,"/_web_preview/products/brando-oakland",1,1,0,0
,"/en-gb/collections/all-products",1,1,0,0
"Checkout","/checkouts/cn/hWN7ik88RD7cnItX7rtvlRhp/en-us",1,1,0,1
,"/checkout/21851111488/cn/hWN7X76cHNtvpn3rn8T348KQ/en-us/shoppay",1,1,0,1
,"/en-es/products/dann-twilight",1,1,0,0
"Checkout","/orders/dbeb0d0b716abf9a22a5117ef35c9755",1,1,0,0
,"/en-fr/pages/meetmonfrere-copy-copy",1,1,0,0
"Checkout","/orders/8b1e1acfa6579c77e45455b73aa08eae",1,1,0,0
,"/en-kr/policies/shipping-policy",1,1,0,0
"Checkout","/checkouts/cn/hWNAQNoxBYGVlyl8RcwvxwRO/en-us/thank-you",1,1,0,0
,"/en-jp/pages/contact-us",1,1,0,0
,"/en-kr/collections/sale-2",1,1,0,0
"Custom Page","/pages/seen-on",1,1,0,0
"Checkout","/checkouts/cn/hWN8Z4a8CGwwCggz8bBCGfsg/en-us/stock-problems",1,1,0,1
,"/en-nz/products/brando-linen-aberdeen",1,1,0,0
"Checkout","/orders/308100d5552af376f8419230fe40b793",1,1,0,0
,"/en-ca/products/brando-vail",1,1,0,0
,"/en-in/collections/velvet",1,1,0,0
"Checkout","/checkouts/cn/hWN7Xrb7ry6ekJ6GYRt6vs70/en-us",1,1,1,1
"Checkout","/checkouts/cn/hWNA0sDiVyIJbeiask0HEMhV/en-us",1,1,1,1
,"/en-ca/products/jalen-vintage-leopard",1,1,0,0
,"/en-il/collections/cruise-chino-short",1,1,0,0
,"/en-ca/products/cruise-blanc",1,1,0,0
,"/es-mx/products/dean-suede-noir",1,1,0,0
,"/en-mx/products/dean-noir",1,1,0,0
,"/checkout/21851111488/cn/hWN9u1DD00FrsHvMsfRFbmVU/en-us/shoppay",1,1,0,1
"Checkout","/checkouts/cn/hWN8cef0CiYfcxM8YvubBFMv/en",1,1,0,1
"Checkout","/checkouts/cn/hWNA5GU6HlBTEpj8Y4Ben9gW/en-us",1,1,0,1
,"/checkout/21851111488/cn/hWN9H2DMJx3mivn3XOvi4VIf/en-us/shoppay",1,1,0,1
"Checkout","/orders/a785039e04c22f97bf6d1d01e01499c8",1,1,0,0
"Checkout","/checkouts/cn/hWN8P2xL9YDYcnlda2GIKDJp/en-us",1,1,0,1
"Checkout","/checkouts/cn/hWNBpQW67C02tUaCrTLxymos/en-br/thank-you",1,1,0,0
,"/en-it/products/dann-luxe-gris",1,1,0,0
"Checkout","/orders/cc5d1020b648b6da1fac5fb5c3670784",1,1,0,0
,"/en-mx/collections/new-arrivals-tops",1,1,0,0
,"/en-nz/products/wayne-needle-cord-noir",1,1,0,0
"Checkout","/checkouts/cn/hWN9LuyGgMMM4QifLeOeZtwu/en-us",1,1,0,1
,"/en-sa/products/bond-short-le-club",1,1,0,0
"Checkout","/checkouts/cn/hWN9yKQpuwH6b8HfbIFOOONl/en-us",1,1,1,1
"Checkout","/checkouts/cn/hWN86v894Qoro7llr9xTcFFa/en-us",1,1,0,1
,"/en-at/collections/globofilter-best-selling-products-index",1,1,0,0
,"/_web_preview/collections/eos40",1,1,0,0
,"/en-it/products/maverick-silk-steel-blue",1,1,0,0
,"/en-sg/collections/ready-to-wear",1,1,0,0
"Checkout","/checkouts/cn/hWNBZG9BaSE4IzKG9nJk9qY4/en-us",1,1,1,1
"Product","/products/preston-malachite",1,1,0,0
,"/checkout/21851111488/cn/hWN9CkfjKCKnjquMEZGLt1NQ/en-us/shoppay",1,1,0,1
,"/en-au/collections/brushed-denim",1,1,0,0
"Checkout","/orders/b1a37ab0ef1ae5940028d754977940ec",1,1,0,0
,"/en-kr/products/brando-dune",1,1,0,0
"Checkout","/checkouts/cn/hWN8rU3fM9AO9os8E8dg265A/en-us",1,1,0,1
,"/fr-fr/collections/collection",1,1,0,0
"Product","/products/products",1,1,0,0
,"/en-tw/products/justin-sandstorm",1,1,0,0
,"/en-de/products/cooper-coated-noir",1,1,0,0
,"/en-ch/products/dann-sage-stripe",1,1,0,0
,"/en-sa/products/greyson-dubai",1,1,0,0
"Checkout","/checkouts/cn/hWNBM8qjFlDxDFyNju1WQFLV/en-us",1,1,0,1
"Checkout","/orders/38f160d050a79afadeb0856f89e49265",1,1,0,0
,"/en-ie/products/eastwood-smokescreen",1,1,0,0
,"/en-jp/products/greyson-coated-noir",1,1,0,0
,"/en-ca/products/brando-vintage-blanc-1",1,1,0,0
,"/en-in/products/brando-parisian-luxe-light-grey",1,1,0,0
"Checkout","/checkouts/cn/hWN9mmLOdRp3H9otjuLiKyrx/en",1,1,0,1
,"/checkout/21851111488/cn/hWNAJPhZoxAqrjmQjhrRPXOc/en-us/shoppay_login",1,1,0,1
,"/en-ie/products/clint-vintage-blanc",1,1,0,0
,"/en-nz/products/clint-coated-noir",1,1,0,0
,"/en-kr/products/brando-short-mineral-green",1,1,0,0
"Checkout","/checkouts/cn/hWNAqOqKOsc6kz0zRUqf2DNx/en/stock-problems",1,1,0,1
"Checkout","/checkouts/cn/hWN7aTl7aEhSN8VuqY6TC0zI/en-us",1,1,0,1
"Checkout","/checkouts/cn/hWN96KdfDQtlHrJLY1H15PEu/en-us",1,1,0,1
,"/en-it/pages/privacy-policy",1,1,0,0
,"/es-es/products/brando-tinted-indigo",1,1,0,0
,"/en-gb/pages/about",1,1,0,0
,"/en-in/products/caine-acid-carbon",1,1,0,0
,"/en-kr/pages/sizing-chart",1,1,0,0
,"/en-se/products/jalen-vintage-leopard",1,1,0,0
"Checkout","/checkouts/cn/hWNA7yHWQItND4lmPLwuATac/en-us",1,1,1,1
,"/en-ch/products/dann-relaxed-t-noir",1,1,0,0
"Checkout","/checkouts/cn/hWN7VF9VjFmYVHuBYtPZGQHh/en/stock-problems",1,1,0,1
,"/en-kr/collections/spring-summer",1,1,0,0
,"/en-cn/collections/cruise-tencel-twill",1,1,0,0
,"/en-nl/products/brando-noir",1,1,0,0
,"/en-es/collections/dann",1,1,0,0
,"/en-de/collections/shorts-1",1,1,1,1
"Checkout","/orders/455945ab0aac4625af197d6bc0e97682",1,1,1,0
,"/en-ae/products/ryder-sequin-noir",1,1,0,0
,"/checkout/21851111488/cn/hWN80TKZQzrSMXrVJOM0hXbc/en-us/shoppay",1,1,0,1
,"/en-jp/collections/t-shirts",1,1,0,0
"Checkout","/checkouts/cn/hWNA78LaLNSkhnRZOWXEfKkL/en-us",1,1,0,1
,"/en-mx/collections/skinny",1,1,0,0
"Checkout","/orders/db14368a730199d47c96f84fa7bf73c2",1,1,0,0
,"/en-ca/products/brando-coral",1,1,0,0
"Checkout","/checkouts/cn/hWN7OcbB3TtsLiPI7jo2K6vS/en-us",1,1,0,1
,"/en-gb/products/tactical-mocha",1,1,0,0
,"/en-cn/products/8779329634554",1,1,0,0
,"/en-it/products/greyson-laguna",1,1,0,0
,"/en-gb/products/eastwood-steel",1,1,0,0
,"/en-gb/collections/slim",1,1,0,0
,"/es-mx/cart",1,1,0,0
,"/en-ie/products/hendrix-calabasas",1,1,0,0
"Checkout","/checkouts/cn/hWN83Lj538EZo3tXj3CfqPOT/en",1,1,0,1
,"/en-gb/products/caine-acid-carbon",1,1,0,0
,"/en-lb",1,1,0,0
"Checkout","/checkouts/cn/hWNBn7sz0WQ5tsdXYqv7EcV7/en",1,1,0,1
"Checkout","/checkouts/cn/hWN9dncKOsT9hld065KN3e9Y/en-us",1,1,0,1
"Checkout","/orders/b44d030aa3bed6bcdb1cf4a9c47fb0ef",1,1,0,0
,"/en-mx/products/caine-espresso",1,1,0,0
,"/en-mx/pages/shipping-returns",1,1,0,0
,"/en-nz/products/eastwood-velvet-noir-1",1,1,0,0
"Checkout","/checkouts/cn/hWNAQDtXuvOQsHZIq8Au4uX3/en-us/thank-you",1,1,0,0
,"/checkout/21851111488/cn/hWN9p4ETv0QrBsIIlKKp76Wn/en-us/shoppay_login",1,1,0,1
,"/en-de/pages/govx-id-military-discount",1,1,0,0
,"/en-cn/policies/shipping-policy",1,1,0,0
"Product","/collections/denim/products/greyson-skyfall",1,1,0,0
,"/en-gb/products/jalen-vintage-leopard",1,1,0,0
,"/en-sg/collections/preston",1,1,0,0
,"/en-no/products/eastwood-navy",1,1,0,0
,"/en-il/pages/privacy-policy",1,1,0,0
,"/en-ae/products/dann-long-ribbed-noir",1,1,0,0
,"/en-nl/collections/new-arrivals-tops",1,1,0,0
"Product","/products/dean-jacket-velvet-gold",1,1,0,0
,"/en-nz/products/brando-blanc",1,1,0,0
,"/en-tw/products/dean-neddle-cord-noir-sherpa",1,1,0,0
,"/en-tw/products/brando-blanc",1,1,0,0
"Checkout","/checkouts/cn/hWN8p55RJ9cPPSNadgV6EWA5/en-us/thank-you",1,1,0,0
,"/en-ie/products/cruise-coral",1,1,0,0
,"/en-it/products/dann-noir-stripe-1",1,1,0,0
"Checkout","/checkouts/cn/hWN77BtLdzKUr3twK4h1fRD7/en",1,1,0,1
"Checkout","/checkouts/cn/hWN8sni2ukPPzMEV1Y2kSDXF/en",1,1,0,1
,"/en-sg/collections/brando-denim",1,1,0,0
,"/MARCIO77916",1,1,0,0
,"/en-in/collections/bottoms",1,1,0,0
,"/en-kr/products/dann-luxe-almond",1,1,0,0
"Checkout","/checkouts/cn/hWN8ONSaDOuBpxcpuYBDh7Q3/en-za",1,1,0,0
,"/en-cn/collections/trooper",1,1,0,0
,"/en-de/collections/deniro-slim-straight-fit",1,1,0,0
"Checkout","/checkouts/cn/hWN7QDUFvlbKzapsvmFzPrIg/en-us",1,1,0,1
,"/en-sg/collections/brushed-denim",1,1,0,0
"Checkout","/checkouts/cn/hWN8EM7N8Xt8RJDbY1wMEqsj/en-us",1,1,1,1
"Checkout","/orders/e5bc7860939c9cb1ecf0af3b9e98357a",1,1,0,0
"Product","/collections/sale-bottoms/products/greyson-memphis",1,1,0,0
,"/en-jp/products/dann-shirt-blanc",1,1,0,0
,"/fr-fr/collections/cargo-pant",1,1,0,0
,"/en-cn/products/8779330224378",1,1,0,0
"Checkout","/checkouts/ac/hWNBRRcQNSq8dO1VPm5zf6ZE/en-us",1,1,0,0
,"/en-sg/products/travis-light-grey",1,1,0,0
"Checkout","/orders/0d7ca2ce6ee1b5e253dec6222f3a0fc9",1,1,0,0
,"/en-no/collections/sale-bottoms",1,1,0,0
,"/en-sg/products/brando-linen-jade",1,1,0,0
,"/checkout/21851111488/cn/hWN8VwkEHzyy6DD3Z3ZUefOE/en-us/shoppay",1,1,0,1
,"/en-sg/collections/summer-sale",1,1,0,0
"Checkout","/checkouts/cn/hWN9EcjGdpEHaBVKWgloRMa9/en",1,1,0,1
,"/checkout/21851111488/cn/hWN7droYayU9CcHfBplcqd1E/en-us/shoppay",1,1,0,1
,"/checkout/21851111488/cn/hWN8gfXiqmsWWaAaJq6M3tCy/en-us/shoppay",1,1,0,1
,"/en-cn/collections/dann-relaxed",1,1,0,0
,"/en-ae/collections/sale-tops",1,1,0,0
"Checkout","/checkouts/cn/hWNBPOEyMdcGPl6hyn2JcfYe/en-us/thank-you",1,1,0,0
"Checkout","/checkouts/cn/hWN7gvz3qmH6LADLchMmJbT0/en-us",1,1,0,1
,"/checkout/21851111488/cn/hWN8oqapY5qK0g2L7vgSLJbk/en-us/shoppay",1,1,0,1
,"/apps/redo/returns-portal/returns/6887b5dafbb8db1f71f8abce",1,1,0,0
,"/en-sg/collections/bootcut",1,1,0,0
"Checkout","/orders/7527c438fb0319a83c95be84708b5017",1,1,0,0
,"/checkout/21851111488/cn/hWN5yjIrC3ePz9cJ5qfeMmry/en-us/shoppay",1,1,0,0
,"/checkout/21851111488/cn/hWN8aXFdqFvtVFb1CZ0BLOr4/en-us/shoppay",1,1,0,1
,"/es-es/products/brando-parisian-luxe-navy",1,1,0,0
,"/en-in/policies/contact-information",1,1,0,0
,"/checkout/21851111488/cn/hWN7AazPKl3MU8ylNjtbtsNW/en-us/shoppay",1,1,0,1
,"/collections/new-arrivals-1)",1,1,0,0
,"/en-au/products/brando-velvet-carbon",1,1,0,0
"Checkout","/checkouts/cn/hWN8fSUWA9WuA1Zxvkr38IMM/en-us",1,1,0,1
"Checkout","/checkouts/cn/hWN7ik88RD7cnItX7rtvlRhp/en-us/",1,1,0,1
,"/ja-jp/collections/west-coated",1,1,0,0
,"/en-sg/pages/cart-upsell",1,1,0,0
"Checkout","/checkouts/cn/hWNAknQjwVacq1AE7TbupIFF/en-us",1,1,0,1
"Checkout","/checkouts/cn/hWN9Exr2dAb9BjlMJrn8lfZx/en-us",1,1,0,1
,"/en-au/collections/parisian-luxe",1,1,0,0
,"/en-cn/products/8779329569018",1,1,0,0
,"/en-sg/collections/dean",1,1,0,0
,"/en-ca/collections/straight-leg",1,1,0,0
,"/en-in/products/eastwood-tartan",1,1,0,0
,"/en-nz/products/dann-long-slv-vintage-blanc",1,1,0,0
,"/en-fr/collections/new-arrivals-1",1,1,0,0
,"/en-sg/collections/klaviyo-discount-eligible",1,1,0,0
,"/en-mx/products/maverick-silk-steel-blue",1,1,0,0
"Checkout","/checkouts/cn/hWN9WMpY3lSNY1ikKRwtORI9/en-us",1,1,0,1
,"/en-in/products/dann-noir-stripe",1,1,0,0
,"/_web_preview/pages/subscribe",1,1,0,0
"Checkout","/checkouts/cn/hWN7JG6Tk3HsrsUkxMuV9Zqr/en",1,1,0,1
"Checkout","/checkouts/cn/hWNA0j1toOR0G8y5oARLAu8I/en-us",1,1,1,1
,"/en-ae/products/bond-shirt-light-grey",1,1,0,0
,"/es-es/products/dann-teak",1,1,0,0
,"/en-au/collections/shorts-1",1,1,0,0
,"/en-ca/products/brando-indigo-1",1,1,0,0
"Product","/products/greyson-velvet-stirling",1,1,0,0
,"/en-cn/products/dann-luxe-gris",1,1,0,0
,"/en-de/collections/sateen",1,1,0,0
,"/en-se/collections/new-arrivals-1",1,1,0,0
,"/checkout/21851111488/cn/hWNA38prSfkyaV51k9qXOfDd/en-us/shoppay",1,1,0,1
,"/en-mx/products/ryder-sequin-noir",1,1,0,0
"Checkout","/checkouts/cn/hWN8u2VdJYxiT9M5ZD7UgI5Q/en-us",1,1,0,1
,"/en-ae/pages/meetmonfrere",1,1,0,0
,"/en-ie/collections/parisian-luxe",1,1,0,0
"Product","/products/br=",1,1,0,0
"Checkout","/checkouts/cn/hWN8k5pHtWeLcqX3CZQqJQtc/en-us",1,1,0,1
"Checkout","/checkouts/cn/hWN83Li4pzKg7oF97LBoFWxl/en",1,1,0,1
"Product","/products/greyson-london",1,1,0,0
,"/en-ca/products/brando-french-terry-matter",1,1,0,0
"Checkout","/checkouts/cn/hWNAI8EO0aehozlZvUNrKwU6/en-us",1,1,0,1
"Checkout","/checkouts/cn/hWN7OYFJ36A0SXpdKVEZbe5a/en-us",1,1,0,1
"Checkout","/checkouts/cn/hWN8ijm54sCJn4rkVb65hhUP/en",1,1,0,1
,"/en-cn/collections/tactical",1,1,0,0
"Checkout","/checkouts/cn/hWN93wEOx9Dg99mr1XT5Z6R7/en",1,1,0,1
,"/en-sg/collections/cargo-pant",1,1,0,0
,"/en-tw/products/bond-short-light-grey",1,1,0,0
,"/en-it/products/travis-light-grey",1,1,0,0
,"/en-fr/pages/thank-you",1,1,0,0
,"/checkout/21851111488/cn/hWN7M0kFyMUQVixUaxoHxgqA/en-us/shoppay",1,1,0,1
,"/en-no/products/mfvla1-leather-noir",1,1,0,0
,"/en-cn/pages/cart-upsell",1,1,0,0
"Checkout","/checkouts/cn/hWNA2JTUDtlbH8xrx2hFF5O6/en-us/thank-you",1,1,0,0
,"/en-sg/products/brando-jade",1,1,0,0
,"/en-hk/products/deniro-oxford",1,1,0,0
,"/en-mc/products/mfvla1-short-indigo",1,1,0,0
,"/en-gb/products/jeter-varsity-suede-carolina",1,1,0,0
,"/en-il/products/maverick-suede-olive",1,1,0,0
,"/en-au/pages/about-us",1,1,0,0
"Checkout","/orders/f089e0a3e9b7b2dde0f673566473103c",1,1,0,0
"Checkout","/checkouts/cn/hWN86sEKgzqrEuB6WyLjS3yU/en-us",1,1,0,1
,"/checkout/21851111488/cn/hWNBL5NNXT0zPbtYuhjDN9NQ/en-us/shoppay",1,1,0,0
,"/en-nz/pages/gdpr-privacy-policy",1,1,0,0
,"/checkout/21851111488/cn/hWN8pfubFsQ3r5WY0V1RSWCm/en-us/shoppay",1,1,0,1
"Checkout","/checkouts/cn/hWN9QoDGIEsBeh5DfXgnhBZg/en-us/stock-problems",1,1,1,1
,"/en-nz/products/dean-suede-noir",1,1,0,0
"Custom Page","/pages/shop-instagram",1,1,0,0
"Checkout","/checkouts/cn/hWN77BrdEEfPPDVeRDtMxPc1/en",1,1,0,1
"Checkout","/checkouts/cn/hWN7IsFLOIL3h9aZHbUvGro2/en-us",1,1,0,1
"Checkout","/orders/6b5a486d21d6ef494b002da715adefde",1,1,0,0
,"/en-jp/pages/privacy-policy",1,1,0,0
"Checkout","/checkouts/cn/hWNAsYZHAlwxEBHsJC0uhHPE/en-us",1,1,0,1
"Checkout","/checkouts/cn/hWN822tWKNgEDoQC5TNcMzpg/en/thank-you",1,1,0,0
,"/en-kr/products/greyson-velvet-teak",1,1,0,0
,"/en-sg/products/brando-mineral-green",1,1,0,0
,"/en-mx/products/clint-light-indigo",1,1,0,0
,"/checkout/21851111488/cn/hWN9mfilfaJxjCmF8oAON47u/en-us/shoppay",1,1,0,1
"Checkout","/orders/83559357ea3eccbcb0b29f9dbd44f8e3",1,1,0,0
,"/en-hr/collections/shorts-1",1,1,0,0
"Checkout","/checkouts/cn/hWNBGCFJc9l7FSgYi5pgvyQE/en-us",1,1,1,1
,"/en-au/collections/eoysale",1,1,0,0
,"/en-at/products/brando-linen-noir",1,1,0,0
"Product","/products/dean-butter-suede-noir",1,1,0,0
"Checkout","/checkouts/cn/hWN7ZFRKhGbva6JZMhHS4WDY/en-us",1,1,0,1
,"/en-sg/account/activate-request",1,1,0,0
"Checkout","/orders/1ece6df9478b5ca92569b6df9a0810a7",1,1,0,0
"Checkout","/orders/726b84b6ce1ca388f3435cc413f3ea06",1,1,0,0
,"/en-sg/products/brando-parisian-luxe-light-grey",1,1,0,0
,"/he-il/products/cruise-linen-sage",1,1,0,0
,"/en-in/products/brando-ink",1,1,0,0
,"/en-fr/collections/new-arrivals-bottoms",1,1,0,0
,"/en-cn/products/4441476431936",1,1,0,0
"Checkout","/checkouts/cn/hWN7ITDJZA1tAGhOhpGZ1BYo/en/thank-you",1,1,0,0
,"/en-ae/collections/bond-shirt",1,1,0,0
,"/es-es/products/brando-ink",1,1,0,0
,"/es-es/products/brando-parisian-luxe-khaki",1,1,0,0
"Checkout","/orders/7d8b3517bf0c377a6a72b8c7a61016c8",1,1,0,0
,"/en-sg/collections/clint-denim",1,1,0,0
,"/en-ca/policies/refund-policy",1,1,0,0
,"/en-in/pages/about-us%20OR%20https:/monfrere-fashion.myshopify.com/pages/contact%20OR%20similar%20if%20exists",1,1,0,0
"Checkout","/checkouts/cn/hWN9QoEQVcp9ytjJ3cQRpoMK/en-us/stock-problems",1,1,1,1
,"/en-kr/collections/eoysale",1,1,0,0
"Checkout","/orders/cdf941ad8d3f7b00535caa64ecf916c2",1,1,0,0
,"/en-cn/pages/try-first-pay-later",1,1,0,0
,"/en-sa/products/jayden-sarcelle",1,1,0,0
,"/checkout/21851111488/cn/hWN9hq8W48d7K3d9GARZokR0/en-us/shoppay",1,1,0,1
,"/en-lb/collections/viscose",1,1,0,0
,"/en-in/products/brando-jade",1,1,0,0
,"/en-cn/collections/home-page",1,1,0,0
"Checkout","/checkouts/cn/hWN9QoCxOyCDFphuaR3tW0Xw/en-us/stock-problems",1,1,1,1
,"/en-nz/products/bond-shirt-silk-ivory",1,1,0,0
"Checkout","/checkouts/cn/hWNA9jfBUbgquFJdH4aTPiDg/en-us",1,1,0,1
,"/en-ca/products/tactical-needle-cord-noir",1,1,0,0
,"/en-at/collections/sateen",1,1,0,0
,"/en-ae/products/maverick-suede-cool-grey",1,1,0,0
,"/checkout/21851111488/cn/hWN96nI3zbtTczxHUFFIs8u8/en-us/shoppay",1,1,1,1
"Checkout","/checkouts/cn/hWN8YQtW5bbYq6JxX6cdnENF/en",1,1,0,1
"Checkout","/checkouts/cn/hWN7e7DWIjYX8ZTSg6gtqrbe/en-us",1,1,0,1
"Checkout","/checkouts/cn/hWNAcgG911W7ajr5K4gtv5AP/en-us",1,1,1,1
,"/en-sg/collections/maverick-bomber",1,1,0,0
,"/en-no/products/caine-acid-carbon",1,1,0,0
,"/en-hr/products/brando-parisian-luxe-faded-blue",1,1,0,0
,"/en-mx/products/brando-hollywood",1,1,0,0
"Checkout","/checkouts/cn/hWN7MEsrFTd9mfQX8Vx4m838/en-us",1,1,0,1
"Checkout","/checkouts/cn/hWN8UvzGQrEkw1zCVzaNvEK9/en-us",1,1,1,1
"Checkout","/orders/9593019d1b371438ed19a54252ce6eff",1,1,0,0
,"/en-cn/collections/24-denim",1,1,0,0
,"/en-ca/products/maverick-suede-noir",1,1,0,0
"Checkout","/checkouts/cn/hWNAjZxIQZ0GZAHNESZBXW0w/en-us",1,1,1,1
,"/_web_preview/products/dann-shirt-noir",1,1,0,0
"Checkout","/checkouts/cn/hWNAdBm9nL6nvPlqLYhaf1QP/en/stock-problems",1,1,0,1
"Checkout","/checkouts/cn/hWN7wdxfPkcinmigTEHsY13K/en-np/stock-problems",1,1,0,1
"Collection","/collections/dann-relaxed",1,1,0,0
,"/en-sg/products/caine-acid-carbon",1,1,0,0
,"/checkout/21851111488/cn/hWN7XGXUUEWhRqk3vOKhqkPi/en-us/shoppay",1,1,0,1
,"/en-ch/collections/ready-to-wear",1,1,0,0
,"/en-sg/account/create",1,1,0,0
"Checkout","/checkouts/cn/hWN7pM2M9SXYopkiGMcyyUC2/en-us",1,1,0,1
,"/checkout/21851111488/cn/hWN9jofeOVkiOUlNDRLpcGwL/en-us/shoppay",1,1,0,1
,"/en-ca/pages/editorials",1,1,0,0
"Checkout","/checkouts/cn/hWN8qvVCPOgvrm41mGM8zbRC/en-us",1,1,0,1
"Checkout","/orders/99868f8ef87a65827e651f3e9090f4e9",1,1,0,0
,"/en-au/products/maverick-suede-noir",1,1,0,0
"Checkout","/checkouts/cn/hWNALkocNOZC9JYfWO7R1zHe/en-us",1,1,0,1
"Checkout","/orders/138cce9cd2ad0ad7ac2e9b1d939da81f",1,1,0,0
"Checkout","/checkouts/cn/hWN8YQxhVSnc5iRSUr8VE9bd/en",1,1,0,1
"Custom Page","/pages/returns-and-exchanges",1,1,0,0
,"/en-nz/products/dann-sage-stripe",1,1,0,0
,"/en-de/products/greyson-coated-noir",1,1,0,0
"Checkout","/checkouts/cn/hWN7J0kMmJhtvVhcB8Bvkbg2/en-us",1,1,0,1
,"/checkout/21851111488/cn/hWN9hXsFxniquIWPdi67Bcpt/en-us/shoppay",1,1,1,1
,"/fr-fr/pages/contact-us",1,1,0,0
,"/en-sg/collections/in-stock-bestsellers",1,1,0,0
,"/en-it/collections/greyson-skinny-fit",1,1,0,0
,"/en-ae/products/brando-parisian-luxe-lagoon",1,1,0,0
,"/en-cn/collections/jackets/Jacket",1,1,0,0
,"/en-in/products/deniro-linen-mint",1,1,0,0
"Checkout","/checkouts/cn/hWN777xjaZ5Ntcd3PbgxiygM/en-us",1,1,0,1
,"/en-jp/products/brando-noir",1,1,0,0
"Checkout","/checkouts/cn/hWN7OINzDta9OEX6l22dlNC6/en-us",1,1,0,1
,"/en-sg/collections/pierce",1,1,0,0
"Checkout","/checkouts/cn/hWN95zdnLvbU5OvpMbJnSiwr/en-us/thank-you",1,1,0,0
,"/cart.js",1,1,0,0
,"/checkout/21851111488/cn/hWNAFjsYt9KmbYHtx10Zya5i/en-us/shoppay",1,1,0,1
"Checkout","/checkouts/cn/hWN9l5L6I0uedaKRAdSsyKKS/en-pk",1,1,1,1
,"/en-es/products/maverick-silk-steel-blue",1,1,0,0
"Checkout","/checkouts/cn/hWN7byDtCCU3sHQ1MoxNw4gC/en-us",1,1,0,1
"Checkout","/orders/7dc0a8d59afb5346f9b19c8e4c9efbdc",1,1,0,0
"Checkout","/checkouts/cn/hWN9tQ3W0Y1M5S3Rz213flIY/en-us",1,1,0,1
,"/en-se/products/maverick-silk-steel-blue",1,1,0,0
,"/en-sg/pages/terms-and-conditions",1,1,0,0
,"/en-fr/account/login",1,1,0,0
"Checkout","/checkouts/cn/hWNA5RhkCYT1q0MOOKw3QLIo/en-us",1,1,0,1
,"/en-mx/products/greyson-vintage-blanc",1,1,0,0
,"/en-hk/pages/terms-of-service",1,1,0,0
"Checkout","/checkouts/cn/hWN9QoCpzhXE50msMljqLW3M/en-us/stock-problems",1,1,1,1
,"/en-ae/cart",1,1,0,0
,"/checkout/21851111488/cn/hWN7Q4IxfsGVix5H7gsHGixu/en-us/shoppay",1,1,0,1
"Checkout","/orders/1baa9484dbecaaec363f14bc31e54315",1,1,0,0
"Checkout","/checkouts/cn/hWN9QoDH5KkkF2DTYQfDCads/en-us/stock-problems",1,1,1,1
"Checkout","/orders/6818545139962",1,1,0,0
,"/en-cn/products/9010346230010",1,1,0,0
,"/en-au/products/greyson-vintage-velvet-carbon",1,1,0,0
,"/en-ae/collections/ss25-b",1,1,0,0
,"/en-be/collections/%7B%7B%20article.url%20%7D%7D",1,1,0,0
,"/en-nl/collections/all-products",1,1,0,0
,"/checkout/21851111488/cn/hWN7Bybdz6xr5RjE6mb5NyGw/en-us/shoppay",1,1,0,1
,"/he-il/products/dean-distressed-vintage-blanc",1,1,0,0
,"/en-sa/products/clint-matteo",1,1,0,0
"Checkout","/checkouts/cn/hWN9Ww18SmRyeTVn7VYRatN5/en-pl",1,1,0,1
,"/_web_preview/pages/about",1,1,0,0
"Checkout","/checkouts/cn/hWN7sqYeQXQNI4Ec64OILrqT/en",1,1,0,1
"Product","/products/caine-perle",1,1,0,0
,"/en-ca/collections/mfvla",1,1,0,0
